run_id,opening_index,candidate_colour,game_ply,mover,san,uci,time_before_s,thinking_s,clock_after_s,completed_depth,search_nodes,score_from_mover_cp,search_target_ms
20260904T225631Z-b66b297d,160,white,0,Storm v4,d4,d3d4,120.0,5.425439,115.074561,14,5410685,54,3409
20260904T225631Z-b66b297d,160,white,1,v3,d5,d6d5,120.0,5.232132,115.267868,,,,
20260904T225631Z-b66b297d,160,white,2,Storm v4,Nf3,g1f3,115.074,2.621223,112.952777,14,2721083,46,2730
20260904T225631Z-b66b297d,160,white,3,v3,Nf6,g8f6,115.267,3.2969470000000003,112.470053,,,,
20260904T225631Z-b66b297d,160,white,4,Storm v4,e3,e2e3,112.953,1.989365,111.463635,14,2024063,58,2690
20260904T225631Z-b66b297d,160,white,5,v3,Nc6,b8c6,112.47,5.843259,107.126741,,,,
20260904T225631Z-b66b297d,160,white,6,Storm v4,b3,b2b3,111.463,1.8886679999999998,110.074332,15,1849951,59,2605
20260904T225631Z-b66b297d,160,white,7,v3,cxb3,c4b3,107.127,4.3764970000000005,103.250503,,,,
20260904T225631Z-b66b297d,160,white,8,Storm v4,axb3,a2b3,110.075,1.8640219999999998,108.710978,15,1833485,54,2601
20260904T225631Z-b66b297d,160,white,9,v3,e6,e7e6,103.25,4.980771,98.76922900000001,,,,
20260904T225631Z-b66b297d,160,white,10,Storm v4,b4,b3b4,108.71,2.7800610000000003,106.429939,15,2610036,52,2597
20260904T225631Z-b66b297d,160,white,11,v3,Bd6,f8d6,98.77,4.375377,94.894623,,,,
20260904T225631Z-b66b297d,160,white,12,Storm v4,Bxd6,f4d6,106.43,1.981568,104.948432,15,1913550,58,2573
20260904T225631Z-b66b297d,160,white,13,v3,Qxd6,d8d6,94.894,4.451579,90.942421,,,,
20260904T225631Z-b66b297d,160,white,14,Storm v4,b5,b4b5,104.949,2.000667,103.448333,15,1973498,62,2686
20260904T225631Z-b66b297d,160,white,15,v3,Ne7,c6e7,90.943,4.10297,87.34003,,,,
20260904T225631Z-b66b297d,160,white,16,Storm v4,c4,c3c4,103.448,4.667489,99.280511,15,4112533,61,6294
20260904T225631Z-b66b297d,160,white,17,v3,O-O,e8g8,87.34,4.797097,83.04290300000001,,,,
20260904T225631Z-b66b297d,160,white,18,Storm v4,c5,c4c5,99.28,3.275048,96.504952,15,2972793,54,2583
20260904T225631Z-b66b297d,160,white,19,v3,Qc7,d6c7,83.042,3.763265,79.778735,,,,
20260904T225631Z-b66b297d,160,white,20,Storm v4,Bd3,f1d3,96.505,1.729611,95.27538899999999,14,1640928,57,2576
20260904T225631Z-b66b297d,160,white,21,v3,Bd7,c8d7,79.779,3.5415360000000002,76.737464,,,,
20260904T225631Z-b66b297d,160,white,22,Storm v4,O-O,e1g1,95.276,2.088013,93.68798699999999,14,1980586,62,2543
20260904T225631Z-b66b297d,160,white,23,v3,Ng6,e7g6,76.737,3.739837,73.497163,,,,
20260904T225631Z-b66b297d,160,white,24,Storm v4,Nc3,b1c3,93.688,2.56189,91.62611,15,2374861,66,2579
20260904T225631Z-b66b297d,160,white,25,v3,Ne4,f6e4,73.498,3.536114,70.46188599999999,,,,
20260904T225631Z-b66b297d,160,white,26,Storm v4,Qc2,d1c2,91.626,2.234779,89.891221,15,1997369,70,2534
20260904T225631Z-b66b297d,160,white,27,v3,h6,h7h6,70.461,3.812019,67.148981,,,,
20260904T225631Z-b66b297d,160,white,28,Storm v4,h3,h2h3,89.891,6.120929,84.270071,15,5658061,62,3850
20260904T225631Z-b66b297d,160,white,29,v3,Qd8,c7d8,67.149,2.591619,65.057381,,,,
20260904T225631Z-b66b297d,160,white,30,Storm v4,c6,c5c6,84.27,2.767203,82.002797,16,2814199,75,2574
20260904T225631Z-b66b297d,160,white,31,v3,bxc6,b7c6,65.058,3.0604989999999996,62.49750100000001,,,,
20260904T225631Z-b66b297d,160,white,32,Storm v4,bxc6,b5c6,82.003,2.064824,80.43817600000001,16,1876622,80,2373
20260904T225631Z-b66b297d,160,white,33,v3,Be8,d7e8,62.497,3.372716,59.624284,,,,
20260904T225631Z-b66b297d,160,white,34,Storm v4,Ra6,a1a6,80.438,2.405917,78.532083,15,2399016,81,2342
20260904T225631Z-b66b297d,160,white,35,v3,Nxc3,e4c3,59.624,3.2528319999999997,56.871168,,,,
20260904T225631Z-b66b297d,160,white,36,Storm v4,Qxc3,c2c3,78.532,1.718235,77.313765,15,1637378,93,2392
20260904T225631Z-b66b297d,160,white,37,v3,Rc8,a8c8,56.871,3.200179,54.170821,,,,
20260904T225631Z-b66b297d,160,white,38,Storm v4,Bb5,d3b5,77.313,2.418798,75.394202,15,2432425,93,2410
20260904T225631Z-b66b297d,160,white,39,v3,Qc7,d8c7,54.171,2.223651,52.447349,,,,
20260904T225631Z-b66b297d,160,white,40,Storm v4,Rfa1,f1a1,75.395,3.349589,72.54541099999999,16,3111365,101,2410
20260904T225631Z-b66b297d,160,white,41,v3,Rf7,f8f7,52.448,2.588536,50.359464,,,,
20260904T225631Z-b66b297d,160,white,42,Storm v4,h4,h3h4,72.545,2.656726,70.38827400000001,16,2655414,110,2407
20260904T225631Z-b66b297d,160,white,43,v3,h5,h6h5,50.359,1.5193510000000001,49.339648999999994,,,,
20260904T225631Z-b66b297d,160,white,44,Storm v4,Ng5,f3g5,70.388,2.7524499999999996,68.13555000000001,17,2717449,192,2411
20260904T225631Z-b66b297d,160,white,45,v3,Re7,f7e7,49.34,1.739693,48.100307,,,,
20260904T225631Z-b66b297d,160,white,46,Storm v4,Rxa7,a6a7,68.136,3.5337289999999997,65.102271,19,3533431,214,3799
20260904T225631Z-b66b297d,160,white,47,v3,Qb6,c7b6,48.1,2.307328,46.292671999999996,,,,
20260904T225631Z-b66b297d,160,white,48,Storm v4,Ra8,a7a8,65.102,6.634939,58.967061,20,6219504,303,2204
20260904T225631Z-b66b297d,160,white,49,v3,Qd8,b6d8,46.292,1.511182,45.280818,,,,
20260904T225631Z-b66b297d,160,white,50,Storm v4,Qa5,c3a5,58.967,1.971873,57.495127000000004,20,2072622,422,2582
20260904T225631Z-b66b297d,160,white,51,v3,Qxa5,d8a5,45.281,1.5809490000000002,44.200051,,,,
20260904T225631Z-b66b297d,160,white,52,Storm v4,R1xa5,a1a5,57.495,2.415488,55.579512,21,2529761,454,2308
20260904T225631Z-b66b297d,160,white,53,v3,Rec7,e7c7,44.2,1.600506,43.099494,,,,
20260904T225631Z-b66b297d,160,white,54,Storm v4,Nxe6,g5e6,55.579,2.899556,53.179444000000004,21,3064621,451,2542
20260904T225631Z-b66b297d,160,white,55,v3,Bxc6,e8c6,43.1,1.73258,41.867419999999996,,,,
20260904T225631Z-b66b297d,160,white,56,Storm v4,Nxc7,e6c7,53.18,11.947861999999999,41.732138,21,11754560,472,2479
20260904T225631Z-b66b297d,160,white,57,v3,Bxa8,c6a8,41.867,1.9301,40.4369,,,,
20260904T225631Z-b66b297d,160,white,58,Storm v4,Nxa8,c7a8,41.732,8.05388,34.17812,21,8109230,479,2349
20260904T225631Z-b66b297d,160,white,59,v3,Rc1+,c8c1,40.437,2.182368,38.754632,,,,
20260904T225631Z-b66b297d,160,white,60,Storm v4,Kh2,g1h2,34.178,10.985303,23.692697,18,10816512,479,2217
20260904T225631Z-b66b297d,160,white,61,v3,f4,f5f4,38.754,2.1470369999999996,37.106963,,,,
20260904T225631Z-b66b297d,160,white,62,Storm v4,Nb6,a8b6,23.693,1.082377,23.110623,14,1060856,462,1502
20260904T225631Z-b66b297d,160,white,63,v3,fxe3,f4e3,37.107,1.8305250000000002,35.776475,,,,
20260904T225631Z-b66b297d,160,white,64,Storm v4,fxe3,f2e3,23.11,1.113538,22.496462,14,1049554,482,1480
20260904T225631Z-b66b297d,160,white,65,v3,Nxh4,g6h4,35.777,1.535547,34.741453,,,,
20260904T225631Z-b66b297d,160,white,66,Storm v4,Nxd5,b6d5,22.497,1.1412639999999998,21.855736,12,1136345,486,1464
20260904T225631Z-b66b297d,160,white,67,v3,Kh7,g8h7,34.741,1.868433,33.372567000000004,,,,
20260904T225631Z-b66b297d,160,white,68,Storm v4,Bd3+,b5d3,21.855,1.148819,21.206181,13,1240587,510,1383
20260904T225631Z-b66b297d,160,white,69,v3,g6,g7g6,33.373,1.863334,32.009666,,,,
20260904T225631Z-b66b297d,160,white,70,Storm v4,Nf4,d5f4,21.207,1.227807,20.479193,13,1325415,529,1412
20260904T225631Z-b66b297d,160,white,71,v3,Kg8,h7g8,32.009,1.063787,31.445213,,,,
20260904T225631Z-b66b297d,160,white,72,Storm v4,d5,d4d5,20.479,2.559605,18.419395,14,2648142,600,2344
20260904T225631Z-b66b297d,160,white,73,v3,Nf5,h4f5,31.446,1.815888,30.130112,,,,
20260904T225631Z-b66b297d,160,white,74,Storm v4,Bxf5,d3f5,18.419,2.3858110000000003,16.533189,16,2183050,834,1525
20260904T225631Z-b66b297d,160,white,75,v3,gxf5,g6f5,30.13,1.205602,29.424398,,,,
20260904T225631Z-b66b297d,160,white,76,Storm v4,d6,d5d6,16.533,2.354594,14.678405999999999,19,2478055,974,2459
20260904T225631Z-b66b297d,160,white,77,v3,Rc8,c1c8,29.424,1.391448,28.532552,,,,
20260904T225631Z-b66b297d,160,white,78,Storm v4,Ne6,f4e6,14.679,1.687429,13.491571,19,1964932,1000,1799
20260904T225631Z-b66b297d,160,white,79,v3,Kf7,g8f7,28.532,1.644817,27.387183,,,,
20260904T225631Z-b66b297d,160,white,80,Storm v4,d7,d6d7,13.491,1.717382,12.273618,18,2078270,1023,1991
20260904T225631Z-b66b297d,160,white,81,v3,Rb8,c8b8,27.388,1.320011,26.567989,,,,
20260904T225631Z-b66b297d,160,white,82,Storm v4,d8=Q,d7d8q,12.274,4.590286,8.183714,16,5636096,1023,926
20260904T225631Z-b66b297d,160,white,83,v3,Rxd8,b8d8,26.568,1.8922889999999999,25.175711,,,,
20260904T225631Z-b66b297d,160,white,84,Storm v4,Nxd8+,e6d8,8.183,0.778789,7.904211,16,1028531,1061,680
20260904T225631Z-b66b297d,160,white,85,v3,Ke7,f7e7,25.175,1.652733,24.022267,,,,
20260904T225631Z-b66b297d,160,white,86,Storm v4,Nc6+,d8c6,7.904,0.6582210000000001,7.745779000000001,13,861870,1057,722
20260904T225631Z-b66b297d,160,white,87,v3,Kf6,e7f6,24.022,1.348413,23.173587,,,,
20260904T225631Z-b66b297d,160,white,88,Storm v4,Kg3,h2g3,7.746,0.749855,7.496145,12,958162,1061,1068
20260904T225631Z-b66b297d,160,white,89,v3,Kg5,f6g5,23.174,0.7941269999999999,22.879873,,,,
20260904T225631Z-b66b297d,160,white,90,Storm v4,Nd4,c6d4,7.496,0.506327,7.489673,11,663253,1061,682
20260904T225631Z-b66b297d,160,white,91,v3,Kg6,g5g6,22.88,1.398406,21.981594,,,,
20260904T225631Z-b66b297d,160,white,92,Storm v4,Ra6+,a5a6,7.49,1.4332239999999998,6.556776,12,1946797,1079,1254
20260904T225631Z-b66b297d,160,white,93,v3,Kh7,g6h7,21.981,1.374547,21.106453000000002,,,,
20260904T225631Z-b66b297d,160,white,94,Storm v4,Nxf5,d4f5,6.557,0.88083,6.17617,11,1172590,1082,773
20260904T225631Z-b66b297d,160,white,95,v3,Kg8,h7g8,21.107,1.390998,20.216002,,,,
20260904T225631Z-b66b297d,160,white,96,Storm v4,Rf6,a6f6,6.176,0.193614,6.482386,10,208339,31989,1356
20260904T225631Z-b66b297d,160,white,97,v3,Kh7,g8h7,20.216,0.824152,19.891848,,,,
20260904T225631Z-b66b297d,160,white,98,Storm v4,Kh4,g3h4,6.482,0.033049,6.948951,7,37990,31985,1497
20260904T225631Z-b66b297d,160,white,99,v3,Kh8,h7h8,19.891,0.726838,19.664162,,,,
20260904T225631Z-b66b297d,160,white,100,Storm v4,Kxh5,h4h5,6.949,0.00158,7.44742,2,127,31987,1229
20260904T225631Z-b66b297d,160,white,101,v3,Kh7,h8h7,19.665,0.014058,20.150942,,,,
20260904T225631Z-b66b297d,160,white,102,Storm v4,Kg5,h5g5,7.447,0.00139,7.945609999999999,1,42,31989,1034
20260904T225631Z-b66b297d,160,white,103,v3,Kh8,h7h8,20.151,0.037952,20.613048,,,,
20260904T225631Z-b66b297d,160,white,104,Storm v4,Kg6,g5g6,7.946,0.001957,8.444042999999999,3,430,31995,1357
20260904T225631Z-b66b297d,160,white,105,v3,Kg8,h8g8,20.613,0.0024860000000000004,21.110514,,,,
20260904T225631Z-b66b297d,160,white,106,Storm v4,Ra6,f6a6,8.444,0.0016970000000000002,8.942302999999999,1,41,31997,1137
20260904T225631Z-b66b297d,160,white,107,v3,Kh8,g8h8,21.11,0.001831,21.608169,,,,
20260904T225631Z-b66b297d,160,white,108,Storm v4,Ra8#,a6a8,8.942,0.001435,9.440565000000001,1,50,31999,1188
20260904T225631Z-b66b297d,160,black,0,v3,d4,d3d4,120.0,3.249662,117.250338,,,,
20260904T225631Z-b66b297d,160,black,1,Storm v4,Nf6,g8f6,120.0,2.064825,118.435175,12,2140282,-50,2775
20260904T225631Z-b66b297d,160,black,2,v3,e3,e2e3,117.25,4.044682,113.705318,,,,
20260904T225631Z-b66b297d,160,black,3,Storm v4,d5,d6d5,118.435,2.624484,116.310516,14,2680711,-53,2701
20260904T225631Z-b66b297d,160,black,4,v3,Nf3,g1f3,113.705,5.415902,108.789098,,,,
20260904T225631Z-b66b297d,160,black,5,Storm v4,e6,e7e6,116.31,2.813521,113.99647900000001,14,2781284,-52,4268
20260904T225631Z-b66b297d,160,black,6,v3,b3,b2b3,108.789,3.8777600000000003,105.41124,,,,
20260904T225631Z-b66b297d,160,black,7,Storm v4,cxb3,c4b3,113.997,2.371774,112.125226,15,2275914,-44,2659
20260904T225631Z-b66b297d,160,black,8,v3,axb3,a2b3,105.411,3.905221,102.00577899999999,,,,
20260904T225631Z-b66b297d,160,black,9,Storm v4,Bd6,f8d6,112.125,2.5555079999999997,110.069492,15,2264387,-46,2698
20260904T225631Z-b66b297d,160,black,10,v3,Bg3,f4g3,102.006,3.6945129999999997,98.811487,,,,
20260904T225631Z-b66b297d,160,black,11,Storm v4,O-O,e8g8,110.069,1.82879,108.74021,14,1742816,-46,2626
20260904T225631Z-b66b297d,160,black,12,v3,Bd3,f1d3,98.811,4.595099,94.715901,,,,
20260904T225631Z-b66b297d,160,black,13,Storm v4,Nc6,b8c6,108.74,2.1280189999999997,107.111981,14,1992825,-48,2623
20260904T225631Z-b66b297d,160,black,14,v3,O-O,e1g1,94.716,4.610739,90.605261,,,,
20260904T225631Z-b66b297d,160,black,15,Storm v4,Ne4,f6e4,107.112,3.171674,104.440326,14,2838002,-47,2627
20260904T225631Z-b66b297d,160,black,16,v3,b4,b3b4,90.605,4.431527,86.673473,,,,
20260904T225631Z-b66b297d,160,black,17,Storm v4,a6,a7a6,104.44,3.441805,101.49819500000001,14,3044615,-55,2709
20260904T225631Z-b66b297d,160,black,18,v3,Qc2,d1c2,86.674,4.447678,82.726322,,,,
20260904T225631Z-b66b297d,160,black,19,Storm v4,Bd7,c8d7,101.499,2.919036,99.079964,14,2510225,-37,2553
20260904T225631Z-b66b297d,160,black,20,v3,Nbd2,b1d2,82.726,3.137292,80.088708,,,,
20260904T225631Z-b66b297d,160,black,21,Storm v4,Nxg3,e4g3,99.08,5.598966000000001,93.981034,15,4897506,-43,3852
20260904T225631Z-b66b297d,160,black,22,v3,hxg3,h2g3,80.089,2.229944,78.359056,,,,
20260904T225631Z-b66b297d,160,black,23,Storm v4,Rc8,a8c8,93.981,2.4326280000000002,92.048372,15,2199684,-37,2555
20260904T225631Z-b66b297d,160,black,24,v3,Qb3,c2b3,78.359,2.544622,76.31437799999999,,,,
20260904T225631Z-b66b297d,160,black,25,Storm v4,h6,h7h6,92.048,3.0058380000000002,89.54216199999999,15,2743996,-39,2507
20260904T225631Z-b66b297d,160,black,26,v3,Rac1,a1c1,76.314,3.9673719999999997,72.846628,,,,
20260904T225631Z-b66b297d,160,black,27,Storm v4,Qf6,d8f6,89.542,2.9993760000000003,87.04262399999999,15,2851700,-25,3027
20260904T225631Z-b66b297d,160,black,28,v3,Rfe1,f1e1,72.847,3.634312,69.712688,,,,
20260904T225631Z-b66b297d,160,black,29,Storm v4,Rfd8,f8d8,87.043,4.143359,83.399641,15,3914562,-27,5772
20260904T225631Z-b66b297d,160,black,30,v3,Be2,d3e2,69.712,2.470094,67.741906,,,,
20260904T225631Z-b66b297d,160,black,31,Storm v4,Be8,d7e8,83.399,4.3199629999999996,79.579037,16,3971746,-20,2382
20260904T225631Z-b66b297d,160,black,32,v3,Qc2,b3c2,67.742,2.687491,65.554509,,,,
20260904T225631Z-b66b297d,160,black,33,Storm v4,Bg6,e8g6,79.579,4.177191,75.901809,15,4127416,-26,2928
20260904T225631Z-b66b297d,160,black,34,v3,Qd1,c2d1,65.555,1.878272,64.176728,,,,
20260904T225631Z-b66b297d,160,black,35,Storm v4,e5,e6e5,75.902,2.035577,74.366423,16,2053433,-25,2218
20260904T225631Z-b66b297d,160,black,36,v3,dxe5,d4e5,64.176,3.295668,61.380332,,,,
20260904T225631Z-b66b297d,160,black,37,Storm v4,Nxe5,c6e5,74.366,2.2174940000000003,72.648506,15,2062607,-28,2244
20260904T225631Z-b66b297d,160,black,38,v3,Qb3,d1b3,61.381,3.3720689999999998,58.508931,,,,
20260904T225631Z-b66b297d,160,black,39,Storm v4,Bc7,d6c7,72.649,1.870963,71.278037,14,1835739,-28,2183
20260904T225631Z-b66b297d,160,black,40,v3,Nxe5,f3e5,58.508,2.545176,56.462824,,,,
20260904T225631Z-b66b297d,160,black,41,Storm v4,Bxe5,c7e5,71.278,1.9890940000000001,69.788906,17,1972984,-28,2219
20260904T225631Z-b66b297d,160,black,42,v3,c4,c3c4,56.463,2.804199,54.158801,,,,
20260904T225631Z-b66b297d,160,black,43,Storm v4,dxc4,d5c4,69.788,2.956448,67.331552,16,2682276,-28,2255
20260904T225631Z-b66b297d,160,black,44,v3,Bxc4+,e2c4,54.159,3.0084299999999997,51.65057,,,,
20260904T225631Z-b66b297d,160,black,45,Storm v4,Bf7,g6f7,67.332,3.059022,64.77297800000001,18,2908344,-25,2407
20260904T225631Z-b66b297d,160,black,46,v3,Nf3,d2f3,51.65,1.577047,50.572953,,,,
20260904T225631Z-b66b297d,160,black,47,Storm v4,Rxc4,c8c4,64.773,3.6791419999999997,61.593858,17,3291362,-34,2395
20260904T225631Z-b66b297d,160,black,48,v3,Rxc4,c1c4,50.573,2.624299,48.448701,,,,
20260904T225631Z-b66b297d,160,black,49,Storm v4,Bd6,e5d6,61.594,1.755819,60.338181,16,1759948,-25,2308
20260904T225631Z-b66b297d,160,black,50,v3,Qc2,b3c2,48.449,2.5565439999999997,46.392455999999996,,,,
20260904T225631Z-b66b297d,160,black,51,Storm v4,Bxc4,f7c4,60.338,1.86269,58.97531,16,1658874,-25,2277
20260904T225631Z-b66b297d,160,black,52,v3,Qxc4+,c2c4,46.392,2.558675,44.333324999999995,,,,
20260904T225631Z-b66b297d,160,black,53,Storm v4,Qf7,f6f7,58.975,6.782773,52.692226999999995,19,6058334,-24,2641
20260904T225631Z-b66b297d,160,black,54,v3,Qd3,c4d3,44.334,2.456223,42.377777,,,,
20260904T225631Z-b66b297d,160,black,55,Storm v4,Qe6,f7e6,52.692,1.675584,51.516416,17,1633090,-24,2234
20260904T225631Z-b66b297d,160,black,56,v3,b5,b4b5,42.377,2.35169,40.52531,,,,
20260904T225631Z-b66b297d,160,black,57,Storm v4,Be7,d6e7,51.517,1.679042,50.337958,15,1618417,-20,2261
20260904T225631Z-b66b297d,160,black,58,v3,Qb1,d3b1,40.526,2.058265,38.967735,,,,
20260904T225631Z-b66b297d,160,black,59,Storm v4,axb5,a6b5,50.338,2.417332,48.420668,15,2391884,-40,2428
20260904T225631Z-b66b297d,160,black,60,v3,Qxb5,b1b5,38.967,1.3028879999999998,38.164112,,,,
20260904T225631Z-b66b297d,160,black,61,Storm v4,b6,b7b6,48.42,3.992892,44.927108,16,3726369,-46,2661
20260904T225631Z-b66b297d,160,black,62,v3,Qb1,b5b1,38.164,1.3959059999999999,37.268094,,,,
20260904T225631Z-b66b297d,160,black,63,Storm v4,Bf6,e7f6,44.927,1.9214259999999999,43.505574,17,2272980,-51,2040
20260904T225631Z-b66b297d,160,black,64,v3,Nd4,f3d4,37.268,1.6581780000000002,36.109822,,,,
20260904T225631Z-b66b297d,160,black,65,Storm v4,Bxd4,f6d4,43.506,1.541099,42.464901,18,1593600,-47,1983
20260904T225631Z-b66b297d,160,black,66,v3,exd4,e3d4,36.11,1.248686,35.361314,,,,
20260904T225631Z-b66b297d,160,black,67,Storm v4,Qf6,e6f6,42.465,2.7574929999999997,40.207507,18,2518190,-44,2085
20260904T225631Z-b66b297d,160,black,68,v3,Qb3+,b1b3,35.362,1.7390940000000001,34.122906,,,,
20260904T225631Z-b66b297d,160,black,69,Storm v4,Kh7,g8h7,40.207,1.417366,39.289634,18,1382413,-44,2129
20260904T225631Z-b66b297d,160,black,70,v3,d5,d4d5,34.122,1.215624,33.406375999999995,,,,
20260904T225631Z-b66b297d,160,black,71,Storm v4,f4,f5f4,39.29,1.926138,37.863862,17,1882314,-44,1931
20260904T225631Z-b66b297d,160,black,72,v3,gxf4,g3f4,33.407,1.207104,32.699896,,,,
20260904T225631Z-b66b297d,160,black,73,Storm v4,Qxf4,f6f4,37.864,1.7938889999999998,36.570111,16,1458459,-41,1883
20260904T225631Z-b66b297d,160,black,74,v3,Qb1+,b3b1,32.7,1.89356,31.30644,,,,
20260904T225631Z-b66b297d,160,black,75,Storm v4,Kg8,h7g8,36.57,3.329965,33.740035000000006,16,3106876,-33,1962
20260904T225631Z-b66b297d,160,black,76,v3,Qd3,b1d3,31.306,1.0724069999999999,30.733593,,,,
20260904T225631Z-b66b297d,160,black,77,Storm v4,Rf8,d8f8,33.74,1.4000899999999998,32.83991,14,1306813,-41,1709
20260904T225631Z-b66b297d,160,black,78,v3,Qe2,d3e2,30.733,0.995089,30.237911,,,,
20260904T225631Z-b66b297d,160,black,79,Storm v4,Rf6,f8f6,32.839,1.630491,31.708509,14,1456382,-37,1665
20260904T225631Z-b66b297d,160,black,80,v3,Rd1,e1d1,30.238,1.864608,28.873392,,,,
20260904T225631Z-b66b297d,160,black,81,Storm v4,Rd6,f6d6,31.709,1.5168949999999999,30.692104999999998,16,1401305,-37,1599
20260904T225631Z-b66b297d,160,black,82,v3,Qd3,e2d3,28.874,1.361304,28.012696,,,,
20260904T225631Z-b66b297d,160,black,83,Storm v4,h5,h6h5,30.692,1.527498,29.664502,13,1335049,-11,1574
20260904T225631Z-b66b297d,160,black,84,v3,Qe2,d3e2,28.012,1.3263260000000001,27.185674,,,,
20260904T225631Z-b66b297d,160,black,85,Storm v4,h4,h5h4,29.664,1.7821369999999999,28.381863000000003,13,1494609,-13,1595
20260904T225631Z-b66b297d,160,black,86,v3,Qe8+,e2e8,27.186,1.324695,26.361305,,,,
20260904T225631Z-b66b297d,160,black,87,Storm v4,Kh7,g8h7,28.382,1.544331,27.337669,17,1392581,0,1570
20260904T225631Z-b66b297d,160,black,88,v3,Qh5+,e8h5,26.361,1.126118,25.734882000000002,,,,
20260904T225631Z-b66b297d,160,black,89,Storm v4,Rh6,d6h6,27.338,1.213395,26.624605,18,1090049,0,1521
20260904T225631Z-b66b297d,160,black,90,v3,Qe2,h5e2,25.735,1.0301150000000001,25.204884999999997,,,,
20260904T225631Z-b66b297d,160,black,91,Storm v4,Rg6,h6g6,26.624,6.827305,20.296695,16,5806080,0,1377
20260904T225631Z-b66b297d,160,black,92,v3,d6,d5d6,25.205,1.388577,24.316423,,,,
20260904T225631Z-b66b297d,160,black,93,Storm v4,Rxd6,g6d6,20.297,1.037984,19.759016,16,973834,0,1100
20260904T225631Z-b66b297d,160,black,94,v3,Rxd6,d1d6,24.316,1.223067,23.592933000000002,,,,
20260904T225631Z-b66b297d,160,black,95,Storm v4,Qxd6,f4d6,19.759,1.5093830000000001,18.749616999999997,16,1431182,0,1144
20260904T225631Z-b66b297d,160,black,96,v3,Qe4+,e2e4,23.593,1.494944,22.598056,,,,
20260904T225631Z-b66b297d,160,black,97,Storm v4,Kg8,h7g8,18.75,0.9407279999999999,18.309272,16,894915,0,1265
20260904T225631Z-b66b297d,160,black,98,v3,Qxh4,e4h4,22.598,1.357184,21.740816,,,,
20260904T225631Z-b66b297d,160,black,99,Storm v4,Qd1+,d6d1,18.309,1.111635,17.697365,14,1107605,0,1149
20260904T225631Z-b66b297d,160,black,100,v3,Kh2,g1h2,21.741,1.337201,20.903799,,,,
20260904T225631Z-b66b297d,160,black,101,Storm v4,Qd6+,d1d6,17.697,1.183575,17.013424999999998,14,1150837,0,1117
20260904T225631Z-b66b297d,160,black,102,v3,Kg1,h2g1,20.904,1.333074,20.070926,,,,
20260904T225631Z-b66b297d,160,black,103,Storm v4,Qd1+,d6d1,17.014,0.915257,16.598743000000002,16,910400,0,1082
20260904T225631Z-b66b297d,160,black,104,v3,Kh2,g1h2,20.071,0.001089,20.569911,,,,
20260904T225631Z-b66b297d,160,black,105,Storm v4,Qd6+,d1d6,16.598,1.1086120000000002,15.989387999999998,15,1028336,0,1060
20260904T225631Z-b66b297d,161,white,0,Storm v4,a4,a2a4,120.0,2.791874,117.70812600000001,13,2918756,64,2826
20260904T225631Z-b66b297d,161,white,1,v3,bxa4,b5a4,120.0,5.648363000000001,114.851637,,,,
20260904T225631Z-b66b297d,161,white,2,Storm v4,c4,c2c4,117.708,2.211704,115.996296,13,2107109,74,2686
20260904T225631Z-b66b297d,161,white,3,v3,Ke8,d7e8,114.851,5.904673,109.44632700000001,,,,
20260904T225631Z-b66b297d,161,white,4,Storm v4,cxd5,c4d5,115.996,1.779803,114.716197,13,1771807,73,2726
20260904T225631Z-b66b297d,161,white,5,v3,e6,e7e6,109.446,5.612058,104.333942,,,,
20260904T225631Z-b66b297d,161,white,6,Storm v4,Qxa4+,d1a4,114.716,1.875046,113.340954,14,1785109,102,2754
20260904T225631Z-b66b297d,161,white,7,v3,Bd7,c8d7,104.334,3.384672,101.449328,,,,
20260904T225631Z-b66b297d,161,white,8,Storm v4,b5,b4b5,113.341,2.987897,110.853103,16,2773320,87,2687
20260904T225631Z-b66b297d,161,white,9,v3,exd5,e6d5,101.45,3.983938,97.96606200000001,,,,
20260904T225631Z-b66b297d,161,white,10,Storm v4,Nc3,b1c3,110.853,2.454402,108.89859799999999,15,2118216,83,2709
20260904T225631Z-b66b297d,161,white,11,v3,Nf6,g8f6,97.966,4.131559,94.33444100000001,,,,
20260904T225631Z-b66b297d,161,white,12,Storm v4,Qb3,a4b3,108.898,3.291192,106.106808,14,2772368,89,2666
20260904T225631Z-b66b297d,161,white,13,v3,a6,a7a6,94.334,3.088474,91.745526,,,,
20260904T225631Z-b66b297d,161,white,14,Storm v4,Nf3,g1f3,106.107,3.886662,102.720338,13,3208827,97,4533
20260904T225631Z-b66b297d,161,white,15,v3,Bc8,d7c8,91.745,4.292452,87.952548,,,,
20260904T225631Z-b66b297d,161,white,16,Storm v4,Bf4,e3f4,102.721,10.886018,92.334982,14,8739374,86,6370
20260904T225631Z-b66b297d,161,white,17,v3,Bd6,f8d6,87.953,2.442862,86.01013800000001,,,,
20260904T225631Z-b66b297d,161,white,18,Storm v4,Bg5,f4g5,92.334,2.002597,90.83140300000001,14,1732638,113,2333
20260904T225631Z-b66b297d,161,white,19,v3,Be7,d6e7,86.01,3.522822,82.987178,,,,
20260904T225631Z-b66b297d,161,white,20,Storm v4,d4,d3d4,90.832,2.219163,89.112837,13,1904904,119,2357
20260904T225631Z-b66b297d,161,white,21,v3,c6,c7c6,82.987,3.941967,79.54503299999999,,,,
20260904T225631Z-b66b297d,161,white,22,Storm v4,e3,e2e3,89.113,2.1798800000000003,87.43312,14,1913180,110,2307
20260904T225631Z-b66b297d,161,white,23,v3,Qb6,d8b6,79.545,3.940996,76.104004,,,,
20260904T225631Z-b66b297d,161,white,24,Storm v4,Bd3,f1d3,87.433,2.742585,85.19041499999999,13,2214520,118,2337
20260904T225631Z-b66b297d,161,white,25,v3,Ra7,a8a7,76.104,3.76902,72.83498,,,,
20260904T225631Z-b66b297d,161,white,26,Storm v4,Bxf6,g5f6,85.19,2.361809,83.328191,13,2037703,142,2263
20260904T225631Z-b66b297d,161,white,27,v3,Bxf6,e7f6,72.835,3.3934670000000002,69.94153299999999,,,,
20260904T225631Z-b66b297d,161,white,28,Storm v4,Qa4,b3a4,83.328,2.63387,81.19413,14,2173804,147,2347
20260904T225631Z-b66b297d,161,white,29,v3,Qd8,b6d8,69.941,2.477531,67.963469,,,,
20260904T225631Z-b66b297d,161,white,30,Storm v4,O-O,e1g1,81.194,2.872157,78.82184299999999,13,2402890,161,2302
20260904T225631Z-b66b297d,161,white,31,v3,Qd6,d8d6,67.964,3.324423,65.139577,,,,
20260904T225631Z-b66b297d,161,white,32,Storm v4,Rab1,a1b1,78.822,2.415691,76.906309,12,1875395,163,2267
20260904T225631Z-b66b297d,161,white,33,v3,Rf8,h8f8,65.139,1.873806,63.765194,,,,
20260904T225631Z-b66b297d,161,white,34,Storm v4,bxa6,b5a6,76.906,7.239129,70.166871,14,5533267,171,4811
20260904T225631Z-b66b297d,161,white,35,v3,Kf7,e8f7,63.765,2.2805329999999997,61.984466999999995,,,,
20260904T225631Z-b66b297d,161,white,36,Storm v4,Rb6,b1b6,70.167,3.8871390000000003,66.77986100000001,14,2967246,286,2160
20260904T225631Z-b66b297d,161,white,37,v3,Qc7,d6c7,61.985,3.034932,59.450068,,,,
20260904T225631Z-b66b297d,161,white,38,Storm v4,Rfb1,f1b1,66.78,2.430173,64.84982699999999,14,1805625,328,2062
20260904T225631Z-b66b297d,161,white,39,v3,Rg8,f8g8,59.45,1.8037239999999999,58.146276,,,,
20260904T225631Z-b66b297d,161,white,40,Storm v4,h3,h2h3,64.85,6.771195,58.578805,12,4793302,344,4321
20260904T225631Z-b66b297d,161,white,41,v3,Ra8,a7a8,58.146,2.5314099999999997,56.11459,,,,
20260904T225631Z-b66b297d,161,white,42,Storm v4,Qb3,a4b3,58.578,3.153255,55.924745,13,2199086,384,1942
20260904T225631Z-b66b297d,161,white,43,v3,Qd7,c7d7,56.115,2.04864,54.56636,,,,
20260904T225631Z-b66b297d,161,white,44,Storm v4,a7,a6a7,55.925,1.356567,55.068433,12,951668,384,1798
20260904T225631Z-b66b297d,161,white,45,v3,Na6,b8a6,54.566,1.806242,53.259758000000005,,,,
20260904T225631Z-b66b297d,161,white,46,Storm v4,Bxa6,d3a6,55.069,1.815115,53.753885000000004,12,1320348,368,1907
20260904T225631Z-b66b297d,161,white,47,v3,Bxa6,c8a6,53.26,2.4663209999999998,51.293679000000004,,,,
20260904T225631Z-b66b297d,161,white,48,Storm v4,Rxa6,b6a6,53.753,2.871481,51.381519,13,2047874,390,3191
20260904T225631Z-b66b297d,161,white,49,v3,Rxa7,a8a7,51.293,2.294227,49.498773,,,,
20260904T225631Z-b66b297d,161,white,50,Storm v4,Rxa7,a6a7,51.382,4.028828,47.853172,15,3171370,601,4243
20260904T225631Z-b66b297d,161,white,51,v3,Qxa7,d7a7,49.499,2.090551,47.908449,,,,
20260904T225631Z-b66b297d,161,white,52,Storm v4,Nxd5,c3d5,47.853,2.376442,45.976558,17,1966517,656,1960
20260904T225631Z-b66b297d,161,white,53,v3,Rb8,g8b8,47.908,1.467476,46.940523999999996,,,,
20260904T225631Z-b66b297d,161,white,54,Storm v4,Qxb8,b3b8,45.976,1.560605,44.915395,15,1378180,662,1951
20260904T225631Z-b66b297d,161,white,55,v3,Qxb8,a7b8,46.941,1.6431040000000001,45.797896,,,,
20260904T225631Z-b66b297d,161,white,56,Storm v4,Rxb8,b1b8,44.916,1.823446,43.59255400000001,18,2182282,694,2412
20260904T225631Z-b66b297d,161,white,57,v3,cxd5,c6d5,45.798,1.9269690000000002,44.371031,,,,
20260904T225631Z-b66b297d,161,white,58,Storm v4,Ne5+,f3e5,43.592,3.109946,40.982054000000005,18,3984395,710,2867
20260904T225631Z-b66b297d,161,white,59,v3,Bxe5,f6e5,44.371,2.233679,42.63732099999999,,,,
20260904T225631Z-b66b297d,161,white,60,Storm v4,dxe5,d4e5,40.982,3.5195790000000002,37.962421,18,4410740,767,2942
20260904T225631Z-b66b297d,161,white,61,v3,g5,g7g5,42.637,1.303385,41.833614999999995,,,,
20260904T225631Z-b66b297d,161,white,62,Storm v4,f4,f2f4,37.963,3.006993,35.456007,17,3759210,767,2888
20260904T225631Z-b66b297d,161,white,63,v3,gxf4,g5f4,41.834,1.551991,40.782008999999995,,,,
20260904T225631Z-b66b297d,161,white,64,Storm v4,exf4,e3f4,35.456,3.624061,32.331939,18,4605474,869,5429
20260904T225631Z-b66b297d,161,white,65,v3,Ke6,f7e6,40.782,2.2705349999999997,39.011464999999994,,,,
20260904T225631Z-b66b297d,161,white,66,Storm v4,Rh8,b8h8,32.332,4.290926000000001,28.541074000000002,18,5457056,970,5663
20260904T225631Z-b66b297d,161,white,67,v3,d4,d5d4,39.011,1.389026,38.121974,,,,
20260904T225631Z-b66b297d,161,white,68,Storm v4,Kf2,g1f2,28.541,7.905528,21.135472,19,9288683,1343,5399
20260904T225631Z-b66b297d,161,white,69,v3,d3,d4d3,38.122,1.5885070000000001,37.033493,,,,
20260904T225631Z-b66b297d,161,white,70,Storm v4,Rxh7,h8h7,21.135,3.807366,17.827634,17,3958385,1675,3465
20260904T225631Z-b66b297d,161,white,71,v3,d2,d3d2,37.033,1.317956,36.215044,,,,
20260904T225631Z-b66b297d,161,white,72,Storm v4,Ke2,f2e2,17.828,5.788475,12.539525,20,5764670,1487,4301
20260904T225631Z-b66b297d,161,white,73,v3,Kd5,e6d5,36.215,2.692804,34.022195999999994,,,,
20260904T225631Z-b66b297d,161,white,74,Storm v4,Kxd2,e2d2,12.539,1.234192,11.804808000000001,16,1098984,1487,2036
20260904T225631Z-b66b297d,161,white,75,v3,Kc6,d5c6,34.022,2.207771,32.314229,,,,
20260904T225631Z-b66b297d,161,white,76,Storm v4,Ke3,d2e3,11.805,2.938491,9.366509,17,3489562,1726,2352
20260904T225631Z-b66b297d,161,white,77,v3,Kd5,c6d5,32.315,1.580647,31.234353,,,,
20260904T225631Z-b66b297d,161,white,78,Storm v4,Rh6,h7h6,9.366,1.299778,8.566222,16,1126416,31981,1924
20260904T225631Z-b66b297d,161,white,79,v3,Kc5,d5c5,31.234,2.4818939999999996,29.252106,,,,
20260904T225631Z-b66b297d,161,white,80,Storm v4,Rd6,h6d6,8.567,0.001508,9.065492,1,45,31983,1195
20260904T225631Z-b66b297d,161,white,81,v3,Kc4,c5c4,29.252,1.287186,28.464813999999997,,,,
20260904T225631Z-b66b297d,161,white,82,Storm v4,e6,e5e6,9.065,0.055068,9.509932000000001,10,57473,31985,2000
20260904T225631Z-b66b297d,161,white,83,v3,Kc5,c4c5,28.465,1.341342,27.623658,,,,
20260904T225631Z-b66b297d,161,white,84,Storm v4,Rd2,d6d2,9.51,0.00163,10.008370000000001,1,42,31987,1298
20260904T225631Z-b66b297d,161,white,85,v3,Kc4,c5c4,27.623,0.937515,27.185485,,,,
20260904T225631Z-b66b297d,161,white,86,Storm v4,Rd4+,d2d4,10.008,0.00152,10.50648,1,70,31987,1353
20260904T225631Z-b66b297d,161,white,87,v3,Kc5,c4c5,27.186,1.1653989999999999,26.520601,,,,
20260904T225631Z-b66b297d,161,white,88,Storm v4,e7,e6e7,10.507,0.011869,10.995130999999999,7,6389,31989,2251
20260904T225631Z-b66b297d,161,white,89,v3,Kc6,c5c6,26.52,1.067772,25.952227999999998,,,,
20260904T225631Z-b66b297d,161,white,90,Storm v4,e8=Q+,e7e8q,10.995,0.001721,11.493279000000001,1,43,31991,1460
20260904T225631Z-b66b297d,161,white,91,v3,Kc5,c6c5,25.953,0.8746970000000001,25.578303,,,,
20260904T225631Z-b66b297d,161,white,92,Storm v4,Qe5+,e8e5,11.493,0.00227,11.99073,1,82,31993,1293
20260904T225631Z-b66b297d,161,white,93,v3,Kc6,c5c6,25.578,0.113031,25.964969,,,,
20260904T225631Z-b66b297d,161,white,94,Storm v4,Rd6+,d4d6,11.991,0.003877,12.487123,3,2138,31995,2647
20260904T225631Z-b66b297d,161,white,95,v3,Kc7,c6c7,25.965,0.001106,26.463894,,,,
20260904T225631Z-b66b297d,161,white,96,Storm v4,Qe7+,e5e7,12.487,0.002034,12.984966,1,94,31997,1380
20260904T225631Z-b66b297d,161,white,97,v3,Kc8,c7c8,26.464,0.001203,26.962797,,,,
20260904T225631Z-b66b297d,161,white,98,Storm v4,Rd8#,d6d8,12.985,0.002061,13.482939,1,84,31999,1423
20260904T225631Z-b66b297d,161,black,0,v3,a4,a2a4,120.0,4.885057,115.614943,,,,
20260904T225631Z-b66b297d,161,black,1,Storm v4,bxa4,b5a4,120.0,2.756469,117.743531,13,2646853,-79,2911
20260904T225631Z-b66b297d,161,black,2,v3,Rxa4,a1a4,115.614,5.44901,110.66499,,,,
20260904T225631Z-b66b297d,161,black,3,Storm v4,Nf6,g8f6,117.743,2.593431,115.649569,14,2574879,-54,2888
20260904T225631Z-b66b297d,161,black,4,v3,b5,b4b5,110.665,4.709275,106.455725,,,,
20260904T225631Z-b66b297d,161,black,5,Storm v4,a6,a7a6,115.649,2.655675,113.493325,14,2623081,-32,2742
20260904T225631Z-b66b297d,161,black,6,v3,Nf3,g1f3,106.456,3.9818119999999997,102.974188,,,,
20260904T225631Z-b66b297d,161,black,7,Storm v4,Ke8,d7e8,113.494,3.4479140000000004,110.546086,15,3247793,-26,2688
20260904T225631Z-b66b297d,161,black,8,v3,c4,c2c4,102.974,4.204382,99.26961800000001,,,,
20260904T225631Z-b66b297d,161,black,9,Storm v4,dxc4,d5c4,110.546,1.991093,109.054907,15,1942355,-24,2624
20260904T225631Z-b66b297d,161,black,10,v3,dxc4,d3c4,99.27,4.857925,94.912075,,,,
20260904T225631Z-b66b297d,161,black,11,Storm v4,Qxd1+,d8d1,109.055,2.088975,107.46602499999999,16,2106075,-8,2637
20260904T225631Z-b66b297d,161,black,12,v3,Kxd1,e1d1,94.912,2.7748359999999996,92.637164,,,,
20260904T225631Z-b66b297d,161,black,13,Storm v4,Nbd7,b8d7,107.466,2.4591469999999997,105.506853,17,2499461,-8,3022
20260904T225631Z-b66b297d,161,black,14,v3,Nc3,b1c3,92.637,3.111333,90.025667,,,,
20260904T225631Z-b66b297d,161,black,15,Storm v4,e5,e7e5,105.506,3.247331,102.758669,17,3248919,-2,3007
20260904T225631Z-b66b297d,161,black,16,v3,bxa6,b5a6,90.025,3.0836550000000003,87.441345,,,,
20260904T225631Z-b66b297d,161,black,17,Storm v4,Rxa6,a8a6,102.759,3.7059789999999997,99.55302099999999,17,3637591,25,3001
20260904T225631Z-b66b297d,161,black,18,v3,Rxa6,a4a6,87.442,2.756002,85.18599800000001,,,,
20260904T225631Z-b66b297d,161,black,19,Storm v4,Bxa6,c8a6,99.553,3.828439,96.22456100000001,19,4059776,28,3093
20260904T225631Z-b66b297d,161,black,20,v3,Nb5,c3b5,85.186,2.423177,83.262823,,,,
20260904T225631Z-b66b297d,161,black,21,Storm v4,Kf7,e8f7,96.225,7.690624,89.03437600000001,17,7715065,54,6307
20260904T225631Z-b66b297d,161,black,22,v3,Nxc7,b5c7,83.262,4.060537,79.701463,,,,
20260904T225631Z-b66b297d,161,black,23,Storm v4,Bxc4,a6c4,89.034,2.837767,86.696233,17,2744167,69,3081
20260904T225631Z-b66b297d,161,black,24,v3,Nd2,f3d2,79.702,2.319982,77.882018,,,,
20260904T225631Z-b66b297d,161,black,25,Storm v4,Ba2,c4a2,86.696,2.4387,84.7573,17,2486477,64,2995
20260904T225631Z-b66b297d,161,black,26,v3,g3,g2g3,77.882,3.0385720000000003,75.343428,,,,
20260904T225631Z-b66b297d,161,black,27,Storm v4,Bb4,f8b4,84.757,2.813653,82.44334699999999,17,2844442,82,3052
20260904T225631Z-b66b297d,161,black,28,v3,Bg2,f1g2,75.343,3.280813,72.56218700000001,,,,
20260904T225631Z-b66b297d,161,black,29,Storm v4,Rc8,h8c8,82.444,3.649636,79.294364,18,3852052,78,2962
20260904T225631Z-b66b297d,161,black,30,v3,Na6,c7a6,72.562,3.471092,69.590908,,,,
20260904T225631Z-b66b297d,161,black,31,Storm v4,Ba3,b4a3,79.294,14.025245,65.768755,16,13105152,212,4746
20260904T225631Z-b66b297d,161,black,32,v3,Nf3,d2f3,69.591,2.015507,68.07549300000001,,,,
20260904T225631Z-b66b297d,161,black,33,Storm v4,e4,e5e4,65.769,2.4426439999999996,63.826356,16,2006469,241,2422
20260904T225631Z-b66b297d,161,black,34,v3,Ng5+,f3g5,68.075,2.541005,66.03399499999999,,,,
20260904T225631Z-b66b297d,161,black,35,Storm v4,Kg8,f7g8,63.826,12.80918,51.51682,15,11480064,241,2585
20260904T225631Z-b66b297d,161,black,36,v3,Bd2,e3d2,66.034,2.704447,63.829553,,,,
20260904T225631Z-b66b297d,161,black,37,Storm v4,Bb3+,a2b3,51.517,2.150862,49.866138,16,2063920,330,2045
20260904T225631Z-b66b297d,161,black,38,v3,Ke1,d1e1,63.83,3.194026,61.135974000000004,,,,
20260904T225631Z-b66b297d,161,black,39,Storm v4,h6,h7h6,49.866,2.112692,48.253308,17,1925451,344,2047
20260904T225631Z-b66b297d,161,black,40,v3,h4,h2h4,61.136,3.315545,58.320455,,,,
20260904T225631Z-b66b297d,161,black,41,Storm v4,Rc6,c8c6,48.253,5.319865,43.433135,16,5121881,393,4061
20260904T225631Z-b66b297d,161,black,42,v3,Nb4,a6b4,58.32,1.9221089999999998,56.897891,,,,
20260904T225631Z-b66b297d,161,black,43,Storm v4,Rd6,c6d6,43.433,3.203461,40.729538999999995,16,3040033,423,3649
20260904T225631Z-b66b297d,161,black,44,v3,e3,e2e3,56.898,2.515314,54.882686,,,,
20260904T225631Z-b66b297d,161,black,45,Storm v4,hxg5,h6g5,40.73,3.071572,38.158428,18,3161887,488,1744
20260904T225631Z-b66b297d,161,black,46,v3,hxg5,h4g5,54.883,2.235623,53.147377,,,,
20260904T225631Z-b66b297d,161,black,47,Storm v4,Ng4,f6g4,38.158,5.502547,33.155453,18,5396417,529,3031
20260904T225631Z-b66b297d,161,black,48,v3,Rh4,h1h4,53.147,2.682367,50.964633,,,,
20260904T225631Z-b66b297d,161,black,49,Storm v4,Nde5,d7e5,33.155,2.937652,30.717347999999998,15,2714373,641,3353
20260904T225631Z-b66b297d,161,black,50,v3,Rxg4,h4g4,50.965,2.5460819999999997,48.918918,,,,
20260904T225631Z-b66b297d,161,black,51,Storm v4,fxg4,f5g4,30.718,1.6493659999999999,29.568634,19,1833369,807,1526
20260904T225631Z-b66b297d,161,black,52,v3,Bxe4,g2e4,48.919,2.077418,47.341582,,,,
20260904T225631Z-b66b297d,161,black,53,Storm v4,Nf3+,e5f3,29.568,5.020644,25.047356,19,6350133,1073,3529
20260904T225631Z-b66b297d,161,black,54,v3,Bxf3,e4f3,47.341,2.091576,45.749424,,,,
20260904T225631Z-b66b297d,161,black,55,Storm v4,gxf3,g4f3,25.048,4.638230999999999,20.909769,20,5886861,1087,2858
20260904T225631Z-b66b297d,161,black,56,v3,Nc6,b4c6,45.749,1.767573,44.481427000000004,,,,
20260904T225631Z-b66b297d,161,black,57,Storm v4,Rxc6,d6c6,20.909,4.324604999999999,17.084395,18,5355738,1147,3232
20260904T225631Z-b66b297d,161,black,58,v3,e4,e3e4,44.482,2.217167,42.764832999999996,,,,
20260904T225631Z-b66b297d,161,black,59,Storm v4,Rd6,c6d6,17.085,1.897566,15.687434,21,2325528,1305,1187
20260904T225631Z-b66b297d,161,black,60,v3,e5,e4e5,42.765,1.4066269999999998,41.858373,,,,
20260904T225631Z-b66b297d,161,black,61,Storm v4,Rd3,d6d3,15.687,5.607588,10.579412,19,4392960,1388,2513
20260904T225631Z-b66b297d,161,black,62,v3,e6,e5e6,41.858,4.572725,37.785275,,,,
20260904T225631Z-b66b297d,161,black,63,Storm v4,Bb4,a3b4,10.58,0.0016899999999999999,11.07831,1,59,31985,1256
20260904T225631Z-b66b297d,161,black,64,v3,e7,e6e7,37.785,1.6724,36.6126,,,,
20260904T225631Z-b66b297d,161,black,65,Storm v4,Bxd2+,b4d2,11.078,0.0016539999999999999,11.576346,1,65,31983,1302
20260904T225631Z-b66b297d,161,black,66,v3,Kf1,e1f1,36.613,1.682126,35.430874,,,,
20260904T225631Z-b66b297d,161,black,67,Storm v4,Kf7,g8f7,11.576,0.008171,12.067829,7,4734,31983,2100
20260904T225631Z-b66b297d,161,black,68,v3,Kg1,f1g1,35.431,2.0981840000000003,33.832816,,,,
20260904T225631Z-b66b297d,161,black,69,Storm v4,Bxg5,d2g5,12.068,0.001676,12.566324,1,62,31985,1447
20260904T225631Z-b66b297d,161,black,70,v3,Kh2,g1h2,33.832,1.556556,32.775444,,,,
20260904T225631Z-b66b297d,161,black,71,Storm v4,Kxe7,f7e7,12.566,0.001863,13.064137,1,70,31989,1495
20260904T225631Z-b66b297d,161,black,72,v3,Kh3,h2h3,32.776,1.3435460000000001,31.932454,,,,
20260904T225631Z-b66b297d,161,black,73,Storm v4,Be6+,b3e6,13.064,0.001984,13.562016,1,71,31991,1543
20260904T225631Z-b66b297d,161,black,74,v3,g4,g3g4,31.932,1.0259690000000001,31.406031,,,,
20260904T225631Z-b66b297d,161,black,75,Storm v4,Bf4,g5f4,13.562,0.0020299999999999997,14.05997,1,77,31993,1592
20260904T225631Z-b66b297d,161,black,76,v3,Kh4,h3h4,31.406,0.07252299999999999,31.833477,,,,
20260904T225631Z-b66b297d,161,black,77,Storm v4,Rd1,d3d1,14.06,0.002114,14.557886,1,82,31995,1640
20260904T225631Z-b66b297d,161,black,78,v3,Kh5,h4h5,31.834,0.001248,32.332752,,,,
20260904T225631Z-b66b297d,161,black,79,Storm v4,Bf7+,e6f7,14.558,0.002427,15.055573,1,100,31997,1688
20260904T225631Z-b66b297d,161,black,80,v3,Kh4,h5h4,32.332,0.001117,32.830883,,,,
20260904T225631Z-b66b297d,161,black,81,Storm v4,Rh1#,d1h1,15.056,0.002092,15.553908,1,83,31999,1736
20260904T225631Z-b66b297d,162,white,0,Storm v4,Ke1,e2e1,120.0,3.5580410000000002,116.941959,17,3893855,-16,2931
20260904T225631Z-b66b297d,162,white,1,v3,Bxf1,b5f1,120.0,3.52858,116.97142,,,,
20260904T225631Z-b66b297d,162,white,2,Storm v4,Kxf1,e1f1,116.941,2.0713980000000003,115.369602,16,2099171,-7,2776
20260904T225631Z-b66b297d,162,white,3,v3,fxe4,f5e4,116.971,5.570797,111.90020299999999,,,,
20260904T225631Z-b66b297d,162,white,4,Storm v4,fxe4,f3e4,115.37,3.942008,111.927992,16,3826663,-9,2768
20260904T225631Z-b66b297d,162,white,5,v3,Nf6,g8f6,111.9,5.130617,107.269383,,,,
20260904T225631Z-b66b297d,162,white,6,Storm v4,Nc3,b1c3,111.928,2.0902249999999998,110.337775,15,2082926,-9,2706
20260904T225631Z-b66b297d,162,white,7,v3,Be7,f8e7,107.269,3.164844,104.604156,,,,
20260904T225631Z-b66b297d,162,white,8,Storm v4,Nf3,g1f3,110.338,1.9085699999999999,108.92943,14,1812404,-10,2715
20260904T225631Z-b66b297d,162,white,9,v3,O-O,e8g8,104.604,4.644603,100.459397,,,,
20260904T225631Z-b66b297d,162,white,10,Storm v4,Kg1,f1g1,108.929,3.945271,105.48372900000001,15,3697071,-5,2728
20260904T225631Z-b66b297d,162,white,11,v3,h6,h7h6,100.46,5.067185,95.892815,,,,
20260904T225631Z-b66b297d,162,white,12,Storm v4,Qe1,d2e1,105.484,1.903159,104.080841,15,1809761,7,2644
20260904T225631Z-b66b297d,162,white,13,v3,Nc6,b8c6,95.893,2.875703,93.517297,,,,
20260904T225631Z-b66b297d,162,white,14,Storm v4,Qg3,e1g3,104.08,2.8716039999999996,101.708396,15,2556324,22,2639
20260904T225631Z-b66b297d,162,white,15,v3,e5,e6e5,93.517,4.693779999999999,89.32322,,,,
20260904T225631Z-b66b297d,162,white,16,Storm v4,Bxh6,c1h6,101.709,2.211636,99.997364,15,1899789,93,2625
20260904T225631Z-b66b297d,162,white,17,v3,Nh5,f6h5,89.323,4.052417,85.770583,,,,
20260904T225631Z-b66b297d,162,white,18,Storm v4,Qg4,g3g4,99.997,1.9790329999999998,98.517967,15,1713188,83,2876
20260904T225631Z-b66b297d,162,white,19,v3,Nxd4,c6d4,85.771,2.480428,83.790572,,,,
20260904T225631Z-b66b297d,162,white,20,Storm v4,Qxh5,g4h5,98.518,3.897144,95.120856,16,3511901,131,4397
20260904T225631Z-b66b297d,162,white,21,v3,Nxf3+,d4f3,83.79,4.298723,79.991277,,,,
20260904T225631Z-b66b297d,162,white,22,Storm v4,gxf3,g2f3,95.121,6.482798,89.138202,17,5216720,137,5500
20260904T225631Z-b66b297d,162,white,23,v3,gxh6,g7h6,79.991,4.433193,76.057807,,,,
20260904T225631Z-b66b297d,162,white,24,Storm v4,Qg6+,h5g6,89.138,3.5742179999999997,86.063782,17,3048016,462,4492
20260904T225631Z-b66b297d,162,white,25,v3,Kh8,g8h8,76.058,3.876236,72.681764,,,,
20260904T225631Z-b66b297d,162,white,26,Storm v4,Qxh6+,g6h6,86.064,2.1947170000000003,84.369283,18,1787821,466,2599
20260904T225631Z-b66b297d,162,white,27,v3,Kg8,h8g8,72.682,1.4631020000000001,71.718898,,,,
20260904T225631Z-b66b297d,162,white,28,Storm v4,Qg6+,h6g6,84.369,3.584937,81.28406299999999,18,2891245,471,2591
20260904T225631Z-b66b297d,162,white,29,v3,Kh8,g8h8,71.719,2.541899,69.677101,,,,
20260904T225631Z-b66b297d,162,white,30,Storm v4,Qh5+,g6h5,81.284,3.522822,78.261178,18,2668521,471,2505
20260904T225631Z-b66b297d,162,white,31,v3,Kg8,h8g8,69.677,3.250049,66.926951,,,,
20260904T225631Z-b66b297d,162,white,32,Storm v4,Kf2,g1f2,78.261,5.551636,73.20936400000001,18,4454900,469,2483
20260904T225631Z-b66b297d,162,white,33,v3,Bh4+,e7h4,66.926,3.251786,64.174214,,,,
20260904T225631Z-b66b297d,162,white,34,Storm v4,Ke2,f2e2,73.209,2.50013,71.20886999999999,17,2080349,469,2526
20260904T225631Z-b66b297d,162,white,35,v3,Rf7,f8f7,64.175,2.326877,62.348123,,,,
20260904T225631Z-b66b297d,162,white,36,Storm v4,Rag1+,a1g1,71.209,4.9418310000000005,66.767169,16,4024193,739,5284
20260904T225631Z-b66b297d,162,white,37,v3,Kf8,g8f8,62.348,3.1551210000000003,59.692879,,,,
20260904T225631Z-b66b297d,162,white,38,Storm v4,Nd5,c3d5,66.767,2.054363,65.212637,17,1764389,739,2210
20260904T225631Z-b66b297d,162,white,39,v3,Bf6,h4f6,59.693,2.03973,58.15327,,,,
20260904T225631Z-b66b297d,162,white,40,Storm v4,Qh6+,h5h6,65.213,3.633615,62.079385,17,3076755,852,5006
20260904T225631Z-b66b297d,162,white,41,v3,Bg7,f6g7,58.153,2.6335569999999997,56.019443,,,,
20260904T225631Z-b66b297d,162,white,42,Storm v4,Rxg7,g1g7,62.079,1.545555,61.033445,12,792799,31989,5188
20260904T225631Z-b66b297d,162,white,43,v3,Rxg7,f7g7,56.019,2.6953270000000003,53.823673,,,,
20260904T225631Z-b66b297d,162,white,44,Storm v4,Rg1,h1g1,61.034,0.001677,61.532323,1,108,31991,3491
20260904T225631Z-b66b297d,162,white,45,v3,Qh4,d8h4,53.824,1.874579,52.449421,,,,
20260904T225631Z-b66b297d,162,white,46,Storm v4,Qxh4,h6h4,61.532,0.003214,62.028786,1,103,31993,3570
20260904T225631Z-b66b297d,162,white,47,v3,a5,a7a5,52.449,1.534594,51.414406,,,,
20260904T225631Z-b66b297d,162,white,48,Storm v4,Qh8+,h4h8,62.029,0.005412,62.523588000000004,3,1504,31995,5139
20260904T225631Z-b66b297d,162,white,49,v3,Kf7,f8f7,51.415,0.002355,51.912645,,,,
20260904T225631Z-b66b297d,162,white,50,Storm v4,Qxg7+,h8g7,62.523,0.0022789999999999998,63.020720999999995,1,127,31997,4219
20260904T225631Z-b66b297d,162,white,51,v3,Ke8,f7e8,51.912,0.001631,52.410368999999996,,,,
20260904T225631Z-b66b297d,162,white,52,Storm v4,Qe7#,g7e7,63.021,0.002339,63.518661,1,105,31999,4643
20260904T225631Z-b66b297d,162,black,0,v3,Ke1,e2e1,120.0,3.4990729999999997,117.00092699999999,,,,
20260904T225631Z-b66b297d,162,black,1,Storm v4,Bxf1,b5f1,120.0,2.560541,117.939459,15,2698490,17,2843
20260904T225631Z-b66b297d,162,black,2,v3,Kxf1,e1f1,117.0,6.053845,111.446155,,,,
20260904T225631Z-b66b297d,162,black,3,Storm v4,fxe4,f5e4,117.939,3.60828,114.83072,15,4042691,19,2817
20260904T225631Z-b66b297d,162,black,4,v3,fxe4,f3e4,111.446,5.481014,106.46498600000001,,,,
20260904T225631Z-b66b297d,162,black,5,Storm v4,Nf6,g8f6,114.831,2.060883,113.270117,14,2229655,11,2743
20260904T225631Z-b66b297d,162,black,6,v3,Nc3,b1c3,106.465,4.931792000000001,102.033208,,,,
20260904T225631Z-b66b297d,162,black,7,Storm v4,Be7,f8e7,113.27,1.813116,111.956884,14,1776667,8,2736
20260904T225631Z-b66b297d,162,black,8,v3,Nf3,g1f3,102.034,2.8268090000000003,99.70719100000001,,,,
20260904T225631Z-b66b297d,162,black,9,Storm v4,O-O,e8g8,111.956,2.411772,110.044228,14,2236715,12,2762
20260904T225631Z-b66b297d,162,black,10,v3,Kg1,f1g1,99.707,4.839805999999999,95.367194,,,,
20260904T225631Z-b66b297d,162,black,11,Storm v4,c5,c7c5,110.045,2.134373,108.41062699999999,14,1993634,3,2890
20260904T225631Z-b66b297d,162,black,12,v3,d5,d4d5,95.367,2.619793,93.24720699999999,,,,
20260904T225631Z-b66b297d,162,black,13,Storm v4,exd5,e6d5,108.41,1.894817,107.01518300000001,15,1796112,0,2711
20260904T225631Z-b66b297d,162,black,14,v3,exd5,e4d5,93.247,4.367028,89.379972,,,,
20260904T225631Z-b66b297d,162,black,15,Storm v4,h6,h7h6,107.015,4.7955950000000005,102.719405,15,4120531,3,6428
20260904T225631Z-b66b297d,162,black,16,v3,Qe2,d2e2,89.38,3.3458180000000004,86.534182,,,,
20260904T225631Z-b66b297d,162,black,17,Storm v4,Rf7,f8f7,102.72,5.819683,97.400317,15,4875301,1,6404
20260904T225631Z-b66b297d,162,black,18,v3,Bf4,c1f4,86.534,4.481136,82.552864,,,,
20260904T225631Z-b66b297d,162,black,19,Storm v4,Qb6,d8b6,97.4,2.3391010000000003,95.560899,14,1917721,1,2539
20260904T225631Z-b66b297d,162,black,20,v3,b3,b2b3,82.553,3.786474,79.266526,,,,
20260904T225631Z-b66b297d,162,black,21,Storm v4,Qb4,b6b4,95.561,2.3264180000000003,93.73458199999999,14,1955617,10,3095
20260904T225631Z-b66b297d,162,black,22,v3,Bd2,f4d2,79.266,3.7737939999999996,75.99220600000001,,,,
20260904T225631Z-b66b297d,162,black,23,Storm v4,Nbd7,b8d7,93.734,3.334425,90.899575,15,2740614,16,2531
20260904T225631Z-b66b297d,162,black,24,v3,Qe6,e2e6,75.992,3.131998,73.360002,,,,
20260904T225631Z-b66b297d,162,black,25,Storm v4,Ne5,d7e5,90.9,2.243116,89.156884,15,1783907,46,2464
20260904T225631Z-b66b297d,162,black,26,v3,Rf1,a1f1,73.36,2.123399,71.736601,,,,
20260904T225631Z-b66b297d,162,black,27,Storm v4,Re8,a8e8,89.157,3.296033,86.360967,15,2595351,61,2540
20260904T225631Z-b66b297d,162,black,28,v3,Nxe5,f3e5,71.737,2.220531,70.016469,,,,
20260904T225631Z-b66b297d,162,black,29,Storm v4,dxe5,d6e5,86.361,2.596888,84.264112,16,2128629,101,2993
20260904T225631Z-b66b297d,162,black,30,v3,Rf2,f1f2,70.016,3.27887,67.23713000000001,,,,
20260904T225631Z-b66b297d,162,black,31,Storm v4,Bf8,e7f8,84.264,3.041877,81.72212300000001,16,2529407,98,2572
20260904T225631Z-b66b297d,162,black,32,v3,Qf5,e6f5,67.237,2.323246,65.413754,,,,
20260904T225631Z-b66b297d,162,black,33,Storm v4,Qd4,b4d4,81.722,3.641421,78.580579,16,2971954,117,2557
20260904T225631Z-b66b297d,162,black,34,v3,h3,h2h3,65.414,3.584285,62.32971499999999,,,,
20260904T225631Z-b66b297d,162,black,35,Storm v4,c4,c5c4,78.58,5.356429,73.72357099999999,14,4100233,142,4818
20260904T225631Z-b66b297d,162,black,36,v3,d6,d5d6,62.33,2.1551060000000004,60.674894,,,,
20260904T225631Z-b66b297d,162,black,37,Storm v4,a6,a7a6,73.724,1.708015,72.515985,15,1347328,147,2280
20260904T225631Z-b66b297d,162,black,38,v3,bxc4,b3c4,60.675,2.963433,58.211567,,,,
20260904T225631Z-b66b297d,162,black,39,Storm v4,Bxd6,f8d6,72.516,2.419694,70.596306,15,1894224,154,2298
20260904T225631Z-b66b297d,162,black,40,v3,Nd5,c3d5,58.211,1.6718620000000002,57.039138,,,,
20260904T225631Z-b66b297d,162,black,41,Storm v4,Qxc4,d4c4,70.596,1.8654659999999998,69.230534,14,1609027,167,2249
20260904T225631Z-b66b297d,162,black,42,v3,Ne3,d5e3,57.039,1.778127,55.760873,,,,
20260904T225631Z-b66b297d,162,black,43,Storm v4,Qxa2,c4a2,69.231,1.780041,67.950959,15,1391839,182,2322
20260904T225631Z-b66b297d,162,black,44,v3,Qg6,f5g6,55.761,2.772681,53.488319000000004,,,,
20260904T225631Z-b66b297d,162,black,45,Storm v4,Rd8,e8d8,67.95,1.6710630000000002,66.778937,14,1238221,167,2439
20260904T225631Z-b66b297d,162,black,46,v3,Nf5,e3f5,53.488,2.666445,51.321555000000004,,,,
20260904T225631Z-b66b297d,162,black,47,Storm v4,Bc5,d6c5,66.779,1.9023789999999998,65.376621,14,1406898,182,2291
20260904T225631Z-b66b297d,162,black,48,v3,Be3,d2e3,51.322,2.42342,49.39858,,,,
20260904T225631Z-b66b297d,162,black,49,Storm v4,Bxe3,c5e3,65.377,2.164732,63.712267999999995,15,1731563,188,2229
20260904T225631Z-b66b297d,162,black,50,v3,Nxe3,f5e3,49.398,1.482699,48.415301,,,,
20260904T225631Z-b66b297d,162,black,51,Storm v4,Qa3,a2a3,63.712,2.889754,61.322246,15,2404724,169,2518
20260904T225631Z-b66b297d,162,black,52,v3,Nf5,e3f5,48.416,2.17398,46.74202,,,,
20260904T225631Z-b66b297d,162,black,53,Storm v4,Qc1+,a3c1,61.322,2.069458,59.752542,17,1913471,191,2274
20260904T225631Z-b66b297d,162,black,54,v3,Kh2,g1h2,46.742,1.637021,45.604979,,,,
20260904T225631Z-b66b297d,162,black,55,Storm v4,Qg5,c1g5,59.753,1.91294,58.34006,19,1984527,193,2252
20260904T225631Z-b66b297d,162,black,56,v3,Qxg5,g6g5,45.605,2.229049,43.875951,,,,
20260904T225631Z-b66b297d,162,black,57,Storm v4,hxg5,h6g5,58.34,2.03129,56.80871,18,2027832,195,2506
20260904T225631Z-b66b297d,162,black,58,v3,Rhf1,h1f1,43.875,2.055483,42.319517,,,,
20260904T225631Z-b66b297d,162,black,59,Storm v4,Kh7,g8h7,56.808,2.9017199999999996,54.406279999999995,15,2956701,195,2846
20260904T225631Z-b66b297d,162,black,60,v3,Ne3,f5e3,42.32,2.465087,40.354913,,,,
20260904T225631Z-b66b297d,162,black,61,Storm v4,Re7,f7e7,54.407,2.717898,52.189102,15,2798174,197,2794
20260904T225631Z-b66b297d,162,black,62,v3,Ng4,e3g4,40.355,2.3689270000000002,38.486073,,,,
20260904T225631Z-b66b297d,162,black,63,Storm v4,Nxg4+,f6g4,52.189,3.8308240000000002,48.858176,17,4341064,213,2715
20260904T225631Z-b66b297d,162,black,64,v3,hxg4,h3g4,38.486,1.682391,37.303608999999994,,,,
20260904T225631Z-b66b297d,162,black,65,Storm v4,e4,e5e4,48.858,4.223123999999999,45.134876000000006,18,4761728,222,2799
20260904T225631Z-b66b297d,162,black,66,v3,Re2,f2e2,37.303,2.174768,35.628232000000004,,,,
20260904T225631Z-b66b297d,162,black,67,Storm v4,Rc8,d8c8,45.135,3.071603,42.563396999999995,18,3552472,222,2538
20260904T225631Z-b66b297d,162,black,68,v3,Rd1,f1d1,35.629,1.705029,34.423970999999995,,,,
20260904T225631Z-b66b297d,162,black,69,Storm v4,Rc3,c8c3,42.563,1.7881340000000001,41.274866,15,2082114,219,2450
20260904T225631Z-b66b297d,162,black,70,v3,Rd6,d1d6,34.423,1.963558,32.959441999999996,,,,
20260904T225631Z-b66b297d,162,black,71,Storm v4,a5,a6a5,41.275,2.23583,39.53917,18,2412788,250,2455
20260904T225631Z-b66b297d,162,black,72,v3,Rd4,d6d4,32.96,1.852288,31.607712,,,,
20260904T225631Z-b66b297d,162,black,73,Storm v4,e3,e4e3,39.539,2.095696,37.943304000000005,18,2309927,236,2333
20260904T225631Z-b66b297d,162,black,74,v3,Kg3,h2g3,31.608,1.078915,31.029085,,,,
20260904T225631Z-b66b297d,162,black,75,Storm v4,Re6,e7e6,37.943,1.598135,36.844865,17,1786523,236,2166
20260904T225631Z-b66b297d,162,black,76,v3,Kf3,g3f3,31.029,1.3612739999999999,30.167726,,,,
20260904T225631Z-b66b297d,162,black,77,Storm v4,Rf6+,e6f6,36.845,1.776902,35.568098,16,1850220,242,2122
20260904T225631Z-b66b297d,162,black,78,v3,Kg3,f3g3,30.167,1.336517,29.330483,,,,
20260904T225631Z-b66b297d,162,black,79,Storm v4,Ra6,f6a6,35.568,3.0940920000000003,32.973907999999994,18,3208283,263,3523
20260904T225631Z-b66b297d,162,black,80,v3,Rd3,d4d3,29.331,1.332206,28.498794,,,,
20260904T225631Z-b66b297d,162,black,81,Storm v4,Rxd3,c3d3,32.974,3.21447,30.259529999999998,21,3877317,504,4364
20260904T225631Z-b66b297d,162,black,82,v3,cxd3,c2d3,28.498,1.264079,27.733921,,,,
20260904T225631Z-b66b297d,162,black,83,Storm v4,a4,a5a4,30.26,2.512339,28.247661,21,2951845,506,4026
20260904T225631Z-b66b297d,162,black,84,v3,Kf3,g3f3,27.734,1.2310640000000002,27.002936000000002,,,,
20260904T225631Z-b66b297d,162,black,85,Storm v4,Rf6+,a6f6,28.247,3.113028,25.633972,21,2940126,540,4113
20260904T225631Z-b66b297d,162,black,86,v3,Kg3,f3g3,27.003,1.044368,26.458632,,,,
20260904T225631Z-b66b297d,162,black,87,Storm v4,a3,a4a3,25.634,8.973844,17.160156000000004,21,10736640,582,3740
20260904T225631Z-b66b297d,162,black,88,v3,Rxe3,e2e3,26.459,1.351395,25.607605,,,,
20260904T225631Z-b66b297d,162,black,89,Storm v4,Ra6,f6a6,17.16,0.8954160000000001,16.764584000000003,22,1251789,637,1307
20260904T225631Z-b66b297d,162,black,90,v3,Re1,e3e1,25.607,1.450473,24.656527,,,,
20260904T225631Z-b66b297d,162,black,91,Storm v4,a2,a3a2,16.765,1.736048,15.528951999999999,21,2221425,676,2563
20260904T225631Z-b66b297d,162,black,92,v3,Ra1,e1a1,24.657,1.4035199999999999,23.75348,,,,
20260904T225631Z-b66b297d,162,black,93,Storm v4,b5,b7b5,15.529,5.794988999999999,10.234011,22,5664768,694,1169
20260904T225631Z-b66b297d,162,black,94,v3,Kf3,g3f3,23.753,0.98741,23.26559,,,,
20260904T225631Z-b66b297d,162,black,95,Storm v4,b4,b5b4,10.234,4.130648,6.603352,18,3405824,694,833
20260904T225631Z-b66b297d,162,black,96,v3,Ke4,f3e4,23.266,1.264838,22.501162,,,,
20260904T225631Z-b66b297d,162,black,97,Storm v4,b3,b4b3,6.603,1.700308,5.402692,12,1629575,1405,1469
20260904T225631Z-b66b297d,162,black,98,v3,Rh1+,a1h1,22.501,1.325785,21.675215,,,,
20260904T225631Z-b66b297d,162,black,99,Storm v4,Kg8,h7g8,5.403,2.8187399999999996,3.08426,12,2289664,1421,1809
20260904T225631Z-b66b297d,162,black,100,v3,Rc1,h1c1,21.675,1.7098900000000001,20.46511,,,,
20260904T225631Z-b66b297d,162,black,101,Storm v4,b2,b3b2,3.084,1.8816410000000001,1.702359,11,1443840,1565,1243
20260904T225631Z-b66b297d,162,black,102,v3,Rh1,c1h1,20.465,0.9666480000000001,19.998352,,,,
20260904T225631Z-b66b297d,162,black,103,Storm v4,b1=Q,b2b1q,1.702,1.303442,0.898558,9,1044480,1679,656
20260904T225631Z-b66b297d,162,black,104,v3,Rxb1,h1b1,19.998,1.2318140000000002,19.266186,,,,
20260904T225631Z-b66b297d,162,black,105,Storm v4,axb1=Q,a2b1q,0.899,0.240387,1.1586130000000001,9,222646,31989,498
20260904T225631Z-b66b297d,162,black,106,v3,Kd5,e4d5,19.267,0.789789,18.977211,,,,
20260904T225631Z-b66b297d,162,black,107,Storm v4,Qb5+,b1b5,1.158,0.0020369999999999997,1.655963,1,79,31991,425
20260904T225631Z-b66b297d,162,black,108,v3,Ke4,d5e4,18.977,0.7074729999999999,18.769527000000004,,,,
20260904T225631Z-b66b297d,162,black,109,Storm v4,Re6+,a6e6,1.656,0.010490000000000001,2.1455100000000003,4,8528,31993,1052
20260904T225631Z-b66b297d,162,black,110,v3,Kd4,e4d4,18.769,0.19394399999999998,19.075056,,,,
20260904T225631Z-b66b297d,162,black,111,Storm v4,Qb4+,b5b4,2.146,0.002212,2.643788,1,67,31995,481
20260904T225631Z-b66b297d,162,black,112,v3,Kd5,d4d5,19.075,0.00098,19.57402,,,,
20260904T225631Z-b66b297d,162,black,113,Storm v4,Rd6+,e6d6,2.643,0.0019010000000000001,3.141099,1,96,31997,524
20260904T225631Z-b66b297d,162,black,114,v3,Ke5,d5e5,19.574,0.00115,20.07285,,,,
20260904T225631Z-b66b297d,162,black,115,Storm v4,Qf4#,b4f4,3.141,0.001827,3.639173,1,65,31999,567
20260904T225631Z-b66b297d,163,white,0,Storm v4,Nd2,b1d2,120.0,3.249991,117.250009,16,3235493,-32,2924
20260904T225631Z-b66b297d,163,white,1,v3,Nc6,b8c6,120.0,4.047829,116.452171,,,,
20260904T225631Z-b66b297d,163,white,2,Storm v4,Nf3,g1f3,117.249,4.665343,113.083657,16,4500872,-32,2743
20260904T225631Z-b66b297d,163,white,3,v3,Nf6,g8f6,116.452,5.35177,111.60023,,,,
20260904T225631Z-b66b297d,163,white,4,Storm v4,Bd3,f1d3,113.084,2.648125,110.935875,15,2413070,-33,2729
20260904T225631Z-b66b297d,163,white,5,v3,Bd6,f8d6,111.6,5.789699,106.31030100000001,,,,
20260904T225631Z-b66b297d,163,white,6,Storm v4,O-O,e1g1,110.936,2.019285,109.416715,15,1831796,-4,2659
20260904T225631Z-b66b297d,163,white,7,v3,O-O,e8g8,106.31,4.66906,102.14094,,,,
20260904T225631Z-b66b297d,163,white,8,Storm v4,a3,a2a3,109.417,2.090001,107.826999,16,2017283,0,2593
20260904T225631Z-b66b297d,163,white,9,v3,Qa5,b4a5,102.141,2.8237550000000002,99.817245,,,,
20260904T225631Z-b66b297d,163,white,10,Storm v4,b4,b2b4,107.826,1.713174,106.612826,15,1586396,-1,2594
20260904T225631Z-b66b297d,163,white,11,v3,Qh5,a5h5,99.817,3.221089,97.09591099999999,,,,
20260904T225631Z-b66b297d,163,white,12,Storm v4,c5,c4c5,106.613,3.630563,103.482437,14,2885766,3,2603
20260904T225631Z-b66b297d,163,white,13,v3,Be7,d6e7,97.096,4.798023,92.797977,,,,
20260904T225631Z-b66b297d,163,white,14,Storm v4,Bb2,c1b2,103.483,2.898855,101.084145,15,2636380,14,3862
20260904T225631Z-b66b297d,163,white,15,v3,d6,d7d6,92.798,4.722473,88.57552700000001,,,,
20260904T225631Z-b66b297d,163,white,16,Storm v4,b5,b4b5,101.084,3.965026,97.61897400000001,15,3502485,5,6135
20260904T225631Z-b66b297d,163,white,17,v3,Ne5,c6e5,88.575,3.017237,86.05776300000001,,,,
20260904T225631Z-b66b297d,163,white,18,Storm v4,cxd6,c5d6,97.619,1.681535,96.437465,15,1487246,5,2453
20260904T225631Z-b66b297d,163,white,19,v3,cxd6,c7d6,86.058,4.282675,82.275325,,,,
20260904T225631Z-b66b297d,163,white,20,Storm v4,Qe2,d1e2,96.437,4.481646,92.455354,16,3956100,-17,2506
20260904T225631Z-b66b297d,163,white,21,v3,Qg6,h5g6,82.275,4.0245999999999995,78.7504,,,,
20260904T225631Z-b66b297d,163,white,22,Storm v4,Bxd4,b2d4,92.455,2.143919,90.811081,15,1846583,-17,2384
20260904T225631Z-b66b297d,163,white,23,v3,Nxd3,e5d3,78.751,3.124892,76.126108,,,,
20260904T225631Z-b66b297d,163,white,24,Storm v4,Qxd3,e2d3,90.811,2.0204590000000002,89.29054099999999,15,1746943,-20,2415
20260904T225631Z-b66b297d,163,white,25,v3,Nd5,f6d5,76.126,2.387009,74.238991,,,,
20260904T225631Z-b66b297d,163,white,26,Storm v4,g3,g2g3,89.291,2.173486,87.617514,15,1942905,-20,2452
20260904T225631Z-b66b297d,163,white,27,v3,a6,a7a6,74.239,2.14702,72.59197999999999,,,,
20260904T225631Z-b66b297d,163,white,28,Storm v4,bxa6,b5a6,87.617,2.496913,85.620087,14,2132947,-14,2456
20260904T225631Z-b66b297d,163,white,29,v3,Rxa6,a8a6,72.592,3.243099,69.848901,,,,
20260904T225631Z-b66b297d,163,white,30,Storm v4,Kh1,g1h1,85.62,2.255902,83.864098,13,1841606,-21,2565
20260904T225631Z-b66b297d,163,white,31,v3,Bf6,e7f6,69.848,2.739558,67.608442,,,,
20260904T225631Z-b66b297d,163,white,32,Storm v4,Rfe1,f1e1,83.864,3.547022,80.816978,14,2923235,-10,3051
20260904T225631Z-b66b297d,163,white,33,v3,Bxd4,f6d4,67.609,3.1669140000000002,64.942086,,,,
20260904T225631Z-b66b297d,163,white,34,Storm v4,Qxd4,d3d4,80.817,4.438559000000001,76.87844100000001,16,3528439,-10,2935
20260904T225631Z-b66b297d,163,white,35,v3,Nf6,d5f6,64.942,3.147566,62.294434,,,,
20260904T225631Z-b66b297d,163,white,36,Storm v4,Kg1,h1g1,76.879,3.8667249999999997,73.51227499999999,14,3003758,-18,2486
20260904T225631Z-b66b297d,163,white,37,v3,Bg4,c8g4,62.294,2.5957510000000004,60.198249,,,,
20260904T225631Z-b66b297d,163,white,38,Storm v4,Qb4,d4b4,73.512,3.2340590000000002,70.77794100000001,15,2504309,6,2432
20260904T225631Z-b66b297d,163,white,39,v3,Rb8,f8b8,60.198,2.877747,57.820252999999994,,,,
20260904T225631Z-b66b297d,163,white,40,Storm v4,Rac1,a1c1,70.778,2.382253,68.895747,16,1997925,5,2296
20260904T225631Z-b66b297d,163,white,41,v3,Re8,b8e8,57.821,2.1816649999999997,56.139335,,,,
20260904T225631Z-b66b297d,163,white,42,Storm v4,e5,e4e5,68.896,2.919737,66.476263,17,2572025,84,2229
20260904T225631Z-b66b297d,163,white,43,v3,Bxf3,g4f3,56.139,1.674142,54.964858,,,,
20260904T225631Z-b66b297d,163,white,44,Storm v4,exf6,e5f6,66.476,2.216829,64.75917100000001,16,1802222,322,2288
20260904T225631Z-b66b297d,163,white,45,v3,Rd8,e8d8,54.965,2.07774,53.387260000000005,,,,
20260904T225631Z-b66b297d,163,white,46,Storm v4,Nxf3,d2f3,64.759,2.109143,63.149857000000004,16,1711511,311,2313
20260904T225631Z-b66b297d,163,white,47,v3,Qxf6,g6f6,53.387,2.147818,51.739182,,,,
20260904T225631Z-b66b297d,163,white,48,Storm v4,Kg2,g1g2,63.15,3.8408939999999996,59.809106,16,3153038,328,3555
20260904T225631Z-b66b297d,163,white,49,v3,d5,d6d5,51.739,3.42767,48.811330000000005,,,,
20260904T225631Z-b66b297d,163,white,50,Storm v4,Qxb7,b4b7,59.809,2.893924,57.415076,16,2540076,352,2276
20260904T225631Z-b66b297d,163,white,51,v3,Re6,a6e6,48.811,1.730371,47.580629,,,,
20260904T225631Z-b66b297d,163,white,52,Storm v4,Rxe6,e1e6,57.415,1.455422,56.459578,15,1353127,349,2225
20260904T225631Z-b66b297d,163,white,53,v3,fxe6,f7e6,47.581,1.8612270000000002,46.219773,,,,
20260904T225631Z-b66b297d,163,white,54,Storm v4,Rc8,c1c8,56.459,3.206135,53.752865,16,3297105,370,2458
20260904T225631Z-b66b297d,163,white,55,v3,h6,h7h6,46.22,1.504691,45.215309,,,,
20260904T225631Z-b66b297d,163,white,56,Storm v4,a4,a3a4,53.753,3.525661,50.727339,17,3658252,437,4077
20260904T225631Z-b66b297d,163,white,57,v3,Qf8,f6f8,45.215,2.329841,43.385159,,,,
20260904T225631Z-b66b297d,163,white,58,Storm v4,Rxd8,c8d8,50.727,10.285972,40.941027999999996,18,10283315,480,4757
20260904T225631Z-b66b297d,163,white,59,v3,Qxd8,f8d8,43.385,1.706887,42.178112999999996,,,,
20260904T225631Z-b66b297d,163,white,60,Storm v4,Nd4,f3d4,40.941,1.52401,39.91699,18,1521405,486,2231
20260904T225631Z-b66b297d,163,white,61,v3,Qf6,d8f6,42.178,2.4502979999999996,40.227702,,,,
20260904T225631Z-b66b297d,163,white,62,Storm v4,Qc8+,b7c8,39.917,10.806304,29.610696,17,10469376,486,2180
20260904T225631Z-b66b297d,163,white,63,v3,Kf7,g8f7,40.228,1.420453,39.307547,,,,
20260904T225631Z-b66b297d,163,white,64,Storm v4,Qd7+,c8d7,29.611,1.322905,28.788095000000002,18,1248759,495,1670
20260904T225631Z-b66b297d,163,white,65,v3,Qe7,f6e7,39.307,1.564766,38.242233999999996,,,,
20260904T225631Z-b66b297d,163,white,66,Storm v4,Qxe7+,d7e7,28.788,1.1487129999999999,28.139287,18,1375978,502,1629
20260904T225631Z-b66b297d,163,white,67,v3,Kxe7,f7e7,38.243,2.11761,36.625389999999996,,,,
20260904T225631Z-b66b297d,163,white,68,Storm v4,a5,a4a5,28.139,3.103325,25.535674999999998,18,3983320,509,4472
20260904T225631Z-b66b297d,163,white,69,v3,Kd7,e7d7,36.625,2.111017,35.013983,,,,
20260904T225631Z-b66b297d,163,white,70,Storm v4,Nxe6,d4e6,25.536,3.781725,22.254275,18,5208308,545,3386
20260904T225631Z-b66b297d,163,white,71,v3,Kc6,d7c6,35.014,1.8586449999999999,33.655355,,,,
20260904T225631Z-b66b297d,163,white,72,Storm v4,Nxg7,e6g7,22.254,1.601089,21.152911,17,2346634,534,1993
20260904T225631Z-b66b297d,163,white,73,v3,Kb5,c6b5,33.655,1.62247,32.53253,,,,
20260904T225631Z-b66b297d,163,white,74,Storm v4,Kf3,g2f3,21.153,1.6598320000000002,19.993168,17,2331044,558,1887
20260904T225631Z-b66b297d,163,white,75,v3,Kxa5,b5a5,32.533,1.4846679999999999,31.548332,,,,
20260904T225631Z-b66b297d,163,white,76,Storm v4,Ke3,f3e3,19.993,1.888968,18.604032,17,2654846,582,3411
20260904T225631Z-b66b297d,163,white,77,v3,Kb4,a5b4,31.548,1.5042840000000002,30.543716,,,,
20260904T225631Z-b66b297d,163,white,78,Storm v4,Kd4,e3d4,18.604,3.832904,15.271096,17,5244525,655,5288
20260904T225631Z-b66b297d,163,white,79,v3,Kb5,b4b5,30.544,1.7803959999999999,29.263604,,,,
20260904T225631Z-b66b297d,163,white,80,Storm v4,g4,g3g4,15.271,2.0816120000000002,13.689388,17,2791147,704,2237
20260904T225631Z-b66b297d,163,white,81,v3,Kc6,b5c6,29.263,1.745982,28.017018,,,,
20260904T225631Z-b66b297d,163,white,82,Storm v4,Nf5,g7f5,13.69,2.2743130000000003,11.915687,19,2877447,874,2121
20260904T225631Z-b66b297d,163,white,83,v3,Kd7,c6d7,28.017,1.7654210000000001,26.751579000000003,,,,
20260904T225631Z-b66b297d,163,white,84,Storm v4,Nxh6,f5h6,11.915,2.081451,10.333549,19,2614151,1277,2621
20260904T225631Z-b66b297d,163,white,85,v3,Kd6,d7d6,26.752,1.7087139999999998,25.543286,,,,
20260904T225631Z-b66b297d,163,white,86,Storm v4,h4,h2h4,10.334,1.83681,8.99719,18,2720835,1155,2690
20260904T225631Z-b66b297d,163,white,87,v3,Ke7,d6e7,25.543,0.875583,25.167417,,,,
20260904T225631Z-b66b297d,163,white,88,Storm v4,g5,g4g5,8.997,2.1393359999999997,7.357664000000001,18,2526991,1601,1428
20260904T225631Z-b66b297d,163,white,89,v3,Kf8,e7f8,25.167,1.530287,24.136713,,,,
20260904T225631Z-b66b297d,163,white,90,Storm v4,h5,h4h5,7.358,1.783774,6.074226,17,2206022,1601,726
20260904T225631Z-b66b297d,163,white,91,v3,Ke7,f8e7,24.137,1.3228959999999998,23.314104,,,,
20260904T225631Z-b66b297d,163,white,92,Storm v4,Nf5+,h6f5,6.074,0.549042,6.024958,15,641089,1601,628
20260904T225631Z-b66b297d,163,white,93,v3,Ke6,e7e6,23.314,1.052421,22.761579,,,,
20260904T225631Z-b66b297d,163,white,94,Storm v4,g6,g5g6,6.025,1.4456849999999999,5.079315,15,1372386,31981,1951
20260904T225631Z-b66b297d,163,white,95,v3,Kxf5,e6f5,22.762,1.250219,22.011781,,,,
20260904T225631Z-b66b297d,163,white,96,Storm v4,g7,g6g7,5.079,0.00108,5.57792,1,20,31983,872
20260904T225631Z-b66b297d,163,white,97,v3,Ke6,f5e6,22.011,1.3850060000000002,21.125994,,,,
20260904T225631Z-b66b297d,163,white,98,Storm v4,g8=Q+,g7g8q,5.578,0.001232,6.076768,1,23,31987,934
20260904T225631Z-b66b297d,163,white,99,v3,Ke7,e6e7,21.126,1.32958,20.296419999999998,,,,
20260904T225631Z-b66b297d,163,white,100,Storm v4,h6,h5h6,6.077,0.001813,6.575187,1,52,31989,867
20260904T225631Z-b66b297d,163,white,101,v3,Kd7,e7d7,20.297,0.752903,20.044097,,,,
20260904T225631Z-b66b297d,163,white,102,Storm v4,Kxd5,d4d5,6.575,0.001847,7.0731530000000005,1,64,31991,915
20260904T225631Z-b66b297d,163,white,103,v3,Kc7,d7c7,20.044,0.7287380000000001,19.815261999999997,,,,
20260904T225631Z-b66b297d,163,white,104,Storm v4,h7,h6h7,7.073,0.001782,7.571218,1,49,31993,964
20260904T225631Z-b66b297d,163,white,105,v3,Kb7,c7b7,19.815,0.06374300000000001,20.251257000000003,,,,
20260904T225631Z-b66b297d,163,white,106,Storm v4,h8=Q,h7h8q,7.571,0.002236,8.068764,2,336,31995,1822
20260904T225631Z-b66b297d,163,white,107,v3,Kc7,b7c7,20.251,0.001367,20.749633000000003,,,,
20260904T225631Z-b66b297d,163,white,108,Storm v4,Qb8+,g8b8,8.069,0.0021509999999999997,8.566849,1,83,31997,943
20260904T225631Z-b66b297d,163,white,109,v3,Kd7,c7d7,20.75,0.001176,21.248824,,,,
20260904T225631Z-b66b297d,163,white,110,Storm v4,Qb7#,b8b7,8.567,0.00228,9.06472,1,69,31999,982
20260904T225631Z-b66b297d,163,black,0,v3,Nd2,b1d2,120.0,4.100347,116.399653,,,,
20260904T225631Z-b66b297d,163,black,1,Storm v4,Nc6,b8c6,120.0,2.8911819999999997,117.608818,14,2943679,32,2843
20260904T225631Z-b66b297d,163,black,2,v3,Nf3,g1f3,116.399,5.767039,111.13196099999999,,,,
20260904T225631Z-b66b297d,163,black,3,Storm v4,Bd6,f8d6,117.608,1.943672,116.164328,14,1864416,22,2851
20260904T225631Z-b66b297d,163,black,4,v3,a3,a2a3,111.132,5.413509,106.218491,,,,
20260904T225631Z-b66b297d,163,black,5,Storm v4,Qa5,b4a5,116.165,2.668463,113.996537,16,2471085,-17,2763
20260904T225631Z-b66b297d,163,black,6,v3,Rb1,a1b1,106.218,4.885517,101.83248300000001,,,,
20260904T225631Z-b66b297d,163,black,7,Storm v4,Qh5,a5h5,113.996,6.0866940000000005,108.409306,17,5624326,-32,3547
20260904T225631Z-b66b297d,163,black,8,v3,b4,b2b4,101.833,4.326062,98.00693799999999,,,,
20260904T225631Z-b66b297d,163,black,9,Storm v4,Nf6,g8f6,108.409,1.675049,107.233951,15,1511208,-32,2565
20260904T225631Z-b66b297d,163,black,10,v3,Bb2,c1b2,98.007,4.779247000000001,93.72775299999999,,,,
20260904T225631Z-b66b297d,163,black,11,Storm v4,Bf4,d6f4,107.234,2.678804,105.055196,14,2265990,-15,3128
20260904T225631Z-b66b297d,163,black,12,v3,g3,g2g3,93.727,4.389984,89.837016,,,,
20260904T225631Z-b66b297d,163,black,13,Storm v4,Bxd2+,f4d2,105.055,2.3903359999999996,103.164664,15,2207574,-24,2543
20260904T225631Z-b66b297d,163,black,14,v3,Nxd2,f3d2,89.837,4.585273,85.751727,,,,
20260904T225631Z-b66b297d,163,black,15,Storm v4,Qxd1+,h5d1,103.165,2.4885680000000003,101.176432,16,2676881,-37,2618
20260904T225631Z-b66b297d,163,black,16,v3,Rxd1,b1d1,85.752,3.831178,82.420822,,,,
20260904T225631Z-b66b297d,163,black,17,Storm v4,O-O,e8g8,101.176,3.7441489999999997,97.931851,17,4099246,-27,4753
20260904T225631Z-b66b297d,163,black,18,v3,b5,b4b5,82.421,3.342479,79.578521,,,,
20260904T225631Z-b66b297d,163,black,19,Storm v4,Ne5,c6e5,97.932,2.1296120000000003,96.30238800000001,17,2288288,-23,3039
20260904T225631Z-b66b297d,163,black,20,v3,Bxd4,b2d4,79.578,3.457097,76.62090300000001,,,,
20260904T225631Z-b66b297d,163,black,21,Storm v4,d6,d7d6,96.302,4.324084,92.477916,18,4549939,-23,3002
20260904T225631Z-b66b297d,163,black,22,v3,f4,f2f4,76.621,3.8746,73.2464,,,,
20260904T225631Z-b66b297d,163,black,23,Storm v4,Ng6,e5g6,92.478,4.226746,88.751254,17,4387507,-19,2960
20260904T225631Z-b66b297d,163,black,24,v3,h4,h2h4,73.246,3.280499,70.465501,,,,
20260904T225631Z-b66b297d,163,black,25,Storm v4,h5,h7h5,88.751,9.139971,80.111029,17,9850721,-26,7762
20260904T225631Z-b66b297d,163,black,26,v3,Be2,f1e2,70.466,2.477986,68.48801399999999,,,,
20260904T225631Z-b66b297d,163,black,27,Storm v4,Bg4,c8g4,80.111,2.627152,77.983848,17,2925861,-26,4025
20260904T225631Z-b66b297d,163,black,28,v3,Bxf6,d4f6,68.488,2.4519810000000004,66.536019,,,,
20260904T225631Z-b66b297d,163,black,29,Storm v4,Bxe2,g4e2,77.984,3.331148,75.152852,17,3786308,-23,2744
20260904T225631Z-b66b297d,163,black,30,v3,Bxg7,f6g7,66.536,3.3520390000000004,63.683961000000004,,,,
20260904T225631Z-b66b297d,163,black,31,Storm v4,Bxd1,e2d1,75.153,3.177361,72.475639,19,3869752,2,2768
20260904T225631Z-b66b297d,163,black,32,v3,Bxf8,g7f8,63.684,2.980708,61.203292000000005,,,,
20260904T225631Z-b66b297d,163,black,33,Storm v4,Nxf8,g6f8,72.476,2.057821,70.91817900000001,19,2567205,0,3001
20260904T225631Z-b66b297d,163,black,34,v3,Kxd1,e1d1,61.203,3.184813,58.518187,,,,
20260904T225631Z-b66b297d,163,black,35,Storm v4,a6,a7a6,70.918,2.52567,68.89233,19,3004658,2,3154
20260904T225631Z-b66b297d,163,black,36,v3,Ke2,d1e2,58.518,2.816773,56.201226999999996,,,,
20260904T225631Z-b66b297d,163,black,37,Storm v4,axb5,a6b5,68.892,3.491425,65.900575,19,4250931,4,3189
20260904T225631Z-b66b297d,163,black,38,v3,cxb5,c4b5,56.201,2.930825,53.770175,,,,
20260904T225631Z-b66b297d,163,black,39,Storm v4,Rxa3,a8a3,65.9,4.56694,61.833059999999996,19,5264316,13,3079
20260904T225631Z-b66b297d,163,black,40,v3,f5,f4f5,53.77,2.9343310000000002,51.335669,,,,
20260904T225631Z-b66b297d,163,black,41,Storm v4,Nd7,f8d7,61.834,4.886024,57.447976000000004,19,5414643,6,3075
20260904T225631Z-b66b297d,163,black,42,v3,Rg1,h1g1,51.336,1.966503,49.869497,,,,
20260904T225631Z-b66b297d,163,black,43,Storm v4,Kh7,g8h7,57.447,4.6885129999999995,53.258487,15,5357548,6,6906
20260904T225631Z-b66b297d,163,black,44,v3,Nb1,d2b1,49.869,1.82907,48.53993,,,,
20260904T225631Z-b66b297d,163,black,45,Storm v4,Ra2+,a3a2,53.259,1.987376,51.771624,16,2272215,9,2695
20260904T225631Z-b66b297d,163,black,46,v3,Ke3,e2e3,48.54,1.713151,47.326849,,,,
20260904T225631Z-b66b297d,163,black,47,Storm v4,Ne5,d7e5,51.771,2.420279,49.850721,17,2780077,8,2679
20260904T225631Z-b66b297d,163,black,48,v3,Nc3,b1c3,47.327,1.913243,45.913757,,,,
20260904T225631Z-b66b297d,163,black,49,Storm v4,Ra3,a2a3,49.851,1.884557,48.466443,16,2152579,0,2759
20260904T225631Z-b66b297d,163,black,50,v3,Rc1,g1c1,45.914,1.59197,44.82203,,,,
20260904T225631Z-b66b297d,163,black,51,Storm v4,c6,c7c6,48.467,2.0922910000000003,46.874709,17,2340770,0,2684
20260904T225631Z-b66b297d,163,black,52,v3,bxc6,b5c6,44.822,2.4742420000000003,42.847758,,,,
20260904T225631Z-b66b297d,163,black,53,Storm v4,bxc6,b7c6,46.874,2.7642480000000003,44.609752,19,3098575,8,2611
20260904T225631Z-b66b297d,163,black,54,v3,Kd2,e3d2,42.848,2.340436,41.007563999999995,,,,
20260904T225631Z-b66b297d,163,black,55,Storm v4,Kg7,h7g7,44.61,3.40252,41.707480000000004,19,3632509,8,2547
20260904T225631Z-b66b297d,163,black,56,v3,Kc2,d2c2,41.007,2.222992,39.284008,,,,
20260904T225631Z-b66b297d,163,black,57,Storm v4,Kf6,g7f6,41.707,4.61123,37.59577,19,4907264,13,2477
20260904T225631Z-b66b297d,163,black,58,v3,Rd1,c1d1,39.284,1.470673,38.313327,,,,
20260904T225631Z-b66b297d,163,black,59,Storm v4,d5,d6d5,37.596,4.067723,34.028277,19,4308178,6,2379
20260904T225631Z-b66b297d,163,black,60,v3,exd5,e4d5,38.313,2.163,36.65,,,,
20260904T225631Z-b66b297d,163,black,61,Storm v4,cxd5,c6d5,34.028,1.541147,32.986853,16,1600244,6,2134
20260904T225631Z-b66b297d,163,black,62,v3,Rd4,d1d4,36.65,1.512218,35.637782,,,,
20260904T225631Z-b66b297d,163,black,63,Storm v4,Nc6,e5c6,32.987,3.171183,30.315817,17,3470269,104,4783
20260904T225631Z-b66b297d,163,black,64,v3,Rxd5,d4d5,35.638,2.0001379999999997,34.137862,,,,
20260904T225631Z-b66b297d,163,black,65,Storm v4,Nb4+,c6b4,30.316,1.953269,28.862731,20,2439433,107,1946
20260904T225631Z-b66b297d,163,black,66,v3,Kb2,c2b2,34.138,1.876265,32.761735,,,,
20260904T225631Z-b66b297d,163,black,67,Storm v4,Rxc3,a3c3,28.863,3.277846,26.085154,22,4232875,187,3224
20260904T225631Z-b66b297d,163,black,68,v3,Rd6+,d5d6,32.762,1.253833,32.008167,,,,
20260904T225631Z-b66b297d,163,black,69,Storm v4,Ke5,f6e5,26.085,3.821062,22.763938000000003,23,4573277,215,3816
20260904T225631Z-b66b297d,163,black,70,v3,Kxc3,b2c3,32.008,1.328516,31.179484,,,,
20260904T225631Z-b66b297d,163,black,71,Storm v4,Na2+,b4a2,22.764,2.652008,20.611991999999997,23,2729189,215,1709
20260904T225631Z-b66b297d,163,black,72,v3,Kb3,c3b3,31.179,1.488933,30.190067,,,,
20260904T225631Z-b66b297d,163,black,73,Storm v4,Kxd6,e5d6,20.612,2.432873,18.679127,21,2982115,245,3196
20260904T225631Z-b66b297d,163,black,74,v3,Kxa2,b3a2,30.19,1.424601,29.265399000000002,,,,
20260904T225631Z-b66b297d,163,black,75,Storm v4,Ke5,d6e5,18.679,2.665858,16.513142,22,4114270,339,3659
20260904T225631Z-b66b297d,163,black,76,v3,Kb3,a2b3,29.265,1.36569,28.39931,,,,
20260904T225631Z-b66b297d,163,black,77,Storm v4,Kxf5,e5f5,16.513,7.4809149999999995,9.532084999999999,26,7975936,970,3682
20260904T225631Z-b66b297d,163,black,78,v3,Kc4,b3c4,28.4,1.751595,27.148405,,,,
20260904T225631Z-b66b297d,163,black,79,Storm v4,Kg4,f5g4,9.532,2.046151,7.985849,26,2923215,1025,2125
20260904T225631Z-b66b297d,163,black,80,v3,Kd5,c4d5,27.148,1.057366,26.590633999999998,,,,
20260904T225631Z-b66b297d,163,black,81,Storm v4,Kxg3,g4g3,7.986,0.749386,7.736613999999999,24,1126639,1025,810
20260904T225631Z-b66b297d,163,black,82,v3,Ke4,d5e4,26.591,1.282835,25.808165000000002,,,,
20260904T225631Z-b66b297d,163,black,83,Storm v4,Kxh4,g3h4,7.736,0.9420259999999999,7.293974,23,1535204,976,1874
20260904T225631Z-b66b297d,163,black,84,v3,Kf4,e4f4,25.808,1.480193,24.827807,,,,
20260904T225631Z-b66b297d,163,black,85,Storm v4,f5,f7f5,7.294,1.087376,6.706624,23,1730296,1031,1266
20260904T225631Z-b66b297d,163,black,86,v3,Kf3,f4f3,24.828,1.5753620000000002,23.752637999999997,,,,
20260904T225631Z-b66b297d,163,black,87,Storm v4,Kg5,h4g5,6.707,2.069483,5.137517,22,3281990,1536,2205
20260904T225631Z-b66b297d,163,black,88,v3,Kg3,f3g3,23.752,0.866786,23.385214,,,,
20260904T225631Z-b66b297d,163,black,89,Storm v4,f4+,f5f4,5.137,1.073118,4.5638819999999996,19,1751800,1926,1407
20260904T225631Z-b66b297d,163,black,90,v3,Kh3,g3h3,23.385,1.095259,22.789741000000003,,,,
20260904T225631Z-b66b297d,163,black,91,Storm v4,h4,h5h4,4.564,1.235316,3.828684,21,1322367,31973,1656
20260904T225631Z-b66b297d,163,black,92,v3,Kg2,h3g2,22.79,1.005241,22.284758999999998,,,,
20260904T225631Z-b66b297d,163,black,93,Storm v4,Kg4,g5g4,3.829,0.0010789999999999999,4.327921,1,20,31975,716
20260904T225631Z-b66b297d,163,black,94,v3,Kh2,g2h2,22.285,1.5308140000000001,21.254186,,,,
20260904T225631Z-b66b297d,163,black,95,Storm v4,f3,f4f3,4.328,0.001238,4.8267619999999996,5,300,31973,1245
20260904T225631Z-b66b297d,163,black,96,v3,Kh1,h2h1,21.254,0.981735,20.772265,,,,
20260904T225631Z-b66b297d,163,black,97,Storm v4,Kh3,g4h3,4.826,0.001192,5.324808,3,237,31973,1664
20260904T225631Z-b66b297d,163,black,98,v3,Kg1,h1g1,20.772,1.131019,20.140981,,,,
20260904T225631Z-b66b297d,163,black,99,Storm v4,Kg3,h3g3,5.325,0.00092,5.82408,1,9,31975,903
20260904T225631Z-b66b297d,163,black,100,v3,Kh1,g1h1,20.141,0.887597,19.753403,,,,
20260904T225631Z-b66b297d,163,black,101,Storm v4,h3,h4h3,5.824,0.008655,6.315345000000001,11,8396,31985,1544
20260904T225631Z-b66b297d,163,black,102,v3,Kg1,h1g1,19.753,0.752134,19.500866000000002,,,,
20260904T225631Z-b66b297d,163,black,103,Storm v4,f2+,f3f2,6.315,0.0009469999999999999,6.8140529999999995,1,18,31987,1026
20260904T225631Z-b66b297d,163,black,104,v3,Kf1,g1f1,19.501,0.762475,19.238525000000003,,,,
20260904T225631Z-b66b297d,163,black,105,Storm v4,h2,h3h2,6.814,0.000937,7.3130630000000005,1,13,31989,1089
20260904T225631Z-b66b297d,163,black,106,v3,Ke2,f1e2,19.239,0.766673,18.972327,,,,
20260904T225631Z-b66b297d,163,black,107,Storm v4,h1=Q,h2h1q,7.314,0.001213,7.812787,1,28,31991,1151
20260904T225631Z-b66b297d,163,black,108,v3,Kd3,e2d3,18.972,0.71299,18.75901,,,,
20260904T225631Z-b66b297d,163,black,109,Storm v4,f1=Q+,f2f1q,7.812,0.001814,8.310186,1,56,31993,1035
20260904T225631Z-b66b297d,163,black,110,v3,Kd4,d3d4,18.759,0.13752099999999998,19.121479,,,,
20260904T225631Z-b66b297d,163,black,111,Storm v4,Qa1+,f1a1,8.31,0.009025,8.800975000000001,3,9388,31991,1905
20260904T225631Z-b66b297d,163,black,112,v3,Kc5,d4c5,19.122,0.44336000000000003,19.178639999999998,,,,
20260904T225631Z-b66b297d,163,black,113,Storm v4,Qc3+,a1c3,8.801,0.003088,9.297912,2,624,31993,1802
20260904T225631Z-b66b297d,163,black,114,v3,Kd6,c5d6,19.178,0.0013460000000000002,19.676654,,,,
20260904T225631Z-b66b297d,163,black,115,Storm v4,Qhc6+,h1c6,9.298,0.0026509999999999997,9.795349,2,618,31997,1872
20260904T225631Z-b66b297d,163,black,116,v3,Ke7,d6e7,19.677,0.001163,20.175836999999998,,,,
20260904T225631Z-b66b297d,163,black,117,Storm v4,Q3f6#,c3f6,9.796,0.002197,10.293803,1,98,31999,1079
20260904T225631Z-b66b297d,164,white,0,Storm v4,Nf3,g1f3,120.0,2.2156930000000004,118.284307,14,2402065,63,2741
20260904T225631Z-b66b297d,164,white,1,v3,d6,d7d6,120.0,5.450877,115.049123,,,,
20260904T225631Z-b66b297d,164,white,2,Storm v4,Be2,d3e2,118.284,2.904935,115.879065,14,2842448,51,2900
20260904T225631Z-b66b297d,164,white,3,v3,c5,c6c5,115.049,5.353518,110.195482,,,,
20260904T225631Z-b66b297d,164,white,4,Storm v4,Bc4,e2c4,115.879,3.221779,113.157221,14,3193675,49,3260
20260904T225631Z-b66b297d,164,white,5,v3,Nc6,b8c6,110.195,5.733257,104.961743,,,,
20260904T225631Z-b66b297d,164,white,6,Storm v4,O-O,e1g1,113.157,2.6972199999999997,110.95978,13,2439078,48,2740
20260904T225631Z-b66b297d,164,white,7,v3,Be6,c8e6,104.962,3.709757,101.752243,,,,
20260904T225631Z-b66b297d,164,white,8,Storm v4,Nd5+,c3d5,110.96,3.033414,108.426586,15,2844660,45,2669
20260904T225631Z-b66b297d,164,white,9,v3,Bxd5,e6d5,101.752,5.046649,97.205351,,,,
20260904T225631Z-b66b297d,164,white,10,Storm v4,Bxd5,c4d5,108.426,3.527819,105.398181,17,3399374,41,3235
20260904T225631Z-b66b297d,164,white,11,v3,Ke8,e7e8,97.205,5.094809000000001,92.610191,,,,
20260904T225631Z-b66b297d,164,white,12,Storm v4,c3,c2c3,105.398,1.962807,103.935193,16,1929768,41,2642
20260904T225631Z-b66b297d,164,white,13,v3,Qd7,d8d7,92.61,4.677529000000001,88.432471,,,,
20260904T225631Z-b66b297d,164,white,14,Storm v4,d4,d2d4,103.935,2.9888310000000002,101.446169,15,2991180,39,2669
20260904T225631Z-b66b297d,164,white,15,v3,Be7,f8e7,88.433,2.7494340000000004,86.18356600000001,,,,
20260904T225631Z-b66b297d,164,white,16,Storm v4,Qb3,d1b3,101.447,2.866825,99.080175,14,2747208,45,2632
20260904T225631Z-b66b297d,164,white,17,v3,Rf8,h8f8,86.183,2.412551,84.270449,,,,
20260904T225631Z-b66b297d,164,white,18,Storm v4,dxc5,d4c5,99.08,3.7940859999999996,95.785914,15,3373171,71,5149
20260904T225631Z-b66b297d,164,white,19,v3,dxc5,d6c5,84.271,3.28126,81.48974000000001,,,,
20260904T225631Z-b66b297d,164,white,20,Storm v4,Be3,c1e3,95.786,4.150942,92.135058,15,3399628,69,2559
20260904T225631Z-b66b297d,164,white,21,v3,Bd6,e7d6,81.489,3.408933,78.580067,,,,
20260904T225631Z-b66b297d,164,white,22,Storm v4,Rad1,a1d1,92.135,3.168935,89.466065,14,2750222,72,2498
20260904T225631Z-b66b297d,164,white,23,v3,Rc8,a8c8,78.58,2.688511,76.391489,,,,
20260904T225631Z-b66b297d,164,white,24,Storm v4,Nh4,f3h4,89.466,2.561971,87.404029,14,2108039,91,2459
20260904T225631Z-b66b297d,164,white,25,v3,g6,g7g6,76.392,3.691828,73.20017200000001,,,,
20260904T225631Z-b66b297d,164,white,26,Storm v4,Bh6,e3h6,87.404,2.07016,85.83384,15,1862742,109,2405
20260904T225631Z-b66b297d,164,white,27,v3,Rg8,f8g8,73.2,3.930437,69.76956299999999,,,,
20260904T225631Z-b66b297d,164,white,28,Storm v4,Bg5,h6g5,85.833,1.787573,84.54542699999999,15,1469910,122,2392
20260904T225631Z-b66b297d,164,white,29,v3,Na5,c6a5,69.769,3.430956,66.838044,,,,
20260904T225631Z-b66b297d,164,white,30,Storm v4,Bxf7+,d5f7,84.546,2.1417260000000002,82.904274,16,1917336,118,2417
20260904T225631Z-b66b297d,164,white,31,v3,Qxf7,d7f7,66.838,3.202411,64.135589,,,,
20260904T225631Z-b66b297d,164,white,32,Storm v4,Qxf7+,b3f7,82.904,2.486367,80.917633,17,2238966,119,2421
20260904T225631Z-b66b297d,164,white,33,v3,Kxf7,e8f7,64.136,3.0324050000000002,61.603595,,,,
20260904T225631Z-b66b297d,164,white,34,Storm v4,Bxf6,g5f6,80.917,7.389220999999999,74.027779,18,7157577,129,2966
20260904T225631Z-b66b297d,164,white,35,v3,Ke6,f7e6,61.603,3.471005,58.631995,,,,
20260904T225631Z-b66b297d,164,white,36,Storm v4,Bg5,f6g5,74.028,3.1510010000000004,71.376999,15,3025958,130,2789
20260904T225631Z-b66b297d,164,white,37,v3,Nc4,a5c4,58.632,2.9750419999999997,56.156957999999996,,,,
20260904T225631Z-b66b297d,164,white,38,Storm v4,b3,b2b3,71.377,1.899102,69.977898,15,1856755,120,2905
20260904T225631Z-b66b297d,164,white,39,v3,Na3,c4a3,56.157,2.007631,54.649369,,,,
20260904T225631Z-b66b297d,164,white,40,Storm v4,Rd5,d1d5,69.978,4.00946,66.46853999999999,16,3733899,134,3328
20260904T225631Z-b66b297d,164,white,41,v3,Nb5,a3b5,54.65,2.900643,52.249357,,,,
20260904T225631Z-b66b297d,164,white,42,Storm v4,Rc1,f1c1,66.469,4.190939999999999,62.778059999999996,16,3868443,133,2663
20260904T225631Z-b66b297d,164,white,43,v3,Rge8,g8e8,52.249,2.7357069999999997,50.013293,,,,
20260904T225631Z-b66b297d,164,white,44,Storm v4,Nf3,h4f3,62.778,1.7425460000000002,61.535454,13,1610202,148,2643
20260904T225631Z-b66b297d,164,white,45,v3,Nc7,b5c7,50.013,2.597516,47.915484,,,,
20260904T225631Z-b66b297d,164,white,46,Storm v4,Rd3,d5d3,61.535,2.481594,59.553406,15,2204909,151,2550
20260904T225631Z-b66b297d,164,white,47,v3,Nb5,c7b5,47.916,1.447086,46.968914,,,,
20260904T225631Z-b66b297d,164,white,48,Storm v4,Rcd1,c1d1,59.553,1.9146320000000001,58.138368,14,1742373,152,2786
20260904T225631Z-b66b297d,164,white,49,v3,Bf8,d6f8,46.968,1.5834739999999998,45.884526,,,,
20260904T225631Z-b66b297d,164,white,50,Storm v4,Bh4,g5h4,58.139,3.844001,54.794999,15,3323398,159,3096
20260904T225631Z-b66b297d,164,white,51,v3,h6,h7h6,45.885,2.1537469999999996,44.231252999999995,,,,
20260904T225631Z-b66b297d,164,white,52,Storm v4,Bg3,h4g3,54.795,2.365281,52.929719,15,1929731,166,2419
20260904T225631Z-b66b297d,164,white,53,v3,Kf6,e6f6,44.231,2.362755,42.368245,,,,
20260904T225631Z-b66b297d,164,white,54,Storm v4,a4,a2a4,52.929,2.080151,51.348849,14,1833545,184,2387
20260904T225631Z-b66b297d,164,white,55,v3,Nc7,b5c7,42.368,1.62517,41.242830000000005,,,,
20260904T225631Z-b66b297d,164,white,56,Storm v4,h4,h2h4,51.349,2.6354450000000003,49.213555,14,2274867,194,2419
20260904T225631Z-b66b297d,164,white,57,v3,b5,b7b5,41.243,2.2678730000000002,39.475127,,,,
20260904T225631Z-b66b297d,164,white,58,Storm v4,c4,c3c4,49.214,2.341775,47.372225,15,2106654,208,2320
20260904T225631Z-b66b297d,164,white,59,v3,bxc4,b5c4,39.475,2.250923,37.724076999999994,,,,
20260904T225631Z-b66b297d,164,white,60,Storm v4,bxc4,b3c4,47.372,2.188158,45.683842,16,2020146,212,2296
20260904T225631Z-b66b297d,164,white,61,v3,g5,g6g5,37.724,2.158152,36.065847999999995,,,,
20260904T225631Z-b66b297d,164,white,62,Storm v4,hxg5+,h4g5,45.684,3.626663,42.557337,17,3475039,228,3707
20260904T225631Z-b66b297d,164,white,63,v3,hxg5,h6g5,36.066,2.003874,34.562126,,,,
20260904T225631Z-b66b297d,164,white,64,Storm v4,Nh2,f3h2,42.557,5.143552,37.913448,17,4860160,251,3225
20260904T225631Z-b66b297d,164,white,65,v3,Kf7,f6f7,34.562,1.516173,33.545826999999996,,,,
20260904T225631Z-b66b297d,164,white,66,Storm v4,Ng4,h2g4,37.913,2.065982,36.347018,15,2079219,248,1941
20260904T225631Z-b66b297d,164,white,67,v3,Bg7,f8g7,33.546,1.351987,32.694013,,,,
20260904T225631Z-b66b297d,164,white,68,Storm v4,Rd7+,d3d7,36.347,1.515527,35.331472999999995,15,1526696,261,1861
20260904T225631Z-b66b297d,164,white,69,v3,Kf8,f7f8,32.694,1.375031,31.818969000000003,,,,
20260904T225631Z-b66b297d,164,white,70,Storm v4,Ne3,g4e3,35.332,3.2897339999999997,32.542266,17,3410161,272,2780
20260904T225631Z-b66b297d,164,white,71,v3,Re6,e8e6,31.819,1.258607,31.060393,,,,
20260904T225631Z-b66b297d,164,white,72,Storm v4,Nf5,e3f5,32.542,2.0594650000000003,30.982535,17,2021454,355,1660
20260904T225631Z-b66b297d,164,white,73,v3,Bf6,g7f6,31.06,1.3883720000000002,30.171628000000002,,,,
20260904T225631Z-b66b297d,164,white,74,Storm v4,R1d6,d1d6,30.982,1.613001,29.868999,17,1717468,511,1646
20260904T225631Z-b66b297d,164,white,75,v3,Ke8,f8e8,30.172,0.969194,29.702806,,,,
20260904T225631Z-b66b297d,164,white,76,Storm v4,Rxc7,d7c7,29.869,1.4408610000000002,28.928138999999998,18,1633225,556,1534
20260904T225631Z-b66b297d,164,white,77,v3,Rxc7,c8c7,29.702,1.30995,28.892049999999998,,,,
20260904T225631Z-b66b297d,164,white,78,Storm v4,Rxe6+,d6e6,28.928,3.212026,26.215974000000003,18,3420342,576,1677
20260904T225631Z-b66b297d,164,white,79,v3,Kf7,e8f7,28.892,1.663467,27.728533,,,,
20260904T225631Z-b66b297d,164,white,80,Storm v4,Ra6,e6a6,26.216,3.0115909999999997,23.704409,18,3325997,577,1624
20260904T225631Z-b66b297d,164,white,81,v3,Bh8,f6h8,27.729,1.592647,26.636353,,,,
20260904T225631Z-b66b297d,164,white,82,Storm v4,Nh6+,f5h6,23.705,3.56238,20.642619999999997,17,4029341,584,1510
20260904T225631Z-b66b297d,164,white,83,v3,Ke7,f7e7,26.636,1.1404269999999999,25.995573,,,,
20260904T225631Z-b66b297d,164,white,84,Storm v4,Rg6,a6g6,20.642,6.531878,14.610121999999999,17,7401472,598,1317
20260904T225631Z-b66b297d,164,white,85,v3,Rd7,c7d7,25.996,1.226559,25.269441,,,,
20260904T225631Z-b66b297d,164,white,86,Storm v4,Rxg5,g6g5,14.61,1.378365,13.731635,15,1602044,614,1005
20260904T225631Z-b66b297d,164,white,87,v3,Rd1+,d7d1,25.269,1.389608,24.379392,,,,
20260904T225631Z-b66b297d,164,white,88,Storm v4,Kh2,g1h2,13.732,0.000834,14.231166,,,,
20260904T225631Z-b66b297d,164,white,89,v3,Re1,d1e1,24.379,1.498149,23.380851,,,,
20260904T225631Z-b66b297d,164,white,90,Storm v4,f3,f2f3,14.231,1.218267,13.512733,14,1388535,720,1194
20260904T225631Z-b66b297d,164,white,91,v3,Rc1,e1c1,23.381,1.376836,22.504164,,,,
20260904T225631Z-b66b297d,164,white,92,Storm v4,Bh4,g3h4,13.513,0.661602,13.351398,15,757133,739,937
20260904T225631Z-b66b297d,164,white,93,v3,Rxc4,c1c4,22.504,1.400505,21.603495,,,,
20260904T225631Z-b66b297d,164,white,94,Storm v4,Rg7+,g5g7,13.351,2.059556,11.791444,16,2284832,820,956
20260904T225631Z-b66b297d,164,white,95,v3,Kd6,e7d6,21.604,1.324278,20.779722000000003,,,,
20260904T225631Z-b66b297d,164,white,96,Storm v4,Nf5+,h6f5,11.792,0.6202409999999999,11.671759,16,634652,816,858
20260904T225631Z-b66b297d,164,white,97,v3,Kc6,d6c6,20.78,0.972979,20.307021,,,,
20260904T225631Z-b66b297d,164,white,98,Storm v4,Rxa7,g7a7,11.671,0.65989,11.51111,16,752541,832,864
20260904T225631Z-b66b297d,164,white,99,v3,Rb4,c4b4,20.306,1.314465,19.491535,,,,
20260904T225631Z-b66b297d,164,white,100,Storm v4,Ra8,a7a8,11.511,0.895925,11.115075000000001,15,999079,834,826
20260904T225631Z-b66b297d,164,white,101,v3,Bg7,h8g7,19.492,1.020414,18.971586,,,,
20260904T225631Z-b66b297d,164,white,102,Storm v4,Nxg7,f5g7,11.115,1.7218399999999998,9.89316,15,1943845,887,1626
20260904T225631Z-b66b297d,164,white,103,v3,Kb7,c6b7,18.972,1.163461,18.308539,,,,
20260904T225631Z-b66b297d,164,white,104,Storm v4,Ra5,a8a5,9.893,1.241592,9.151408,15,1378634,905,778
20260904T225631Z-b66b297d,164,white,105,v3,c4,c5c4,18.308,1.2257090000000002,17.582291,,,,
20260904T225631Z-b66b297d,164,white,106,Storm v4,Nf5,g7f5,9.152,0.544866,9.107134,14,609062,905,715
20260904T225631Z-b66b297d,164,white,107,v3,c3,c4c3,17.582,1.109119,16.972881,,,,
20260904T225631Z-b66b297d,164,white,108,Storm v4,Rc5,a5c5,9.107,0.930062,8.676938,14,1041794,920,1093
20260904T225631Z-b66b297d,164,white,109,v3,Rxa4,b4a4,16.973,1.116264,16.356736,,,,
20260904T225631Z-b66b297d,164,white,110,Storm v4,Nd6+,f5d6,8.677,0.521849,8.655151,14,616034,928,701
20260904T225631Z-b66b297d,164,white,111,v3,Kb6,b7b6,16.357,1.117201,15.739799,,,,
20260904T225631Z-b66b297d,164,white,112,Storm v4,Rxc3,c5c3,8.655,0.5487329999999999,8.606266999999999,15,663760,933,693
20260904T225631Z-b66b297d,164,white,113,v3,Ka5,b6a5,15.74,0.987669,15.252331,,,,
20260904T225631Z-b66b297d,164,white,114,Storm v4,Rb3,c3b3,8.606,0.690038,8.415962,14,894021,964,846
20260904T225631Z-b66b297d,164,white,115,v3,Ra1,a4a1,15.252,1.055434,14.696566,,,,
20260904T225631Z-b66b297d,164,white,116,Storm v4,Nb7+,d6b7,8.416,0.6355700000000001,8.28043,14,819600,964,679
20260904T225631Z-b66b297d,164,white,117,v3,Ka6,a5a6,14.696,0.8140879999999999,14.381912,,,,
20260904T225631Z-b66b297d,164,white,118,Storm v4,Nc5+,b7c5,8.28,1.439813,7.340187,17,1667461,1098,1602
20260904T225631Z-b66b297d,164,white,119,v3,Ka7,a6a7,14.382,0.543984,14.338016,,,,
20260904T225631Z-b66b297d,164,white,120,Storm v4,Bf6,h4f6,7.341,1.467037,6.373963,18,1638741,1112,1196
20260904T225631Z-b66b297d,164,white,121,v3,Ra5,a1a5,14.338,0.6835330000000001,14.154467,,,,
20260904T225631Z-b66b297d,164,white,122,Storm v4,Bxe5,f6e5,6.374,2.760582,4.113417999999999,17,3271680,1319,1272
20260904T225631Z-b66b297d,164,white,123,v3,Rxc5,a5c5,14.155,0.570287,14.084712999999999,,,,
20260904T225631Z-b66b297d,164,white,124,Storm v4,Bd4,e5d4,4.113,2.160792,2.452208,18,2301952,1642,896
20260904T225631Z-b66b297d,164,white,125,v3,Ka8,a7a8,14.084,1.024724,13.559276,,,,
20260904T225631Z-b66b297d,164,white,126,Storm v4,Ra3+,b3a3,2.452,1.667226,1.2847739999999999,14,1505280,1764,768
20260904T225631Z-b66b297d,164,white,127,v3,Kb7,a8b7,13.56,0.528904,13.531096,,,,
20260904T225631Z-b66b297d,164,white,128,Storm v4,Bxc5,d4c5,1.285,0.001706,1.7832940000000002,1,60,31969,425
20260904T225631Z-b66b297d,164,white,129,v3,Kc6,b7c6,13.531,0.727572,13.303428,,,,
20260904T225631Z-b66b297d,164,white,130,Storm v4,Ra5,a3a5,1.783,0.002096,2.280904,3,375,31973,567
20260904T225631Z-b66b297d,164,white,131,v3,Kd7,c6d7,13.303,0.978408,12.824592,,,,
20260904T225631Z-b66b297d,164,white,132,Storm v4,Ra6,a5a6,2.281,0.001671,2.779329,1,57,31975,505
20260904T225631Z-b66b297d,164,white,133,v3,Kd8,d7d8,12.825,0.7868379999999999,12.538162,,,,
20260904T225631Z-b66b297d,164,white,134,Storm v4,e5,e4e5,2.779,0.492958,2.786042,11,442763,31983,889
20260904T225631Z-b66b297d,164,white,135,v3,Kc7,d8c7,12.538,1.3324369999999999,11.705563,,,,
20260904T225631Z-b66b297d,164,white,136,Storm v4,Ra5,a6a5,2.786,0.0019399999999999999,3.2840599999999998,1,72,31979,556
20260904T225631Z-b66b297d,164,white,137,v3,Kd7,c7d7,11.705,0.837433,11.367567,,,,
20260904T225631Z-b66b297d,164,white,138,Storm v4,Ra6,a5a6,3.284,0.00183,3.7821700000000003,1,77,31981,607
20260904T225631Z-b66b297d,164,white,139,v3,Kc7,d7c7,11.368,0.036122,11.831878000000001,,,,
20260904T225631Z-b66b297d,164,white,140,Storm v4,e6,e5e6,3.782,0.026152,4.255848,3,639,31983,820
20260904T225631Z-b66b297d,164,white,141,v3,Kb7,c7b7,11.832,0.5209729999999999,11.811027,,,,
20260904T225631Z-b66b297d,164,white,142,Storm v4,Ra3,a6a3,4.256,0.016984000000000003,4.7390159999999995,1,62,31985,705
20260904T225631Z-b66b297d,164,white,143,v3,Kc6,b7c6,11.811,1.1215460000000002,11.189454,,,,
20260904T225631Z-b66b297d,164,white,144,Storm v4,e7,e6e7,4.739,0.021448000000000002,5.2175519999999995,1,62,31987,755
20260904T225631Z-b66b297d,164,white,145,v3,Kxc5,c6c5,11.189,0.713964,10.975036,,,,
20260904T225631Z-b66b297d,164,white,146,Storm v4,e8=Q,e7e8q,5.218,0.021285000000000002,5.696715,1,44,31989,828
20260904T225631Z-b66b297d,164,white,147,v3,Kb4,c5b4,10.975,0.587551,10.887449,,,,
20260904T225631Z-b66b297d,164,white,148,Storm v4,Qe7+,e8e7,5.696,0.023316,6.172684,1,73,31991,787
20260904T225631Z-b66b297d,164,white,149,v3,Kc4,b4c4,10.887,0.497772,10.889228,,,,
20260904T225631Z-b66b297d,164,white,150,Storm v4,Qe4+,e7e4,6.173,0.037535,6.635465,1,85,31991,828
20260904T225631Z-b66b297d,164,white,151,v3,Kc5,c4c5,10.89,0.5360839999999999,10.853916,,,,
20260904T225631Z-b66b297d,164,white,152,Storm v4,Rc3+,a3c3,6.635,0.045327,7.0896729999999994,4,12755,31991,1303
20260904T225631Z-b66b297d,164,white,153,v3,Kb5,c5b5,10.853,0.237982,11.115018,,,,
20260904T225631Z-b66b297d,164,white,154,Storm v4,Qe8+,e4e8,7.09,0.027406,7.562594,1,70,31993,908
20260904T225631Z-b66b297d,164,white,155,v3,Kb4,b5b4,11.115,0.127088,11.487912,,,,
20260904T225631Z-b66b297d,164,white,156,Storm v4,Rc7,c3c7,7.563,0.023915,8.039085,1,76,31995,950
20260904T225631Z-b66b297d,164,white,157,v3,Ka5,b4a5,11.488,0.005969,11.982031000000001,,,,
20260904T225631Z-b66b297d,164,white,158,Storm v4,Qb8,e8b8,8.039,0.028951,8.510048999999999,1,98,31997,991
20260904T225631Z-b66b297d,164,white,159,v3,Ka6,a5a6,11.982,0.0012070000000000002,12.480793,,,,
20260904T225631Z-b66b297d,164,white,160,Storm v4,Ra7#,c7a7,8.51,0.011159,8.998841,1,61,31999,1033
20260904T225631Z-b66b297d,164,black,0,v3,Nf3,g1f3,120.0,5.487737,115.012263,,,,
20260904T225631Z-b66b297d,164,black,1,Storm v4,d6,d7d6,120.0,2.517328,117.98267200000001,14,2496748,-55,2724
20260904T225631Z-b66b297d,164,black,2,v3,Be2,d3e2,115.012,6.172038,109.339962,,,,
20260904T225631Z-b66b297d,164,black,3,Storm v4,c5,c6c5,117.982,2.504112,115.97788800000001,14,2579429,-46,2705
20260904T225631Z-b66b297d,164,black,4,v3,d3,d2d3,109.34,4.477448000000001,105.362552,,,,
20260904T225631Z-b66b297d,164,black,5,Storm v4,Ke8,e7e8,115.978,2.714893,113.763107,15,2717669,-45,4078
20260904T225631Z-b66b297d,164,black,6,v3,Nd5,c3d5,105.362,3.043774,102.818226,,,,
20260904T225631Z-b66b297d,164,black,7,Storm v4,Nc6,b8c6,113.763,4.525544,109.73745600000001,16,4306937,-37,4127
20260904T225631Z-b66b297d,164,black,8,v3,c4,c2c4,102.818,2.8675300000000004,100.45047,,,,
20260904T225631Z-b66b297d,164,black,9,Storm v4,Be7,f8e7,109.737,1.957583,108.279417,15,1930689,-32,2594
20260904T225631Z-b66b297d,164,black,10,v3,O-O,e1g1,100.451,4.394558,96.55644199999999,,,,
20260904T225631Z-b66b297d,164,black,11,Storm v4,Rf8,h8f8,108.28,2.1467959999999997,106.63320399999999,14,1942077,-32,2588
20260904T225631Z-b66b297d,164,black,12,v3,Be3,c1e3,96.556,4.7149350000000005,92.341065,,,,
20260904T225631Z-b66b297d,164,black,13,Storm v4,Nd4,c6d4,106.633,2.295208,104.83779200000001,14,2072992,-26,2609
20260904T225631Z-b66b297d,164,black,14,v3,Rc1,a1c1,92.341,4.247654000000001,88.59334600000001,,,,
20260904T225631Z-b66b297d,164,black,15,Storm v4,Bd7,c8d7,104.838,1.934757,103.403243,14,1844326,-24,2563
20260904T225631Z-b66b297d,164,black,16,v3,Re1,f1e1,88.593,3.061579,86.03142100000001,,,,
20260904T225631Z-b66b297d,164,black,17,Storm v4,Nxd5,f6d5,103.403,2.420989,101.482011,15,2278599,-4,2583
20260904T225631Z-b66b297d,164,black,18,v3,cxd5,c4d5,86.032,3.930198,82.60180199999999,,,,
20260904T225631Z-b66b297d,164,black,19,Storm v4,Qa5,d8a5,101.482,4.819555,97.162445,16,4552812,-5,2641
20260904T225631Z-b66b297d,164,black,20,v3,a3,a2a3,82.602,4.062651,79.039349,,,,
20260904T225631Z-b66b297d,164,black,21,Storm v4,Ba4,d7a4,97.162,2.066185,95.595815,16,2210122,-12,2688
20260904T225631Z-b66b297d,164,black,22,v3,Qd2,d1d2,79.039,2.480346,77.05865399999999,,,,
20260904T225631Z-b66b297d,164,black,23,Storm v4,Qxd2,a5d2,95.596,4.497396,91.59860400000001,17,4818388,-3,2582
20260904T225631Z-b66b297d,164,black,24,v3,Nxd2,f3d2,77.058,3.8898040000000003,73.668196,,,,
20260904T225631Z-b66b297d,164,black,25,Storm v4,Rb8,a8b8,91.599,2.024685,90.074315,16,2248215,-10,2945
20260904T225631Z-b66b297d,164,black,26,v3,h3,h2h3,73.669,3.641533,70.527467,,,,
20260904T225631Z-b66b297d,164,black,27,Storm v4,h6,h7h6,90.074,4.420538,86.153462,17,4658832,-4,2940
20260904T225631Z-b66b297d,164,black,28,v3,Nc4,d2c4,70.527,3.68982,67.33717999999999,,,,
20260904T225631Z-b66b297d,164,black,29,Storm v4,Nc2,d4c2,86.153,5.437850999999999,81.21514900000001,16,5590758,-6,4362
20260904T225631Z-b66b297d,164,black,30,v3,Rf1,e1f1,67.337,2.423701,65.413299,,,,
20260904T225631Z-b66b297d,164,black,31,Storm v4,Nd4,c2d4,81.215,2.5811840000000004,79.13381600000001,16,2676159,-10,2818
20260904T225631Z-b66b297d,164,black,32,v3,Bxd4,e3d4,65.413,1.8912039999999999,64.02179600000001,,,,
20260904T225631Z-b66b297d,164,black,33,Storm v4,cxd4,c5d4,79.134,3.316393,76.31760700000001,17,3662396,-10,4391
20260904T225631Z-b66b297d,164,black,34,v3,Na5,c4a5,64.022,3.028641,61.493359,,,,
20260904T225631Z-b66b297d,164,black,35,Storm v4,Bb5,a4b5,76.318,2.031364,74.786636,17,2193036,-9,2824
20260904T225631Z-b66b297d,164,black,36,v3,Rc7,c1c7,61.493,3.330605,58.662395,,,,
20260904T225631Z-b66b297d,164,black,37,Storm v4,Ba6,b5a6,74.786,2.097353,73.188647,17,2168883,-13,2879
20260904T225631Z-b66b297d,164,black,38,v3,b4,b2b4,58.663,2.7581729999999998,56.404827,,,,
20260904T225631Z-b66b297d,164,black,39,Storm v4,Bd8,e7d8,73.189,3.61551,70.07349,16,3674234,-15,4372
20260904T225631Z-b66b297d,164,black,40,v3,Rc2,c7c2,56.405,1.9487780000000001,54.956222000000004,,,,
20260904T225631Z-b66b297d,164,black,41,Storm v4,Bb5,a6b5,70.073,2.8135149999999998,67.759485,17,3109545,-11,2739
20260904T225631Z-b66b297d,164,black,42,v3,Re1,f1e1,54.956,1.90661,53.54939,,,,
20260904T225631Z-b66b297d,164,black,43,Storm v4,Kd7,e8d7,67.76,1.850425,66.409575,15,1862818,-1,2693
20260904T225631Z-b66b297d,164,black,44,v3,Bg4+,e2g4,53.549,2.619147,51.429853,,,,
20260904T225631Z-b66b297d,164,black,45,Storm v4,Ke8,d7e8,66.409,1.900123,65.008877,16,2075934,0,2918
20260904T225631Z-b66b297d,164,black,46,v3,Nc4,a5c4,51.43,1.852365,50.077635,,,,
20260904T225631Z-b66b297d,164,black,47,Storm v4,Ke7,e8e7,65.009,2.773891,62.735108999999994,15,2990570,-15,6721
20260904T225631Z-b66b297d,164,black,48,v3,Rcc1,c2c1,50.077,1.841881,48.735119,,,,
20260904T225631Z-b66b297d,164,black,49,Storm v4,g6,g7g6,62.735,4.820352,58.414648,15,5284109,-9,6302
20260904T225631Z-b66b297d,164,black,50,v3,Bf3,g4f3,48.735,2.553589,46.681411,,,,
20260904T225631Z-b66b297d,164,black,51,Storm v4,Bd7,b5d7,58.415,2.711058,56.203942000000005,15,2953462,-5,3071
20260904T225631Z-b66b297d,164,black,52,v3,Bd1,f3d1,46.682,1.415826,45.766174,,,,
20260904T225631Z-b66b297d,164,black,53,Storm v4,b5,b7b5,56.204,2.225175,54.478825,19,2601095,15,2475
20260904T225631Z-b66b297d,164,black,54,v3,Na5,c4a5,45.766,1.692562,44.573438,,,,
20260904T225631Z-b66b297d,164,black,55,Storm v4,Bxa5,d8a5,54.478,1.744993,53.233007,20,2110893,23,2456
20260904T225631Z-b66b297d,164,black,56,v3,bxa5,b4a5,44.573,1.586061,43.486939,,,,
20260904T225631Z-b66b297d,164,black,57,Storm v4,Rfc8,f8c8,53.233,2.538114,51.194886,20,2995334,26,2619
20260904T225631Z-b66b297d,164,black,58,v3,Be2,d1e2,43.487,1.756807,42.230193,,,,
20260904T225631Z-b66b297d,164,black,59,Storm v4,Rc3,c8c3,51.195,2.338413,49.356587,19,2676663,31,2612
20260904T225631Z-b66b297d,164,black,60,v3,Ra1,c1a1,42.23,1.770992,40.959008000000004,,,,
20260904T225631Z-b66b297d,164,black,61,Storm v4,b4,b5b4,49.357,2.1848609999999997,47.672139,18,2366135,65,3216
20260904T225631Z-b66b297d,164,black,62,v3,axb4,a3b4,40.959,1.39408,40.06492,,,,
20260904T225631Z-b66b297d,164,black,63,Storm v4,Rxb4,b8b4,47.672,2.904473,45.267527,18,3362040,50,2560
20260904T225631Z-b66b297d,164,black,64,v3,a6,a5a6,40.065,1.423208,39.141792,,,,
20260904T225631Z-b66b297d,164,black,65,Storm v4,Bb5,d7b5,45.267,3.02377,42.743230000000004,17,3272701,88,2448
20260904T225631Z-b66b297d,164,black,66,v3,Red1,e1d1,39.142,1.637126,38.004874,,,,
20260904T225631Z-b66b297d,164,black,67,Storm v4,Rbb3,b4b3,42.743,2.8033249999999996,40.439675,18,3354527,94,2276
20260904T225631Z-b66b297d,164,black,68,v3,Ra5,a1a5,38.005,1.4338009999999999,37.071199,,,,
20260904T225631Z-b66b297d,164,black,69,Storm v4,Bxd3,b5d3,40.44,2.174328,38.765672,20,2581774,95,2135
20260904T225631Z-b66b297d,164,black,70,v3,Bxd3,e2d3,37.071,1.217021,36.353979,,,,
20260904T225631Z-b66b297d,164,black,71,Storm v4,Rxd3,c3d3,38.766,2.2577849999999997,37.008215,21,2751623,93,2145
20260904T225631Z-b66b297d,164,black,72,v3,Rxd3,d1d3,36.354,1.494669,35.359331,,,,
20260904T225631Z-b66b297d,164,black,73,Storm v4,Rxd3,b3d3,37.008,11.417258,26.090742,20,13812736,89,2361
20260904T225631Z-b66b297d,164,black,74,v3,Kf1,g1f1,35.359,1.868069,33.990930999999996,,,,
20260904T225631Z-b66b297d,164,black,75,Storm v4,Rb3,d3b3,26.091,3.6264920000000003,22.964508000000002,18,4466445,104,1931
20260904T225631Z-b66b297d,164,black,76,v3,Ra2,a5a2,33.991,1.886261,32.604739,,,,
20260904T225631Z-b66b297d,164,black,77,Storm v4,f5,f7f5,22.964,2.824408,20.639592,20,3539435,118,1661
20260904T225631Z-b66b297d,164,black,78,v3,f3,f2f3,32.605,1.762218,31.342782,,,,
20260904T225631Z-b66b297d,164,black,79,Storm v4,fxe4,f5e4,20.64,2.2545729999999997,18.885427,20,2754865,151,2510
20260904T225631Z-b66b297d,164,black,80,v3,fxe4,f3e4,31.342,1.447613,30.394387,,,,
20260904T225631Z-b66b297d,164,black,81,Storm v4,Re3,b3e3,18.885,0.97278,18.41222,19,1212419,152,1385
20260904T225631Z-b66b297d,164,black,82,v3,Kf2,f1f2,30.395,1.031797,29.863203000000002,,,,
20260904T225631Z-b66b297d,164,black,83,Storm v4,Rxe4,e3e4,18.412,3.106172,15.805828,18,3710305,169,1409
20260904T225631Z-b66b297d,164,black,84,v3,Ra4,a2a4,29.863,1.412161,28.950839,,,,
20260904T225631Z-b66b297d,164,black,85,Storm v4,Kf6,e7f6,15.806,1.048386,15.257614,16,1308629,192,1225
20260904T225631Z-b66b297d,164,black,86,v3,Rc4,a4c4,28.951,1.768571,27.682429,,,,
20260904T225631Z-b66b297d,164,black,87,Storm v4,Kf5,f6f5,15.258,1.660491,14.097509,17,1932926,253,1155
20260904T225631Z-b66b297d,164,black,88,v3,Rc2,c4c2,27.682,0.9952409999999999,27.186759,,,,
20260904T225631Z-b66b297d,164,black,89,Storm v4,Rf4+,e4f4,14.097,2.2585569999999997,12.338443,17,2534162,274,2634
20260904T225631Z-b66b297d,164,black,90,v3,Ke2,f2e2,27.187,0.906627,26.780373,,,,
20260904T225631Z-b66b297d,164,black,91,Storm v4,Ke4,f5e4,12.338,1.56426,11.27374,18,1713809,291,1007
20260904T225631Z-b66b297d,164,black,92,v3,Rc4,c2c4,26.78,1.2071500000000002,26.07285,,,,
20260904T225631Z-b66b297d,164,black,93,Storm v4,Kxd5,e4d5,11.274,0.7063189999999999,11.067681,18,821727,294,905
20260904T225631Z-b66b297d,164,black,94,v3,Rc7,c4c7,26.073,1.1405999999999998,25.4324,,,,
20260904T225631Z-b66b297d,164,black,95,Storm v4,e4,e5e4,11.068,0.90312,10.664879999999998,18,971638,300,891
20260904T225631Z-b66b297d,164,black,96,v3,Rxa7,c7a7,25.432,1.5935570000000001,24.338442999999998,,,,
20260904T225631Z-b66b297d,164,black,97,Storm v4,e3,e4e3,10.665,0.599955,10.565045,17,583968,300,860
20260904T225631Z-b66b297d,164,black,98,v3,Re7,a7e7,24.339,1.333045,23.505955,,,,
20260904T225631Z-b66b297d,164,black,99,Storm v4,Rf2+,f4f2,10.565,4.2342569999999995,6.830743,17,4039680,325,1451
20260904T225631Z-b66b297d,164,black,100,v3,Ke1,e2e1,23.506,1.365514,22.640486,,,,
20260904T225631Z-b66b297d,164,black,101,Storm v4,Rxg2,f2g2,6.83,0.935373,6.394627000000001,16,872029,361,620
20260904T225631Z-b66b297d,164,black,102,v3,Kd1,e1d1,22.64,1.10604,22.03396,,,,
20260904T225631Z-b66b297d,164,black,103,Storm v4,Ra2,g2a2,6.395,0.598739,6.296261,16,662813,372,589
20260904T225631Z-b66b297d,164,black,104,v3,a7,a6a7,22.034,1.392114,21.141886,,,,
20260904T225631Z-b66b297d,164,black,105,Storm v4,e2+,e3e2,6.296,0.746212,6.049788,15,756626,369,1127
20260904T225631Z-b66b297d,164,black,106,v3,Rxe2,e7e2,21.142,1.140336,20.501664,,,,
20260904T225631Z-b66b297d,164,black,107,Storm v4,Rxa7,a2a7,6.05,1.009463,5.5405370000000005,16,1168377,373,574
20260904T225631Z-b66b297d,164,black,108,v3,Rb2,e2b2,20.502,0.7289410000000001,20.273059,,,,
20260904T225631Z-b66b297d,164,black,109,Storm v4,Ra1+,a7a1,5.54,1.0361790000000002,5.003821,15,1255719,382,1282
20260904T225631Z-b66b297d,164,black,110,v3,Kd2,d1d2,20.273,0.9521609999999999,19.820839,,,,
20260904T225631Z-b66b297d,164,black,111,Storm v4,Ra3,a1a3,5.004,0.745863,4.758137,16,910056,400,521
20260904T225631Z-b66b297d,164,black,112,v3,h4,h3h4,19.82,0.888479,19.431521,,,,
20260904T225631Z-b66b297d,164,black,113,Storm v4,Rh3,a3h3,4.758,0.5199239999999999,4.738076,15,608831,412,500
20260904T225631Z-b66b297d,164,black,114,v3,Rb5+,b2b5,19.432,0.757713,19.174287,,,,
20260904T225631Z-b66b297d,164,black,115,Storm v4,Kc4,d5c4,4.738,0.43788900000000003,4.800111,15,522001,406,542
20260904T225631Z-b66b297d,164,black,116,v3,Rb6,b5b6,19.174,1.281671,18.392329,,,,
20260904T225631Z-b66b297d,164,black,117,Storm v4,Kc5,c4c5,4.8,0.33559,4.96441,14,391485,415,499
20260904T225631Z-b66b297d,164,black,118,v3,Rb1,b6b1,18.392,1.276627,17.615372999999998,,,,
20260904T225631Z-b66b297d,164,black,119,Storm v4,Rxh4,h3h4,4.965,0.594598,4.870402,13,699430,418,498
20260904T225631Z-b66b297d,164,black,120,v3,Ra1,b1a1,17.616,0.7853859999999999,17.330614,,,,
20260904T225631Z-b66b297d,164,black,121,Storm v4,Rh3,h4h3,4.87,0.691566,4.678434,13,799805,421,1304
20260904T225631Z-b66b297d,164,black,122,v3,Ra5+,a1a5,17.33,1.05854,16.771459999999998,,,,
20260904T225631Z-b66b297d,164,black,123,Storm v4,Kc4,c5c4,4.678,0.36106900000000003,4.816930999999999,14,423730,416,544
20260904T225631Z-b66b297d,164,black,124,v3,Ra6,a5a6,16.772,1.0763779999999998,16.195622,,,,
20260904T225631Z-b66b297d,164,black,125,Storm v4,Rh2+,h3h2,4.817,0.8915839999999999,4.425416,15,1053914,431,747
20260904T225631Z-b66b297d,164,black,126,v3,Kc1,d2c1,16.195,1.133637,15.561363,,,,
20260904T225631Z-b66b297d,164,black,127,Storm v4,Kd5,c4d5,4.426,0.36680399999999996,4.559196,14,425943,431,473
20260904T225631Z-b66b297d,164,black,128,v3,Ra5+,a6a5,15.562,1.02201,15.03999,,,,
20260904T225631Z-b66b297d,164,black,129,Storm v4,Ke4,d5e4,4.559,0.922859,4.136140999999999,15,1058581,459,1456
20260904T225631Z-b66b297d,164,black,130,v3,Ra6,a5a6,15.039,1.001192,14.537808,,,,
20260904T225631Z-b66b297d,164,black,131,Storm v4,Ke5,e4e5,4.136,0.323747,4.312253000000001,15,369127,479,472
20260904T225631Z-b66b297d,164,black,132,v3,Ra5+,a6a5,14.538,1.360114,13.677886,,,,
20260904T225631Z-b66b297d,164,black,133,Storm v4,d5,d6d5,4.312,0.412118,4.399882,16,486332,484,493
20260904T225631Z-b66b297d,164,black,134,v3,Ra3,a5a3,13.678,1.0351579999999998,13.142842,,,,
20260904T225631Z-b66b297d,164,black,135,Storm v4,g5,g6g5,4.4,0.893289,4.006711,16,1021308,498,470
20260904T225631Z-b66b297d,164,black,136,v3,Rg3,a3g3,13.143,0.7015629999999999,12.941437,,,,
20260904T225631Z-b66b297d,164,black,137,Storm v4,Kf4,e5f4,4.007,0.655412,3.8515879999999996,15,704366,526,881
20260904T225631Z-b66b297d,164,black,138,v3,Rd3,g3d3,12.941,0.9981,12.4429,,,,
20260904T225631Z-b66b297d,164,black,139,Storm v4,Ke4,f4e4,3.851,0.31210000000000004,4.0389,15,348941,539,434
20260904T225631Z-b66b297d,164,black,140,v3,Rd1,d3d1,12.443,0.635332,12.307668,,,,
20260904T225631Z-b66b297d,164,black,141,Storm v4,g4,g5g4,4.039,1.001701,3.537299,15,1054418,627,1014
20260904T225631Z-b66b297d,164,black,142,v3,Rg1,d1g1,12.308,0.770791,12.037209,,,,
20260904T225631Z-b66b297d,164,black,143,Storm v4,Kf3,e4f3,3.537,0.8592730000000001,3.177727,17,868112,747,718
20260904T225631Z-b66b297d,164,black,144,v3,Rf1+,g1f1,12.037,0.524039,12.012960999999999,,,,
20260904T225631Z-b66b297d,164,black,145,Storm v4,Ke2,f3e2,3.178,0.6277590000000001,3.050241,18,708368,752,702
20260904T225631Z-b66b297d,164,black,146,v3,Rd1,f1d1,12.013,0.854577,11.658423,,,,
20260904T225631Z-b66b297d,164,black,147,Storm v4,g3,g4g3,3.05,1.870851,1.6791489999999998,17,1438720,831,744
20260904T225631Z-b66b297d,164,black,148,v3,Rxd4,d1d4,11.658,0.9420879999999999,11.215912,,,,
20260904T225631Z-b66b297d,164,black,149,Storm v4,g2,g3g2,1.679,0.48930900000000005,1.689691,16,478065,1094,624
20260904T225631Z-b66b297d,164,black,150,v3,Rg4,d4g4,11.216,1.052492,10.663508,,,,
20260904T225631Z-b66b297d,164,black,151,Storm v4,d4,d5d4,1.69,1.290894,0.899106,14,1241088,1094,290
20260904T225631Z-b66b297d,164,black,152,v3,Kc2,c1c2,10.664,1.001334,10.162666,,,,
20260904T225631Z-b66b297d,164,black,153,Storm v4,d3+,d4d3,0.899,0.500226,0.898774,10,410624,1111,498
20260904T225631Z-b66b297d,164,black,154,v3,Kc3,c2c3,10.162,0.793074,9.868926,,,,
20260904T225631Z-b66b297d,164,black,155,Storm v4,d2,d3d2,0.899,0.5000899999999999,0.8989100000000001,10,465920,1413,292
20260904T225631Z-b66b297d,164,black,156,v3,Rd4,g4d4,9.869,1.4319410000000001,8.937059,,,,
20260904T225631Z-b66b297d,164,black,157,Storm v4,d1=Q,d2d1q,0.899,0.177103,1.221897,10,211449,1609,288
20260904T225631Z-b66b297d,164,black,158,v3,Rxd1,d4d1,8.937,0.464341,8.972659,,,,
20260904T225631Z-b66b297d,164,black,159,Storm v4,Kxd1,e2d1,1.222,0.363665,1.358335,10,418724,31981,637
20260904T225631Z-b66b297d,164,black,160,v3,Kb4,c3b4,8.973,0.743082,8.729918,,,,
20260904T225631Z-b66b297d,164,black,161,Storm v4,g1=Q,g2g1q,1.358,0.002483,1.855517,4,873,31981,637
20260904T225631Z-b66b297d,164,black,162,v3,Kc4,b4c4,8.73,0.566571,8.663429,,,,
20260904T225631Z-b66b297d,164,black,163,Storm v4,Qg4+,g1g4,1.855,0.001921,2.3530789999999997,1,60,31983,455
20260904T225631Z-b66b297d,164,black,164,v3,Kd5,c4d5,8.663,0.542607,8.620393,,,,
20260904T225631Z-b66b297d,164,black,165,Storm v4,Qg5+,g4g5,2.353,0.00226,2.8507399999999996,1,88,31985,499
20260904T225631Z-b66b297d,164,black,166,v3,Kc6,d5c6,8.62,0.43173700000000004,8.688263,,,,
20260904T225631Z-b66b297d,164,black,167,Storm v4,Rd2,h2d2,2.851,0.035223,3.315777,5,34624,31991,1263
20260904T225631Z-b66b297d,164,black,168,v3,Kc7,c6c7,8.689,0.24480000000000002,8.9442,,,,
20260904T225631Z-b66b297d,164,black,169,Storm v4,Qb5,g5b5,3.316,0.002432,3.813568,2,344,31993,1048
20260904T225631Z-b66b297d,164,black,170,v3,Kc8,c7c8,8.944,0.10183400000000001,9.342165999999999,,,,
20260904T225631Z-b66b297d,164,black,171,Storm v4,Qc4+,b5c4,3.813,0.0025139999999999997,4.310486,1,77,31995,625
20260904T225631Z-b66b297d,164,black,172,v3,Kb8,c8b8,9.342,0.008539999999999999,9.833459999999999,,,,
20260904T225631Z-b66b297d,164,black,173,Storm v4,Rb2+,d2b2,4.311,0.002337,4.808662999999999,1,92,31997,669
20260904T225631Z-b66b297d,164,black,174,v3,Ka8,b8a8,9.833,0.001355,10.331645,,,,
20260904T225631Z-b66b297d,164,black,175,Storm v4,Qa4#,c4a4,4.808,0.002435,5.305565,1,79,31999,712
20260904T225631Z-b66b297d,165,white,0,Storm v4,Bd2,c1d2,120.0,2.143542,118.356458,15,2150009,-2,2931
20260904T225631Z-b66b297d,165,white,1,v3,Qc7,a5c7,120.0,5.75146,114.74853999999999,,,,
20260904T225631Z-b66b297d,165,white,2,Storm v4,Nde2,d4e2,118.356,1.8431790000000001,117.012821,14,1856022,-4,2733
20260904T225631Z-b66b297d,165,white,3,v3,d5,d6d5,114.748,3.506526,111.741474,,,,
20260904T225631Z-b66b297d,165,white,4,Storm v4,c4,c2c4,117.013,6.772265,110.740735,15,6488315,-2,4111
20260904T225631Z-b66b297d,165,white,5,v3,dxc4,d5c4,111.741,5.650005,106.59099499999999,,,,
20260904T225631Z-b66b297d,165,white,6,Storm v4,dxc4,d3c4,110.74,2.469689,108.770311,15,2424081,-9,2622
20260904T225631Z-b66b297d,165,white,7,v3,Ng6,e7g6,106.591,3.556276,103.534724,,,,
20260904T225631Z-b66b297d,165,white,8,Storm v4,Nf3,g1f3,108.771,2.143134,107.127866,14,2072916,-9,2573
20260904T225631Z-b66b297d,165,white,9,v3,Qb6,c7b6,103.535,3.973754,100.061246,,,,
20260904T225631Z-b66b297d,165,white,10,Storm v4,Qb3,d1b3,107.127,3.615214,104.01178599999999,14,3025634,-6,3149
20260904T225631Z-b66b297d,165,white,11,v3,Qxb3,b6b3,100.061,3.298111,97.262889,,,,
20260904T225631Z-b66b297d,165,white,12,Storm v4,axb3,a2b3,104.012,2.1069459999999998,102.405054,17,2130282,0,2709
20260904T225631Z-b66b297d,165,white,13,v3,Na6,b8a6,97.263,4.360986,93.402014,,,,
20260904T225631Z-b66b297d,165,white,14,Storm v4,Ng3,e2g3,102.405,2.881354,100.023646,17,3127985,0,2926
20260904T225631Z-b66b297d,165,white,15,v3,Nc5,a6c5,93.402,4.4962219999999995,89.40577800000001,,,,
20260904T225631Z-b66b297d,165,white,16,Storm v4,Ra3,a1a3,100.024,2.4259,98.0981,18,2545870,0,2898
20260904T225631Z-b66b297d,165,white,17,v3,Na6,c5a6,89.406,3.111116,86.79488400000001,,,,
20260904T225631Z-b66b297d,165,white,18,Storm v4,Ra4,a3a4,98.098,2.232447,96.365553,18,2246608,0,2882
20260904T225631Z-b66b297d,165,white,19,v3,Nc5,a6c5,86.794,3.269708,84.024292,,,,
20260904T225631Z-b66b297d,165,white,20,Storm v4,Ra3,a4a3,96.365,2.9321439999999996,93.932856,22,2989055,0,2871
20260904T225631Z-b66b297d,165,white,21,v3,Na6,c5a6,84.025,2.7534810000000003,81.771519,,,,
20260904T225631Z-b66b297d,165,white,22,Storm v4,Ra5,a3a5,93.933,2.1304969999999996,92.302503,19,2059494,0,2840
20260904T225631Z-b66b297d,165,white,23,v3,Nc5,a6c5,81.771,2.328029,79.942971,,,,
20260904T225631Z-b66b297d,165,black,0,v3,Bd2,c1d2,120.0,5.968306999999999,114.531693,,,,
20260904T225631Z-b66b297d,165,black,1,Storm v4,Qd8,a5d8,120.0,3.8660349999999997,116.633965,15,3960318,2,3302
20260904T225631Z-b66b297d,165,black,2,v3,Ndf3,d4f3,114.531,5.621707000000001,109.409293,,,,
20260904T225631Z-b66b297d,165,black,3,Storm v4,Ng6,e7g6,116.633,3.094397,114.03860300000001,15,3112005,2,2663
20260904T225631Z-b66b297d,165,black,4,v3,Ne2,g1e2,109.409,4.28044,105.62856,,,,
20260904T225631Z-b66b297d,165,black,5,Storm v4,Be7,f8e7,114.039,3.299671,111.239329,15,3241365,2,2634
20260904T225631Z-b66b297d,165,black,6,v3,Ng3,e2g3,105.629,3.2879699999999996,102.84103,,,,
20260904T225631Z-b66b297d,165,black,7,Storm v4,c5,c6c5,111.239,6.186319999999999,105.55268,16,5940729,5,4678
20260904T225631Z-b66b297d,165,black,8,v3,Be2,f1e2,102.841,3.12577,100.21522999999999,,,,
20260904T225631Z-b66b297d,165,black,9,Storm v4,Nc6,b8c6,105.553,3.080848,102.97215200000001,15,2818781,3,2535
20260904T225631Z-b66b297d,165,black,10,v3,O-O,e1g1,100.215,5.122002999999999,95.592997,,,,
20260904T225631Z-b66b297d,165,black,11,Storm v4,O-O,e8g8,102.972,2.7295010000000004,100.742499,15,2745203,4,2479
20260904T225631Z-b66b297d,165,black,12,v3,c3,c2c3,95.593,3.240389,92.85261100000001,,,,
20260904T225631Z-b66b297d,165,black,13,Storm v4,Be6,c8e6,100.742,2.6026219999999998,98.639378,15,2542063,5,2454
20260904T225631Z-b66b297d,165,black,14,v3,Be3,d2e3,92.852,4.657952,88.694048,,,,
20260904T225631Z-b66b297d,165,black,15,Storm v4,d5,d6d5,98.64,2.035501,97.10449899999999,13,1950240,11,2487
20260904T225631Z-b66b297d,165,black,16,v3,exd5,e4d5,88.694,4.357887,84.836113,,,,
20260904T225631Z-b66b297d,165,black,17,Storm v4,Bxd5,e6d5,97.104,3.719525,93.88447500000001,15,3249720,4,3684
20260904T225631Z-b66b297d,165,black,18,v3,Nf5,g3f5,84.837,2.704251,82.63274899999999,,,,
20260904T225631Z-b66b297d,165,black,19,Storm v4,Qd7,d8d7,93.885,4.1135150000000005,90.271485,15,3638391,25,2960
20260904T225631Z-b66b297d,165,black,20,v3,Nxe7+,f5e7,82.632,3.882144,79.249856,,,,
20260904T225631Z-b66b297d,165,black,21,Storm v4,Qxe7,d7e7,90.271,2.080718,88.69028200000001,16,1870427,19,2540
20260904T225631Z-b66b297d,165,black,22,v3,c4,c3c4,79.25,2.62708,77.12292,,,,
20260904T225631Z-b66b297d,165,black,23,Storm v4,Be6,d5e6,88.69,2.021146,87.16885400000001,16,2004242,24,2384
20260904T225631Z-b66b297d,165,black,24,v3,Ng5,f3g5,77.123,2.168468,75.454532,,,,
20260904T225631Z-b66b297d,165,black,25,Storm v4,Bf5,e6f5,87.169,2.062563,85.606437,15,1836308,24,2373
20260904T225631Z-b66b297d,165,black,26,v3,Bg4,e2g4,75.454,2.142993,73.811007,,,,
20260904T225631Z-b66b297d,165,black,27,Storm v4,Bxg4,f5g4,85.606,2.334244,83.771756,16,2175603,21,2360
20260904T225631Z-b66b297d,165,black,28,v3,Qxg4,d1g4,73.811,2.7824079999999998,71.528592,,,,
20260904T225631Z-b66b297d,165,black,29,Storm v4,Nd4,c6d4,83.772,4.368165,79.903835,16,4043813,23,2452
20260904T225631Z-b66b297d,165,black,30,v3,Rad1,a1d1,71.529,3.745177,68.283823,,,,
20260904T225631Z-b66b297d,165,black,31,Storm v4,Rad8,a8d8,79.904,2.099898,78.304102,16,1934111,25,2363
20260904T225631Z-b66b297d,165,black,32,v3,Qh5,g4h5,68.284,2.708866,66.075134,,,,
20260904T225631Z-b66b297d,165,black,33,Storm v4,h6,h7h6,78.304,2.6696500000000003,76.13435000000001,17,2491210,22,2349
20260904T225631Z-b66b297d,165,black,34,v3,Ne4,g5e4,66.075,3.390446,63.184554000000006,,,,
20260904T225631Z-b66b297d,165,black,35,Storm v4,Rfe8,f8e8,76.134,2.178022,74.455978,16,1951804,28,2353
20260904T225631Z-b66b297d,165,black,36,v3,h3,h2h3,63.184,2.1883359999999996,61.495664,,,,
20260904T225631Z-b66b297d,165,black,37,Storm v4,a5,a7a5,74.456,5.782095999999999,69.173904,15,5037103,22,6831
20260904T225631Z-b66b297d,165,black,38,v3,a4,a2a4,61.496,3.130823,58.865177,,,,
20260904T225631Z-b66b297d,165,black,39,Storm v4,Qc7,e7c7,69.174,2.658073,67.01592699999999,15,2388085,31,2222
20260904T225631Z-b66b297d,165,black,40,v3,Rfe1,f1e1,58.865,2.103167,57.261832999999996,,,,
20260904T225631Z-b66b297d,165,black,41,Storm v4,Qb6,c7b6,67.016,2.0710439999999997,65.444956,14,1800092,38,2195
20260904T225631Z-b66b297d,165,black,42,v3,Rb1,d1b1,57.262,2.328468,55.433532,,,,
20260904T225631Z-b66b297d,165,black,43,Storm v4,Ne6,d4e6,65.445,3.153586,62.791413999999996,15,2535160,67,4154
20260904T225631Z-b66b297d,165,black,44,v3,Rbd1,b1d1,55.433,2.3903890000000003,53.542610999999994,,,,
20260904T225631Z-b66b297d,165,black,45,Storm v4,Nef4,e6f4,62.791,2.00929,61.28171,16,1683437,67,2079
20260904T225631Z-b66b297d,165,black,46,v3,Bxf4,e3f4,53.543,1.7431320000000001,52.299868000000004,,,,
20260904T225631Z-b66b297d,165,black,47,Storm v4,Nxf4,g6f4,61.282,2.444112,59.337888,17,2017509,72,2149
20260904T225631Z-b66b297d,165,black,48,v3,Qf3,h5f3,52.3,2.791749,50.008251,,,,
20260904T225631Z-b66b297d,165,black,49,Storm v4,Qxb2,b6b2,59.338,1.647275,58.190725,15,1364354,72,2129
20260904T225631Z-b66b297d,165,black,50,v3,Nxc5,e4c5,50.008,2.618217,47.889783,,,,
20260904T225631Z-b66b297d,165,black,51,Storm v4,b6,b7b6,58.19,3.572915,55.117084999999996,16,2886697,71,3268
20260904T225631Z-b66b297d,165,black,52,v3,Nb7,c5b7,47.89,1.9678820000000001,46.422118000000005,,,,
20260904T225631Z-b66b297d,165,black,53,Storm v4,Rd4,d8d4,55.117,2.471045,53.145955,16,1986160,78,2082
20260904T225631Z-b66b297d,165,black,54,v3,c5,c4c5,46.422,1.966762,44.955237999999994,,,,
20260904T225631Z-b66b297d,165,black,55,Storm v4,bxc5,b6c5,53.146,1.462482,52.183518,14,1110313,78,2016
20260904T225631Z-b66b297d,165,black,56,v3,Nxc5,b7c5,44.955,2.4514180000000003,43.003582,,,,
20260904T225631Z-b66b297d,165,black,57,Storm v4,Qb6,b2b6,52.184,1.548551,51.135449,14,1241790,95,2099
20260904T225631Z-b66b297d,165,black,58,v3,Rc1,d1c1,43.003,2.531473,40.971527,,,,
20260904T225631Z-b66b297d,165,black,59,Storm v4,Rd5,d4d5,51.135,2.4110189999999996,49.223981,16,2183529,89,2133
20260904T225631Z-b66b297d,165,black,60,v3,Rc4,c1c4,40.972,2.376159,39.095841,,,,
20260904T225631Z-b66b297d,165,black,61,Storm v4,Nxg2,f4g2,49.224,2.194433,47.529567,15,1895992,78,2106
20260904T225631Z-b66b297d,165,black,62,v3,Qxg2,f3g2,39.096,1.275215,38.320785,,,,
20260904T225631Z-b66b297d,165,black,63,Storm v4,Rxc5,d5c5,47.53,2.893105,45.136894999999996,17,2490298,94,1964
20260904T225631Z-b66b297d,165,black,64,v3,Rg4,c4g4,38.32,1.32229,37.49771,,,,
20260904T225631Z-b66b297d,165,black,65,Storm v4,Qf6,b6f6,45.136,2.345785,43.290214999999996,16,2042324,77,2171
20260904T225631Z-b66b297d,165,black,66,v3,d4,d3d4,37.498,2.067939,35.930061,,,,
20260904T225631Z-b66b297d,165,black,67,Storm v4,Rc4,c5c4,43.291,1.91499,41.87601,16,1545511,64,2092
20260904T225631Z-b66b297d,165,black,68,v3,Qd5,g2d5,35.93,1.266092,35.163908000000006,,,,
20260904T225631Z-b66b297d,165,black,69,Storm v4,Rc2,c4c2,41.876,2.508518,39.867482,16,2199737,106,3126
20260904T225631Z-b66b297d,165,black,70,v3,Rg2,g4g2,35.164,1.902904,33.761095999999995,,,,
20260904T225631Z-b66b297d,165,black,71,Storm v4,e4,e5e4,39.867,1.2701230000000001,39.096877,15,1117657,115,1752
20260904T225631Z-b66b297d,165,black,72,v3,Rxe4,e1e4,33.761,1.204501,33.056498999999995,,,,
20260904T225631Z-b66b297d,165,black,73,Storm v4,Rxe4,e8e4,39.097,1.5439649999999998,38.053035,16,1368682,123,1701
20260904T225631Z-b66b297d,165,black,74,v3,Qa8+,d5a8,33.056,1.244582,32.311418,,,,
20260904T225631Z-b66b297d,165,black,75,Storm v4,Rc8,c2c8,38.053,2.150971,36.402029,18,1940924,120,1974
20260904T225631Z-b66b297d,165,black,76,v3,Qxe4,a8e4,32.312,1.768867,31.043133,,,,
20260904T225631Z-b66b297d,165,black,77,Storm v4,Rc1+,c8c1,36.402,1.627578,35.274422,18,1461660,125,1805
20260904T225631Z-b66b297d,165,black,78,v3,Kh2,g1h2,31.043,1.8853030000000002,29.657697,,,,
20260904T225631Z-b66b297d,165,black,79,Storm v4,Rc4,c1c4,35.274,1.704171,34.069829,18,1527482,119,1821
20260904T225631Z-b66b297d,165,black,80,v3,Qa8+,e4a8,29.658,1.0076230000000002,29.150377,,,,
20260904T225631Z-b66b297d,165,black,81,Storm v4,Kh7,g8h7,34.07,3.253222,31.316778,19,3052835,153,3547
20260904T225631Z-b66b297d,165,black,82,v3,Qe4+,a8e4,29.15,1.6987670000000001,27.951233,,,,
20260904T225631Z-b66b297d,165,black,83,Storm v4,g6,g7g6,31.317,5.549361,26.267639,20,6013854,198,3550
20260904T225631Z-b66b297d,165,black,84,v3,Qe5,e4e5,27.951,1.127545,27.323455000000003,,,,
20260904T225631Z-b66b297d,165,black,85,Storm v4,Qxe5+,f6e5,26.267,1.599334,25.167666,20,1902794,199,1361
20260904T225631Z-b66b297d,165,black,86,v3,dxe5,d4e5,27.323,0.926924,26.896076,,,,
20260904T225631Z-b66b297d,165,black,87,Storm v4,Rxa4,c4a4,25.168,1.1826050000000001,24.485395,20,1520900,200,1785
20260904T225631Z-b66b297d,165,black,88,v3,f3,f2f3,26.896,0.9031699999999999,26.49283,,,,
20260904T225631Z-b66b297d,165,black,89,Storm v4,Ra1,a4a1,24.485,2.030239,22.954760999999998,21,2816995,230,1846
20260904T225631Z-b66b297d,165,black,90,v3,Rc2,g2c2,26.493,1.158671,25.834329,,,,
20260904T225631Z-b66b297d,165,black,91,Storm v4,a4,a5a4,22.955,3.6394070000000003,19.815593,22,4628709,247,1710
20260904T225631Z-b66b297d,165,black,92,v3,Rc7,c2c7,25.835,1.095051,25.239949,,,,
20260904T225631Z-b66b297d,165,black,93,Storm v4,Kg8,h7g8,19.816,7.143051000000001,13.172949000000001,20,8654848,247,1441
20260904T225631Z-b66b297d,165,black,94,v3,Rc8+,c7c8,25.239,0.908104,24.830896,,,,
20260904T225631Z-b66b297d,165,black,95,Storm v4,Kg7,g8g7,13.173,0.8507140000000001,12.822286,20,1044129,221,1101
20260904T225631Z-b66b297d,165,black,96,v3,Kg3,h2g3,24.831,1.619495,23.711505000000002,,,,
20260904T225631Z-b66b297d,165,black,97,Storm v4,a3,a4a3,12.822,0.947543,12.374457,19,1087613,250,997
20260904T225631Z-b66b297d,165,black,98,v3,Ra8,c8a8,23.712,1.005617,23.206383000000002,,,,
20260904T225631Z-b66b297d,165,black,99,Storm v4,a2,a3a2,12.374,1.6284,11.2456,17,1942446,210,2298
20260904T225631Z-b66b297d,165,black,100,v3,Kf4,g3f4,23.206,0.809264,22.896736,,,,
20260904T225631Z-b66b297d,165,black,101,Storm v4,Kh7,g7h7,11.246,1.4918019999999999,10.254198,18,1813962,256,1566
20260904T225631Z-b66b297d,165,black,102,v3,Ra7,a8a7,22.897,0.880616,22.516384,,,,
20260904T225631Z-b66b297d,165,black,103,Storm v4,Kg8,h7g8,10.254,1.4562570000000001,9.297743,19,1685944,255,839
20260904T225631Z-b66b297d,165,black,104,v3,h4,h3h4,22.516,0.8361280000000001,22.179872,,,,
20260904T225631Z-b66b297d,165,black,105,Storm v4,h5,h6h5,9.298,1.1971969999999998,8.600802999999999,16,1341134,255,943
20260904T225631Z-b66b297d,165,black,106,v3,Ra8+,a7a8,22.18,1.281456,21.398544,,,,
20260904T225631Z-b66b297d,165,black,107,Storm v4,Kg7,g8g7,8.6,0.570386,8.529613999999999,19,534966,255,787
20260904T225631Z-b66b297d,165,black,108,v3,Ra7,a8a7,21.399,1.054109,20.844891,,,,
20260904T225631Z-b66b297d,165,black,109,Storm v4,Kf8,g7f8,8.53,0.47804800000000003,8.551952000000002,20,511975,255,725
20260904T225631Z-b66b297d,165,black,110,v3,Ra8+,a7a8,20.844,1.332258,20.011741999999998,,,,
20260904T225631Z-b66b297d,165,black,111,Storm v4,Ke7,f8e7,8.552,0.000799,9.051200999999999,,,,
20260904T225631Z-b66b297d,165,black,112,v3,Ra6,a8a6,20.012,1.247704,19.264295999999998,,,,
20260904T225631Z-b66b297d,165,black,113,Storm v4,Kd7,e7d7,9.051,1.49652,8.05448,20,1621802,256,759
20260904T225631Z-b66b297d,165,black,114,v3,Ra3,a6a3,19.264,1.2164860000000002,18.547514,,,,
20260904T225631Z-b66b297d,165,black,115,Storm v4,Kc7,d7c7,8.055,0.579056,7.975943999999999,19,616672,256,694
20260904T225631Z-b66b297d,165,black,116,v3,Ra4,a3a4,18.548,1.182884,17.865116,,,,
20260904T225631Z-b66b297d,165,black,117,Storm v4,Kb6,c7b6,7.975,0.69975,7.77525,20,758175,256,689
20260904T225631Z-b66b297d,165,black,118,v3,Ra3,a4a3,17.865,1.108317,17.256683000000002,,,,
20260904T225631Z-b66b297d,165,black,119,Storm v4,Kc5,b6c5,7.776,0.87699,7.3990100000000005,20,821145,256,677
20260904T225631Z-b66b297d,165,black,120,v3,Ra5+,a3a5,17.257,1.8153430000000002,15.941657,,,,
20260904T225631Z-b66b297d,165,black,121,Storm v4,Kc4,c5c4,7.399,0.8323550000000001,7.066645,20,827765,256,705
20260904T225631Z-b66b297d,165,black,122,v3,Ra7,a5a7,15.941,1.1536140000000001,15.287386,,,,
20260904T225631Z-b66b297d,165,black,123,Storm v4,Kd5,c4d5,7.066,0.580879,6.985121,17,459431,256,632
20260904T225631Z-b66b297d,165,black,124,v3,Ra4,a7a4,15.287,0.8649629999999999,14.922037,,,,
20260904T225631Z-b66b297d,165,black,125,Storm v4,Kc6,d5c6,6.985,1.164419,6.320581,18,1024880,256,626
20260904T225631Z-b66b297d,165,black,126,v3,Ra5,a4a5,14.922,1.1750319999999999,14.246968,,,,
20260904T225631Z-b66b297d,165,black,127,Storm v4,Kb7,c6b7,6.321,0.5681280000000001,6.252872,15,637238,164,617
20260904T225631Z-b66b297d,165,black,128,v3,Ra4,a5a4,14.247,1.0679459999999998,13.679054,,,,
20260904T225631Z-b66b297d,165,black,129,Storm v4,Kc7,b7c7,6.253,0.952433,5.800567,15,1030151,115,1404
20260904T225631Z-b66b297d,165,black,130,v3,Ra7+,a4a7,13.679,0.567827,13.611173,,,,
20260904T225631Z-b66b297d,165,black,131,Storm v4,Kb8,c7b8,5.8,1.129445,5.170555,19,1249837,67,1004
20260904T225631Z-b66b297d,165,black,132,v3,Ra5,a7a5,13.611,0.886341,13.224658999999999,,,,
20260904T225631Z-b66b297d,165,black,133,Storm v4,g5+,g6g5,5.171,0.387472,5.2835280000000004,15,444552,56,518
20260904T225631Z-b66b297d,165,black,134,v3,hxg5,h4g5,13.225,1.020786,12.704214,,,,
20260904T225631Z-b66b297d,165,black,135,Storm v4,h4,h5h4,5.283,1.0253130000000001,4.757687,16,1094818,112,1534
20260904T225631Z-b66b297d,165,black,136,v3,e6,e5e6,12.704,0.6283179999999999,12.575682,,,,
20260904T225631Z-b66b297d,165,black,137,Storm v4,fxe6,f7e6,4.758,1.087888,4.1701120000000005,16,1057827,44,821
20260904T225631Z-b66b297d,165,black,138,v3,g6,g5g6,12.576,0.980407,12.095593000000001,,,,
20260904T225631Z-b66b297d,165,black,139,Storm v4,e5+,e6e5,4.17,0.9358329999999999,3.734167,15,868816,41,456
20260904T225631Z-b66b297d,165,black,140,v3,Kf5,f4f5,12.095,0.934531,11.660469,,,,
20260904T225631Z-b66b297d,165,black,141,Storm v4,h3,h4h3,3.734,0.408345,3.825655,15,393390,50,430
20260904T225631Z-b66b297d,165,black,142,v3,Rb5+,a5b5,11.661,0.870949,11.290051,,,,
20260904T225631Z-b66b297d,165,black,143,Storm v4,Kc8,b8c8,3.826,0.8256209999999999,3.5003789999999997,15,759296,0,1096
20260904T225631Z-b66b297d,165,black,144,v3,Rb2,b5b2,11.29,0.714908,11.075092,,,,
20260904T225631Z-b66b297d,165,black,145,Storm v4,e4,e5e4,3.5,0.388956,3.6110439999999997,14,352889,0,405
20260904T225631Z-b66b297d,165,black,146,v3,Kf6,f5f6,11.075,0.6492290000000001,10.925771000000001,,,,
20260904T225631Z-b66b297d,165,black,147,Storm v4,Rf1,a1f1,3.611,0.43543,3.67557,13,404685,0,412
20260904T225631Z-b66b297d,165,black,148,v3,Rxa2,b2a2,10.926,0.616823,10.809177,,,,
20260904T225631Z-b66b297d,165,black,149,Storm v4,Rxf3+,f1f3,3.676,0.392372,3.783628,14,412523,0,416
20260904T225631Z-b66b297d,165,black,150,v3,Ke7,f6e7,10.809,0.851128,10.457872,,,,
20260904T225631Z-b66b297d,165,black,151,Storm v4,Rg3,f3g3,3.783,0.308913,3.974087,15,317048,0,423
20260904T225631Z-b66b297d,165,black,152,v3,Kf6,e7f6,10.458,0.740745,10.217255,,,,
20260904T225631Z-b66b297d,165,black,153,Storm v4,Rf3+,g3f3,3.974,0.36438099999999995,4.109619,15,346994,0,435
20260904T225631Z-b66b297d,165,black,154,v3,Ke7,f6e7,10.217,1.247073,9.469927,,,,
20260904T225631Z-b66b297d,165,black,155,Storm v4,Rf4,f3f4,4.11,1.1735229999999999,3.436477,16,1178694,-125,758
20260904T225631Z-b66b297d,165,black,156,v3,g7,g6g7,9.47,0.818199,9.151800999999999,,,,
20260904T225631Z-b66b297d,165,black,157,Storm v4,Rg4,f4g4,3.436,0.9106839999999999,3.0253159999999997,16,904977,-93,423
20260904T225631Z-b66b297d,165,black,158,v3,Kf7,e7f7,9.152,0.805489,8.846511,,,,
20260904T225631Z-b66b297d,165,black,159,Storm v4,Rf4+,g4f4,3.025,0.7879740000000001,2.7370259999999997,17,820455,-249,901
20260904T225631Z-b66b297d,165,black,160,v3,Ke6,f7e6,8.846,0.803554,8.542446,,,,
20260904T225631Z-b66b297d,165,black,161,Storm v4,Rg4,f4g4,2.737,0.5765,2.6605,18,586226,-469,1007
20260904T225631Z-b66b297d,165,black,162,v3,Ra8+,a2a8,8.542,0.462825,8.579175,,,,
20260904T225631Z-b66b297d,165,black,163,Storm v4,Kc7,c8c7,2.661,0.309616,2.851384,17,214023,-469,380
20260904T225631Z-b66b297d,165,black,164,v3,Kf5,e6f5,8.58,0.853859,8.226141,,,,
20260904T225631Z-b66b297d,165,black,165,Storm v4,Rxg7,g4g7,2.851,0.640977,2.710023,14,538076,-224,613
20260904T225631Z-b66b297d,165,black,166,v3,Ra7+,a8a7,8.226,0.585341,8.140659,,,,
20260904T225631Z-b66b297d,165,black,167,Storm v4,Kd6,c7d6,2.71,0.876085,2.333915,18,984521,-500,814
20260904T225631Z-b66b297d,165,black,168,v3,Rxg7,a7g7,8.14,0.717345,7.922655,,,,
20260904T225631Z-b66b297d,165,black,169,Storm v4,e3,e4e3,2.334,0.35503500000000004,2.478965,18,431489,-519,365
20260904T225631Z-b66b297d,165,black,170,v3,Rg1,g7g1,7.923,0.490325,7.932675000000001,,,,
20260904T225631Z-b66b297d,165,black,171,Storm v4,h2,h3h2,2.479,0.306895,2.672105,17,356721,-523,357
20260904T225631Z-b66b297d,165,black,172,v3,Rh1,g1h1,7.932,0.674805,7.757194999999999,,,,
20260904T225631Z-b66b297d,165,black,173,Storm v4,e2,e3e2,2.672,0.323303,2.848697,17,418752,-527,371
20260904T225631Z-b66b297d,165,black,174,v3,Kf4,f5f4,7.758,0.724801,7.533199,,,,
20260904T225631Z-b66b297d,165,black,175,Storm v4,Ke6,d6e6,2.849,0.351625,2.997375,17,473819,-535,375
20260904T225631Z-b66b297d,165,black,176,v3,Kf3,f4f3,7.533,0.555,7.478,,,,
20260904T225631Z-b66b297d,165,black,177,Storm v4,Kf5,e6f5,2.997,0.40466399999999997,3.0923360000000004,17,512354,-544,405
20260904T225631Z-b66b297d,165,black,178,v3,Kxe2,f3e2,7.478,0.669609,7.308390999999999,,,,
20260904T225631Z-b66b297d,165,black,179,Storm v4,Ke4,f5e4,3.092,0.428445,3.1635549999999997,17,672731,-549,400
20260904T225631Z-b66b297d,165,black,180,v3,Rxh2,h1h2,7.308,0.727765,7.080235,,,,
20260904T225631Z-b66b297d,165,black,181,Storm v4,Kf4,e4f4,3.164,0.574474,3.0895259999999998,16,891076,-557,509
20260904T225631Z-b66b297d,165,black,182,v3,Rh4+,h2h4,7.08,0.6589969999999999,6.921003,,,,
20260904T225631Z-b66b297d,165,black,183,Storm v4,Kg5,f4g5,3.089,1.0783340000000001,2.510666,17,1691924,-566,445
20260904T225631Z-b66b297d,165,black,184,v3,Re4,h4e4,6.921,0.7202390000000001,6.700761000000001,,,,
20260904T225631Z-b66b297d,165,black,185,Storm v4,Kf6,g5f6,2.511,1.740685,1.270315,17,2570240,-598,468
20260904T225631Z-b66b297d,165,black,186,v3,Ke3,e2e3,6.701,0.462798,6.738202,,,,
20260904T225631Z-b66b297d,165,black,187,Storm v4,Kf5,f6f5,1.27,0.353091,1.4169090000000002,19,408236,-31976,278
20260904T225631Z-b66b297d,165,black,188,v3,Kf3,e3f3,6.738,0.634991,6.603009,,,,
20260904T225631Z-b66b297d,165,black,189,Storm v4,Kg5,f5g5,1.417,0.35604399999999997,1.5609560000000002,18,409059,-31982,285
20260904T225631Z-b66b297d,165,black,190,v3,Rf4,e4f4,6.603,0.53625,6.56675,,,,
20260904T225631Z-b66b297d,165,black,191,Storm v4,Kh5,g5h5,1.561,0.32397899999999996,1.737021,20,430419,-31986,283
20260904T225631Z-b66b297d,165,black,192,v3,Rg4,f4g4,6.567,0.429498,6.6375020000000005,,,,
20260904T225631Z-b66b297d,165,black,193,Storm v4,Kh6,h5h6,1.737,0.000535,2.236465,,,,
20260904T225631Z-b66b297d,165,black,194,v3,Ke4,f3e4,6.637,0.472695,6.664305000000001,,,,
20260904T225631Z-b66b297d,165,black,195,Storm v4,Kh7,h6h7,2.236,0.350262,2.3857380000000004,32,486705,-31990,331
20260904T225631Z-b66b297d,165,black,196,v3,Kf5,e4f5,6.665,0.414375,6.750625,,,,
20260904T225631Z-b66b297d,165,black,197,Storm v4,Kh6,h7h6,2.386,0.150935,2.735065,64,183878,-31992,342
20260904T225631Z-b66b297d,165,black,198,v3,Kf6,f5f6,6.75,0.172753,7.077247000000001,,,,
20260904T225631Z-b66b297d,165,black,199,Storm v4,Kh7,h6h7,2.735,0.0026709999999999998,3.232329,64,1311,-31994,367
20260904T225631Z-b66b297d,165,black,200,v3,Rh4+,g4h4,7.077,0.007969,7.569031,,,,
20260904T225631Z-b66b297d,165,black,201,Storm v4,Kg8,h7g8,3.232,0.000406,3.731594,,,,
20260904T225631Z-b66b297d,165,black,202,v3,Rh1,h4h1,7.569,0.007121000000000001,8.061879,,,,
20260904T225631Z-b66b297d,165,black,203,Storm v4,Kf8,g8f8,3.732,0.000376,4.231624,,,,
20260904T225631Z-b66b297d,165,black,204,v3,Rh8#,h1h8,8.062,0.01692,8.54508,,,,
20260904T225631Z-b66b297d,166,white,0,Storm v4,dxc5,d4c5,120.0,1.877448,118.622552,14,1969358,255,2813
20260904T225631Z-b66b297d,166,white,1,v3,dxc5,d6c5,120.0,3.278508,117.221492,,,,
20260904T225631Z-b66b297d,166,white,2,Storm v4,Qe2,d1e2,118.622,2.43838,116.68361999999999,15,2524492,260,2846
20260904T225631Z-b66b297d,166,white,3,v3,a6,a7a6,117.221,5.497256,112.22374400000001,,,,
20260904T225631Z-b66b297d,166,white,4,Storm v4,Nc3,b1c3,116.684,3.8549879999999996,113.329012,15,3725726,257,2886
20260904T225631Z-b66b297d,166,white,5,v3,Nf6,g8f6,112.224,3.988827,108.73517299999999,,,,
20260904T225631Z-b66b297d,166,white,6,Storm v4,Be3,c1e3,113.329,2.602215,111.226785,16,2696141,258,2786
20260904T225631Z-b66b297d,166,white,7,v3,Bd6,f8d6,108.735,4.1627600000000005,105.07224000000001,,,,
20260904T225631Z-b66b297d,166,white,8,Storm v4,O-O-O,e1c1,111.226,2.28085,109.44515,15,2167714,260,2781
20260904T225631Z-b66b297d,166,white,9,v3,Qe7,d8e7,105.072,3.0642139999999998,102.507786,,,,
20260904T225631Z-b66b297d,166,white,10,Storm v4,Nf3,g1f3,109.445,2.379449,107.56555100000001,15,2395013,261,2756
20260904T225631Z-b66b297d,166,white,11,v3,c6,c7c6,102.508,3.062216,99.945784,,,,
20260904T225631Z-b66b297d,166,white,12,Storm v4,Nh4,f3h4,107.566,3.4637640000000003,104.602236,15,3480815,258,2741
20260904T225631Z-b66b297d,166,white,13,v3,g6,g7g6,99.945,5.08812,95.35688,,,,
20260904T225631Z-b66b297d,166,white,14,Storm v4,Qf3,e2f3,104.602,2.740543,102.361457,15,2610299,262,2715
20260904T225631Z-b66b297d,166,white,15,v3,Qe6,e7e6,95.357,4.919678,90.937322,,,,
20260904T225631Z-b66b297d,166,white,16,Storm v4,Bh6,e3h6,102.361,1.776384,101.084616,14,1605969,262,2677
20260904T225631Z-b66b297d,166,white,17,v3,Be7,d6e7,90.937,2.8162559999999996,88.620744,,,,
20260904T225631Z-b66b297d,166,white,18,Storm v4,h3,h2h3,101.085,2.887487,98.697513,15,2558496,253,2676
20260904T225631Z-b66b297d,166,white,19,v3,Nh5,f6h5,88.621,4.032202,85.088798,,,,
20260904T225631Z-b66b297d,166,white,20,Storm v4,Qg4,f3g4,98.697,5.042623,94.15437700000001,17,4528836,274,4439
20260904T225631Z-b66b297d,166,white,21,v3,Qxg4,e6g4,85.089,3.4030810000000002,82.185919,,,,
20260904T225631Z-b66b297d,166,white,22,Storm v4,hxg4,h3g4,94.155,2.7632730000000003,91.891727,20,3119726,325,2820
20260904T225631Z-b66b297d,166,white,23,v3,Nf6,h5f6,82.186,4.3045100000000005,78.38149,,,,
20260904T225631Z-b66b297d,166,white,24,Storm v4,Bg7,h6g7,91.891,3.8900770000000002,88.500923,20,4213951,328,3071
20260904T225631Z-b66b297d,166,white,25,v3,Rg8,h8g8,78.381,3.8123780000000003,75.068622,,,,
20260904T225631Z-b66b297d,166,white,26,Storm v4,Bxf6,g7f6,88.501,7.024659,81.976341,20,7652847,342,3068
20260904T225631Z-b66b297d,166,white,27,v3,Bxf6,e7f6,75.069,2.198826,73.370174,,,,
20260904T225631Z-b66b297d,166,white,28,Storm v4,Nf3,h4f3,81.977,2.441201,80.035799,19,2551110,342,2951
20260904T225631Z-b66b297d,166,white,29,v3,h5,h7h5,73.37,2.369144,71.500856,,,,
20260904T225631Z-b66b297d,166,white,30,Storm v4,gxh5,g4h5,80.035,4.605685,75.929315,19,4518961,369,3071
20260904T225631Z-b66b297d,166,white,31,v3,gxh5,g6h5,71.501,2.959462,69.041538,,,,
20260904T225631Z-b66b297d,166,white,32,Storm v4,Rxh5,h1h5,75.93,2.269891,74.16010899999999,18,2264455,369,2837
20260904T225631Z-b66b297d,166,white,33,v3,Rxg2,g8g2,69.041,3.796071,65.744929,,,,
20260904T225631Z-b66b297d,166,white,34,Storm v4,Rf5,h5f5,74.16,2.2978069999999997,72.362193,18,2109599,369,2820
20260904T225631Z-b66b297d,166,white,35,v3,Ke7,e8e7,65.745,2.157782,64.08721800000001,,,,
20260904T225631Z-b66b297d,166,white,36,Storm v4,Na4,c3a4,72.362,2.815019,70.046981,16,2350227,390,2925
20260904T225631Z-b66b297d,166,white,37,v3,c4,c5c4,64.087,1.845101,62.741899,,,,
20260904T225631Z-b66b297d,166,white,38,Storm v4,Nc5,a4c5,70.047,2.250687,68.296313,15,1903197,421,2765
20260904T225631Z-b66b297d,166,white,39,v3,Bg7,f6g7,62.742,3.0336399999999997,60.20836,,,,
20260904T225631Z-b66b297d,166,white,40,Storm v4,Rd7+,d1d7,68.296,2.732634,66.06336599999999,15,2304082,426,2767
20260904T225631Z-b66b297d,166,white,41,v3,Kf8,e7f8,60.208,1.919875,58.788125,,,,
20260904T225631Z-b66b297d,166,white,42,Storm v4,Ne6+,c5e6,66.063,2.7025419999999998,63.860458,15,2423889,426,2710
20260904T225631Z-b66b297d,166,white,43,v3,Kg8,f8g8,58.788,3.028946,56.259054000000006,,,,
20260904T225631Z-b66b297d,166,white,44,Storm v4,Rfxf7,f5f7,63.861,11.568275,52.792725,17,9867554,518,8201
20260904T225631Z-b66b297d,166,white,45,v3,Bh6+,g7h6,56.259,2.469388,54.289612,,,,
20260904T225631Z-b66b297d,166,white,46,Storm v4,Kd1,c1d1,52.792,3.679609,49.612391,19,3392773,509,2578
20260904T225631Z-b66b297d,166,white,47,v3,Rg6,g2g6,54.29,2.464884,52.325116,,,,
20260904T225631Z-b66b297d,166,white,48,Storm v4,Rfe7,f7e7,49.613,1.9586400000000002,48.154360000000004,18,1876017,509,2201
20260904T225631Z-b66b297d,166,white,49,v3,b5,b7b5,52.325,2.772941,50.052059,,,,
20260904T225631Z-b66b297d,166,white,50,Storm v4,Ke2,d1e2,48.154,4.190187,44.463813,18,3900858,506,3325
20260904T225631Z-b66b297d,166,white,51,v3,Bf8,h6f8,50.052,2.294308,48.257692000000006,,,,
20260904T225631Z-b66b297d,166,white,52,Storm v4,Nxf8,e6f8,44.464,1.7737129999999999,43.190287,17,1783693,508,2078
20260904T225631Z-b66b297d,166,white,53,v3,Rxf8,a8f8,48.258,2.669592,46.088408,,,,
20260904T225631Z-b66b297d,166,white,54,Storm v4,Rc7,d7c7,43.19,9.342906999999999,34.347093,17,8452306,511,5218
20260904T225631Z-b66b297d,166,white,55,v3,b4,b5b4,46.088,2.53382,44.05418,,,,
20260904T225631Z-b66b297d,166,white,56,Storm v4,Nxe5,f3e5,34.347,1.3305150000000001,33.516485,16,1231639,511,1827
20260904T225631Z-b66b297d,166,white,57,v3,Rg2,g6g2,44.054,1.333877,43.220123,,,,
20260904T225631Z-b66b297d,166,white,58,Storm v4,Ke3,e2e3,33.517,2.2674279999999998,31.749572,14,2029524,568,5403
20260904T225631Z-b66b297d,166,white,59,v3,c3,c4c3,43.22,2.2340839999999997,41.485915999999996,,,,
20260904T225631Z-b66b297d,166,white,60,Storm v4,bxc3,b2c3,31.749,1.264648,30.984351999999998,15,1147208,593,1834
20260904T225631Z-b66b297d,166,white,61,v3,bxc3,b4c3,41.486,2.284912,39.701088000000006,,,,
20260904T225631Z-b66b297d,166,white,62,Storm v4,Nd3,e5d3,30.984,2.873573,28.610427,15,2818760,619,1816
20260904T225631Z-b66b297d,166,white,63,v3,Rg1,g2g1,39.701,1.8220889999999998,38.378911,,,,
20260904T225631Z-b66b297d,166,white,64,Storm v4,Kd4,e3d4,28.611,1.3588019999999998,27.752198,15,1320192,632,1673
20260904T225631Z-b66b297d,166,white,65,v3,a5,a6a5,38.379,1.44591,37.43309,,,,
20260904T225631Z-b66b297d,166,white,66,Storm v4,Kxc3,d4c3,27.752,1.137624,27.114376,15,1129291,661,1629
20260904T225631Z-b66b297d,166,white,67,v3,a4,a5a4,37.433,1.584811,36.348189,,,,
20260904T225631Z-b66b297d,166,white,68,Storm v4,e5,e4e5,27.114,1.722472,25.891527999999997,15,1748672,674,1593
20260904T225631Z-b66b297d,166,white,69,v3,a3,a4a3,36.348,1.2482,35.5998,,,,
20260904T225631Z-b66b297d,166,white,70,Storm v4,Rxc6,c7c6,25.892,1.721752,24.670248,16,1774251,700,1530
20260904T225631Z-b66b297d,166,white,71,v3,Ra8,f8a8,35.6,1.782332,34.317668,,,,
20260904T225631Z-b66b297d,166,white,72,Storm v4,e6,e5e6,24.67,1.452131,23.717869,16,1491166,727,1450
20260904T225631Z-b66b297d,166,white,73,v3,Rg4,g1g4,34.318,1.604843,33.213157,,,,
20260904T225631Z-b66b297d,166,white,74,Storm v4,Rcc7,c6c7,23.718,1.180104,23.037896,14,1142129,779,1447
20260904T225631Z-b66b297d,166,white,75,v3,Rg6,g4g6,33.213,1.9021880000000002,31.810812,,,,
20260904T225631Z-b66b297d,166,white,76,Storm v4,Ne5,d3e5,23.038,3.884324,19.653676,17,3480567,1299,3280
20260904T225631Z-b66b297d,166,white,77,v3,Rh6,g6h6,31.811,1.500795,30.810205000000003,,,,
20260904T225631Z-b66b297d,166,white,78,Storm v4,Nd7,e5d7,19.653,2.374318,17.778682,15,2442580,1419,2692
20260904T225631Z-b66b297d,166,white,79,v3,Rh3+,h6h3,30.81,1.613178,29.696822,,,,
20260904T225631Z-b66b297d,166,white,80,Storm v4,Kd2,c3d2,17.779,5.80682,12.47218,15,3598336,1361,2857
20260904T225631Z-b66b297d,166,white,81,v3,Rd8,a8d8,29.696,1.482344,28.713656,,,,
20260904T225631Z-b66b297d,166,white,82,Storm v4,Ke2,d2e2,12.472,0.018672,12.953327999999999,7,13060,31977,2004
20260904T225631Z-b66b297d,166,white,83,v3,Kh8,g8h8,28.714,1.5106279999999999,27.703371999999998,,,,
20260904T225631Z-b66b297d,166,white,84,Storm v4,Nf6,d7f6,12.953,0.002975,13.450025,4,923,31979,1933
20260904T225631Z-b66b297d,166,white,85,v3,Rd2+,d8d2,27.703,1.495715,26.707285,,,,
20260904T225631Z-b66b297d,166,white,86,Storm v4,Kxd2,e2d2,13.45,0.001589,13.948411,3,135,31981,1791
20260904T225631Z-b66b297d,166,white,87,v3,Rd3+,h3d3,26.708,1.2053669999999999,26.002633000000003,,,,
20260904T225631Z-b66b297d,166,white,88,Storm v4,Ke2,d2e2,13.949,0.0014479999999999999,14.447552,1,6,31983,1571
20260904T225631Z-b66b297d,166,white,89,v3,Re3+,d3e3,26.002,1.1997360000000001,25.302264,,,,
20260904T225631Z-b66b297d,166,white,90,Storm v4,Kf1,e2f1,14.447,0.001389,14.945611000000001,1,8,31985,1616
20260904T225631Z-b66b297d,166,white,91,v3,Re1+,e3e1,25.303,1.05689,24.74611,,,,
20260904T225631Z-b66b297d,166,white,92,Storm v4,Kg2,f1g2,14.946,0.000978,15.445022000000002,,,,
20260904T225631Z-b66b297d,166,white,93,v3,Rg1+,e1g1,24.746,0.94733,24.298669999999998,,,,
20260904T225631Z-b66b297d,166,white,94,Storm v4,Kf3,g2f3,15.445,0.001601,15.943399,3,236,31989,2131
20260904T225631Z-b66b297d,166,white,95,v3,Rg3+,g1g3,24.298,0.900171,23.897829,,,,
20260904T225631Z-b66b297d,166,white,96,Storm v4,Kf4,f3f4,15.943,0.001433,16.441567,1,6,31991,1749
20260904T225631Z-b66b297d,166,white,97,v3,Rf3+,g3f3,23.898,0.358798,24.039202,,,,
20260904T225631Z-b66b297d,166,white,98,Storm v4,Ke5,f4e5,16.442,0.002417,16.939583,5,849,31993,4001
20260904T225631Z-b66b297d,166,white,99,v3,Rf5+,f3f5,24.039,0.006441,24.532559000000003,,,,
20260904T225631Z-b66b297d,166,white,100,Storm v4,Kd6,e5d6,16.939,0.001495,17.437505,4,399,31995,4100
20260904T225631Z-b66b297d,166,white,101,v3,Rxf6,f5f6,24.533,0.002948,25.030052,,,,
20260904T225631Z-b66b297d,166,white,102,Storm v4,Re8+,e7e8,17.438,0.001314,17.936686,1,44,31997,1810
20260904T225631Z-b66b297d,166,white,103,v3,Rf8,f6f8,25.03,0.0010400000000000001,25.528959999999998,,,,
20260904T225631Z-b66b297d,166,white,104,Storm v4,Rxf8#,e8f8,17.936,0.001472,18.434527999999997,1,56,31999,1854
20260904T225631Z-b66b297d,166,black,0,v3,dxc5,d4c5,120.0,3.4709589999999997,117.02904099999999,,,,
20260904T225631Z-b66b297d,166,black,1,Storm v4,dxc5,d6c5,120.0,3.372232,117.127768,14,3300369,-256,2866
20260904T225631Z-b66b297d,166,black,2,v3,Qe2,d1e2,117.028,5.677015,111.850985,,,,
20260904T225631Z-b66b297d,166,black,3,Storm v4,c6,c7c6,117.127,2.128848,115.498152,13,1978767,-260,2884
20260904T225631Z-b66b297d,166,black,4,v3,Nf3,g1f3,111.851,5.242294,107.10870600000001,,,,
20260904T225631Z-b66b297d,166,black,5,Storm v4,Qc7,d8c7,115.498,4.811985,111.186015,15,4968289,-255,4321
20260904T225631Z-b66b297d,166,black,6,v3,O-O,e1g1,107.109,4.868372,102.740628,,,,
20260904T225631Z-b66b297d,166,black,7,Storm v4,Rd8,a8d8,111.186,2.3081810000000003,109.377819,14,2228421,-260,2824
20260904T225631Z-b66b297d,166,black,8,v3,Nbd2,b1d2,102.741,4.490671,98.750329,,,,
20260904T225631Z-b66b297d,166,black,9,Storm v4,Ne7,g8e7,109.378,3.0899940000000004,106.788006,17,3338905,-252,2746
20260904T225631Z-b66b297d,166,black,10,v3,Nb3,d2b3,98.75,4.7612250000000005,94.48877499999999,,,,
20260904T225631Z-b66b297d,166,black,11,Storm v4,Ng6,e7g6,106.788,3.834174,103.453826,17,3853930,-249,2715
20260904T225631Z-b66b297d,166,black,12,v3,Be3,c1e3,94.489,4.265627,90.723373,,,,
20260904T225631Z-b66b297d,166,black,13,Storm v4,b6,b7b6,103.454,5.342060999999999,98.61193899999999,17,5283043,-261,2877
20260904T225631Z-b66b297d,166,black,14,v3,h4,h2h4,90.723,3.5633719999999998,87.659628,,,,
20260904T225631Z-b66b297d,166,black,15,Storm v4,h5,h7h5,98.612,4.916504,94.195496,16,3989260,-248,4074
20260904T225631Z-b66b297d,166,black,16,v3,g3,g2g3,87.659,4.5135309999999995,83.64546899999999,,,,
20260904T225631Z-b66b297d,166,black,17,Storm v4,Qc8,c7c8,94.195,2.244659,92.450341,16,1760058,-242,2520
20260904T225631Z-b66b297d,166,black,18,v3,Rad1,a1d1,83.646,3.195449,80.950551,,,,
20260904T225631Z-b66b297d,166,black,19,Storm v4,Rxd1,d8d1,92.45,2.4945619999999997,90.455438,15,2067610,-239,2622
20260904T225631Z-b66b297d,166,black,20,v3,Qxd1,e2d1,80.95,3.837968,77.61203200000001,,,,
20260904T225631Z-b66b297d,166,black,21,Storm v4,Be7,f8e7,90.456,2.126671,88.829329,16,1922200,-233,2652
20260904T225631Z-b66b297d,166,black,22,v3,a4,a2a4,77.612,4.157317,73.954683,,,,
20260904T225631Z-b66b297d,166,black,23,Storm v4,Qg4,c8g4,88.829,7.38854,81.94046,16,6075476,-258,4750
20260904T225631Z-b66b297d,166,black,24,v3,Nfd2,f3d2,73.955,3.439406,71.015594,,,,
20260904T225631Z-b66b297d,166,black,25,Storm v4,Qh3,g4h3,81.94,1.757062,80.682938,15,1431514,-258,2485
20260904T225631Z-b66b297d,166,black,26,v3,Qf3,d1f3,71.016,2.8966350000000003,68.619365,,,,
20260904T225631Z-b66b297d,166,black,27,Storm v4,c4,c5c4,80.683,1.896708,79.286292,14,1491656,-270,2605
20260904T225631Z-b66b297d,166,black,28,v3,Nc1,b3c1,68.619,3.4005259999999997,65.718474,,,,
20260904T225631Z-b66b297d,166,black,29,Storm v4,b5,b6b5,79.287,2.1965120000000002,77.590488,13,1787855,-293,2597
20260904T225631Z-b66b297d,166,black,30,v3,Bxa7,e3a7,65.718,3.0978310000000002,63.120169000000004,,,,
20260904T225631Z-b66b297d,166,black,31,Storm v4,Qg4,h3g4,77.59,1.738117,76.351883,13,1443180,-292,2472
20260904T225631Z-b66b297d,166,black,32,v3,Ne2,c1e2,63.12,2.996632,60.623368,,,,
20260904T225631Z-b66b297d,166,black,33,Storm v4,O-O,e8g8,76.352,4.888964,71.96303599999999,16,4623598,-305,3043
20260904T225631Z-b66b297d,166,black,34,v3,Qxg4,f3g4,60.624,2.3700039999999998,58.753996,,,,
20260904T225631Z-b66b297d,166,black,35,Storm v4,hxg4,h5g4,71.963,3.30648,69.15652,19,3939867,-325,2729
20260904T225631Z-b66b297d,166,black,36,v3,h5,h4h5,58.754,3.085254,56.168746,,,,
20260904T225631Z-b66b297d,166,black,37,Storm v4,Rd8,f8d8,69.156,2.832726,66.823274,19,3317104,-320,2887
20260904T225631Z-b66b297d,166,black,38,v3,Be3,a7e3,56.168,2.525397,54.142603,,,,
20260904T225631Z-b66b297d,166,black,39,Storm v4,Nf8,g6f8,66.824,2.2817629999999998,65.042237,19,2697523,-327,2934
20260904T225631Z-b66b297d,166,black,40,v3,axb5,a4b5,54.143,1.87303,52.76997,,,,
20260904T225631Z-b66b297d,166,black,41,Storm v4,cxb5,c6b5,65.042,3.1181959999999997,62.423804000000004,18,3550827,-315,2799
20260904T225631Z-b66b297d,166,black,42,v3,Nc3,e2c3,52.77,1.739555,51.530445,,,,
20260904T225631Z-b66b297d,166,black,43,Storm v4,Bb4,e7b4,62.423,3.5582730000000002,59.364727,18,4157328,-325,2772
20260904T225631Z-b66b297d,166,black,44,v3,Nd5,c3d5,51.53,2.770336,49.259663999999994,,,,
20260904T225631Z-b66b297d,166,black,45,Storm v4,Bd6,b4d6,59.365,4.408072,55.456928,18,4741269,-330,3431
20260904T225631Z-b66b297d,166,black,46,v3,Rd1,f1d1,49.26,2.542012,47.217988,,,,
20260904T225631Z-b66b297d,166,black,47,Storm v4,Ne6,f8e6,55.457,2.117758,53.839242,16,2451361,-367,2613
20260904T225631Z-b66b297d,166,black,48,v3,Nf1,d2f1,47.218,2.501308,45.216692,,,,
20260904T225631Z-b66b297d,166,black,49,Storm v4,Nd4,e6d4,53.839,5.161688,49.177312,17,5642823,-385,6769
20260904T225631Z-b66b297d,166,black,50,v3,Bxd4,e3d4,45.216,2.511475,43.204525000000004,,,,
20260904T225631Z-b66b297d,166,black,51,Storm v4,exd4,e5d4,49.178,3.382216,46.295784,19,3829486,-418,2706
20260904T225631Z-b66b297d,166,black,52,v3,Rxd4,d1d4,43.205,2.3801370000000004,41.324863,,,,
20260904T225631Z-b66b297d,166,black,53,Storm v4,Re8,d8e8,46.295,2.2658470000000004,44.529153,18,2589948,-432,2685
20260904T225631Z-b66b297d,166,black,54,v3,Nf6+,d5f6,41.325,1.823279,40.001720999999996,,,,
20260904T225631Z-b66b297d,166,black,55,Storm v4,gxf6,g7f6,44.529,1.8120370000000001,43.21696300000001,20,1930982,-450,2631
20260904T225631Z-b66b297d,166,black,56,v3,Rxd6,d4d6,40.001,2.261482,38.239518,,,,
20260904T225631Z-b66b297d,166,black,57,Storm v4,Rxe4,e8e4,43.217,3.1043339999999997,40.612666,19,3790837,-454,2707
20260904T225631Z-b66b297d,166,black,58,v3,Ne3,f1e3,38.24,2.177276,36.562724,,,,
20260904T225631Z-b66b297d,166,black,59,Storm v4,f5,f6f5,40.613,6.2855039999999995,34.827496,17,7423125,-471,5389
20260904T225631Z-b66b297d,166,black,60,v3,h6,h5h6,36.563,1.7943040000000001,35.268696,,,,
20260904T225631Z-b66b297d,166,black,61,Storm v4,Re5,e4e5,34.827,6.670665,28.656335,17,8081735,-483,5651
20260904T225631Z-b66b297d,166,black,62,v3,Kg2,g1g2,35.268,1.841079,33.926921,,,,
20260904T225631Z-b66b297d,166,black,63,Storm v4,Re6,e5e6,28.657,4.450715,24.706285,19,5140740,-508,4751
20260904T225631Z-b66b297d,166,black,64,v3,Rd5,d6d5,33.927,1.5033889999999999,32.923611,,,,
20260904T225631Z-b66b297d,166,black,65,Storm v4,b4,b5b4,24.706,2.996808,22.209191999999998,17,3676499,-507,2053
20260904T225631Z-b66b297d,166,black,66,v3,Rxf5,d5f5,32.924,1.61298,31.81102,,,,
20260904T225631Z-b66b297d,166,black,67,Storm v4,Rxh6,e6h6,22.209,1.9824659999999998,20.726534,17,2335610,-510,1551
20260904T225631Z-b66b297d,166,black,68,v3,Rf4,f5f4,31.811,1.8317180000000002,30.479281999999998,,,,
20260904T225631Z-b66b297d,166,black,69,Storm v4,c3,c4c3,20.727,1.2261959999999998,20.000804,16,1470066,-510,1434
20260904T225631Z-b66b297d,166,black,70,v3,Rxg4+,f4g4,30.479,1.787591,29.191409,,,,
20260904T225631Z-b66b297d,166,black,71,Storm v4,Kh7,g8h7,20.0,1.331694,19.168306,17,1477949,-518,1511
20260904T225631Z-b66b297d,166,black,72,v3,Rxb4,g4b4,29.191,1.792047,27.898953000000002,,,,
20260904T225631Z-b66b297d,166,black,73,Storm v4,cxb2,c3b2,19.169,1.061855,18.607145,16,1146555,-519,1348
20260904T225631Z-b66b297d,166,black,74,v3,Rxb2,b4b2,27.899,1.9683140000000001,26.430686,,,,
20260904T225631Z-b66b297d,166,black,75,Storm v4,Rd6,h6d6,18.607,2.26512,16.84188,15,2527816,-520,1314
20260904T225631Z-b66b297d,166,black,76,v3,c4,c2c4,26.431,1.038724,25.892276000000003,,,,
20260904T225631Z-b66b297d,166,black,77,Storm v4,Rc6,d6c6,16.842,1.369356,15.972644,15,1513823,-563,1358
20260904T225631Z-b66b297d,166,black,78,v3,Rb5,b2b5,25.892,1.23225,25.15975,,,,
20260904T225631Z-b66b297d,166,black,79,Storm v4,Kg6,h7g6,15.972,2.32944,14.14256,16,2678447,-590,1444
20260904T225631Z-b66b297d,166,black,80,v3,c5,c4c5,25.16,1.041373,24.618627,,,,
20260904T225631Z-b66b297d,166,black,81,Storm v4,f6,f7f6,14.143,1.676866,12.966134,17,1924914,-621,1751
20260904T225631Z-b66b297d,166,black,82,v3,Nc2,e3c2,24.618,1.051704,24.066295999999998,,,,
20260904T225631Z-b66b297d,166,black,83,Storm v4,Rc8,c6c8,12.966,0.85217,12.61383,16,1017733,-625,1010
20260904T225631Z-b66b297d,166,black,84,v3,Nd4,c2d4,24.067,1.161227,23.405773,,,,
20260904T225631Z-b66b297d,166,black,85,Storm v4,Rd8,c8d8,12.614,0.795293,12.318707,15,947307,-658,948
20260904T225631Z-b66b297d,166,black,86,v3,Rb4,b5b4,23.405,1.2949570000000001,22.610043,,,,
20260904T225631Z-b66b297d,166,black,87,Storm v4,Kf7,g6f7,12.318,1.149537,11.668463,16,1262823,-694,1267
20260904T225631Z-b66b297d,166,black,88,v3,c6,c5c6,22.61,0.986095,22.123905,,,,
20260904T225631Z-b66b297d,166,black,89,Storm v4,Ke7,f7e7,11.669,3.611427,8.557573,16,3788140,-851,2509
20260904T225631Z-b66b297d,166,black,90,v3,Rb7+,b4b7,22.124,1.216046,21.407954,,,,
20260904T225631Z-b66b297d,166,black,91,Storm v4,Kd6,e7d6,8.557,0.584124,8.472876,19,750596,-725,801
20260904T225631Z-b66b297d,166,black,92,v3,c7,c6c7,21.408,1.282083,20.625917,,,,
20260904T225631Z-b66b297d,166,black,93,Storm v4,Rc8,d8c8,8.473,0.503079,8.469921000000001,19,648826,-727,710
20260904T225631Z-b66b297d,166,black,94,v3,Kf3,g2f3,20.626,0.818766,20.307234,,,,
20260904T225631Z-b66b297d,166,black,95,Storm v4,Kd7,d6d7,8.47,0.644883,8.325117,18,744900,-732,706
20260904T225631Z-b66b297d,166,black,96,v3,Nb5,d4b5,20.307,1.0154940000000001,19.791506000000002,,,,
20260904T225631Z-b66b297d,166,black,97,Storm v4,Kc6,d7c6,8.325,3.41453,5.410469999999999,20,4627456,-909,1942
20260904T225631Z-b66b297d,166,black,98,v3,Rb8,b7b8,19.792,0.756984,19.535016,,,,
20260904T225631Z-b66b297d,166,black,99,Storm v4,Rxc7,c8c7,5.41,2.191226,3.718774,20,2842183,-1200,1448
20260904T225631Z-b66b297d,166,black,100,v3,Nxc7,b5c7,19.534,0.764097,19.269903,,,,
20260904T225631Z-b66b297d,166,black,101,Storm v4,Kd7,c6d7,3.719,0.8941849999999999,3.324815,15,1182447,-1189,428
20260904T225631Z-b66b297d,166,black,102,v3,Nd5,c7d5,19.27,1.170339,18.599661,,,,
20260904T225631Z-b66b297d,166,black,103,Storm v4,Ke6,d7e6,3.325,1.026637,2.798363,14,1347516,-1175,837
20260904T225631Z-b66b297d,166,black,104,v3,Ke4,f3e4,18.6,1.235336,17.864664,,,,
20260904T225631Z-b66b297d,166,black,105,Storm v4,f5+,f6f5,2.798,1.108006,2.1899939999999996,13,1471778,-1188,763
20260904T225631Z-b66b297d,166,black,106,v3,Kd4,e4d4,17.865,1.129969,17.235031,,,,
20260904T225631Z-b66b297d,166,black,107,Storm v4,Kd7,e6d7,2.19,1.612635,1.077365,13,1555456,-1188,619
20260904T225631Z-b66b297d,166,black,108,v3,Rb6,b8b6,17.235,0.706024,17.028976,,,,
20260904T225631Z-b66b297d,166,black,109,Storm v4,Ke8,d7e8,1.077,0.677702,0.899298,12,574464,-31984,278
20260904T225631Z-b66b297d,166,black,110,v3,Ke5,d4e5,17.028,0.735735,16.792265,,,,
20260904T225631Z-b66b297d,166,black,111,Storm v4,Kf7,e8f7,0.9,0.269464,1.130536,15,276443,-31990,278
20260904T225631Z-b66b297d,166,black,112,v3,Kxf5,e5f5,16.793,0.669008,16.623991999999998,,,,
20260904T225631Z-b66b297d,166,black,113,Storm v4,Kg7,f7g7,1.13,0.2802,1.3497999999999999,29,346093,-31992,278
20260904T225631Z-b66b297d,166,black,114,v3,Rb7+,b6b7,16.624,0.631514,16.492486,,,,
20260904T225631Z-b66b297d,166,black,115,Storm v4,Kf8,g7f8,1.35,0.046767,1.8032329999999999,64,61379,-31994,301
20260904T225631Z-b66b297d,166,black,116,v3,Ke6,f5e6,16.492,0.04151,16.950490000000002,,,,
20260904T225631Z-b66b297d,166,black,117,Storm v4,Kg8,f8g8,1.803,0.001936,2.301064,64,261,-31996,299
20260904T225631Z-b66b297d,166,black,118,v3,Nf6+,d5f6,16.951,0.002895,17.448104999999998,,,,
20260904T225631Z-b66b297d,166,black,119,Storm v4,Kh8,g8h8,2.301,0.0019019999999999998,2.799098,64,195,-31998,359
20260904T225631Z-b66b297d,166,black,120,v3,Rh7#,b7h7,17.448,0.002009,17.945991000000003,,,,
20260904T225631Z-b66b297d,167,white,0,Storm v4,Qxe6,f5e6,120.0,2.368026,118.131974,16,2296982,420,2728
20260904T225631Z-b66b297d,167,white,1,v3,Qd7,d8d7,120.0,3.631888,116.868112,,,,
20260904T225631Z-b66b297d,167,white,2,Storm v4,Qxd7+,e6d7,118.131,2.322862,116.308138,16,2523900,425,2791
20260904T225631Z-b66b297d,167,white,3,v3,Nxd7,b8d7,116.868,3.953463,113.414537,,,,
20260904T225631Z-b66b297d,167,white,4,Storm v4,Nc3,b1c3,116.309,2.405692,114.40330800000001,16,2591955,425,3166
20260904T225631Z-b66b297d,167,white,5,v3,Ngf6,g8f6,113.414,3.1214989999999996,110.792501,,,,
20260904T225631Z-b66b297d,167,white,6,Storm v4,Nf3,g1f3,114.403,2.905227,111.997773,15,3002342,427,3170
20260904T225631Z-b66b297d,167,white,7,v3,Bg7,f8g7,110.792,4.299183,106.992817,,,,
20260904T225631Z-b66b297d,167,white,8,Storm v4,Nb5,c3b5,111.997,2.907752,109.58924800000001,17,3133012,446,3130
20260904T225631Z-b66b297d,167,white,9,v3,O-O-O,e8c8,106.993,3.547442,103.945558,,,,
20260904T225631Z-b66b297d,167,white,10,Storm v4,Ng5,f3g5,109.59,3.701038,106.388962,17,3789176,444,3105
20260904T225631Z-b66b297d,167,white,11,v3,a6,a7a6,103.946,2.919295,101.526705,,,,
20260904T225631Z-b66b297d,167,white,12,Storm v4,Nd4,b5d4,106.389,3.3893809999999998,103.49961900000001,17,3830208,450,3758
20260904T225631Z-b66b297d,167,white,13,v3,Rhg8,h8g8,101.526,4.503823000000001,97.522177,,,,
20260904T225631Z-b66b297d,167,white,14,Storm v4,Nge6,g5e6,103.499,2.378275,101.62072500000001,18,2763565,463,3056
20260904T225631Z-b66b297d,167,white,15,v3,Rde8,d8e8,97.522,5.0840320000000006,92.937968,,,,
20260904T225631Z-b66b297d,167,white,16,Storm v4,Be2,f1e2,101.621,2.867179,99.253821,18,3094199,461,3020
20260904T225631Z-b66b297d,167,white,17,v3,Nf8,d7f8,92.938,4.039695,89.398305,,,,
20260904T225631Z-b66b297d,167,white,18,Storm v4,O-O,e1g1,99.254,4.646504,95.107496,17,4759151,459,7095
20260904T225631Z-b66b297d,167,white,19,v3,Bh6,g7h6,89.399,3.233601,86.66539900000001,,,,
20260904T225631Z-b66b297d,167,white,20,Storm v4,c4,c2c4,95.107,2.981061,92.625939,17,3164724,471,3564
20260904T225631Z-b66b297d,167,white,21,v3,dxc4,d5c4,86.665,3.288227,83.876773,,,,
20260904T225631Z-b66b297d,167,white,22,Storm v4,dxc4,d3c4,92.626,2.2166840000000003,90.909316,17,2233347,468,2904
20260904T225631Z-b66b297d,167,white,23,v3,Nxe6,f8e6,83.877,4.207394,80.169606,,,,
20260904T225631Z-b66b297d,167,white,24,Storm v4,Nxe6,d4e6,90.909,2.901186,88.507814,17,2643716,479,3005
20260904T225631Z-b66b297d,167,white,25,v3,Kd7,c8d7,80.169,4.076107,76.59289299999999,,,,
20260904T225631Z-b66b297d,167,white,26,Storm v4,Nc5+,e6c5,88.508,3.3847899999999997,85.62321,16,3025314,479,2964
20260904T225631Z-b66b297d,167,white,27,v3,Kc8,d7c8,76.593,3.457123,73.635877,,,,
20260904T225631Z-b66b297d,167,white,28,Storm v4,Bd2,c1d2,85.623,2.608023,83.514977,16,2637264,483,2917
20260904T225631Z-b66b297d,167,white,29,v3,e5,e7e5,73.636,3.8249589999999998,70.311041,,,,
20260904T225631Z-b66b297d,167,white,30,Storm v4,Bc3,d2c3,83.515,4.83514,79.17986,17,4722955,475,3073
20260904T225631Z-b66b297d,167,white,31,v3,Rgf8,g8f8,70.311,2.072942,68.73805800000001,,,,
20260904T225631Z-b66b297d,167,white,32,Storm v4,Nd3,c5d3,79.18,3.802328,75.877672,18,3778239,507,2823
20260904T225631Z-b66b297d,167,white,33,v3,e4,e5e4,68.738,2.2824389999999997,66.955561,,,,
20260904T225631Z-b66b297d,167,white,34,Storm v4,Nc5,d3c5,75.878,2.463029,73.91497100000001,19,2611900,509,2728
20260904T225631Z-b66b297d,167,white,35,v3,b6,b7b6,66.955,2.589428,64.865572,,,,
20260904T225631Z-b66b297d,167,white,36,Storm v4,Nxa6,c5a6,73.914,2.920777,71.493223,19,3121735,513,2704
20260904T225631Z-b66b297d,167,white,37,v3,c5,c7c5,64.866,2.775299,62.590701,,,,
20260904T225631Z-b66b297d,167,white,38,Storm v4,b4,b2b4,71.494,2.937786,69.05621400000001,18,2978851,512,2730
20260904T225631Z-b66b297d,167,white,39,v3,Kb7,c8b7,62.591,3.32811,59.76289,,,,
20260904T225631Z-b66b297d,167,white,40,Storm v4,b5,b4b5,69.056,4.819978,64.73602199999999,18,4466227,520,2673
20260904T225631Z-b66b297d,167,white,41,v3,Bg5,h6g5,59.762,3.5650500000000003,56.696949999999994,,,,
20260904T225631Z-b66b297d,167,white,42,Storm v4,Rad1,a1d1,64.736,2.708346,62.527654000000005,17,2520888,533,2510
20260904T225631Z-b66b297d,167,white,43,v3,Rd8,e8d8,56.697,2.97337,54.22363,,,,
20260904T225631Z-b66b297d,167,white,44,Storm v4,a4,a2a4,62.527,2.450808,60.576192000000006,16,2461685,529,2534
20260904T225631Z-b66b297d,167,white,45,v3,Nh5,f6h5,54.224,1.616576,53.107424,,,,
20260904T225631Z-b66b297d,167,white,46,Storm v4,Be5,c3e5,60.577,2.043489,59.033511,14,1851865,545,2441
20260904T225631Z-b66b297d,167,white,47,v3,Bf6,g5f6,53.107,2.0353689999999998,51.571631000000004,,,,
20260904T225631Z-b66b297d,167,white,48,Storm v4,Bc7,e5c7,59.033,2.925258,56.607742,18,2982619,695,2425
20260904T225631Z-b66b297d,167,white,49,v3,Rxd1,d8d1,51.572,1.733861,50.338139000000005,,,,
20260904T225631Z-b66b297d,167,white,50,Storm v4,Rxd1,f1d1,56.608,1.8688630000000002,55.239137,18,1930398,716,2526
20260904T225631Z-b66b297d,167,white,51,v3,Bc3,f6c3,50.338,2.420306,48.417694000000004,,,,
20260904T225631Z-b66b297d,167,white,52,Storm v4,Bxh5,e2h5,55.239,2.917078,52.821922,18,3003266,714,2696
20260904T225631Z-b66b297d,167,white,53,v3,gxh5,g6h5,48.418,1.976886,46.941114,,,,
20260904T225631Z-b66b297d,167,white,54,Storm v4,Rd7,d1d7,52.822,4.284788,49.037212,16,4678526,757,5901
20260904T225631Z-b66b297d,167,white,55,v3,Kc8,b7c8,46.941,1.576069,45.864931,,,,
20260904T225631Z-b66b297d,167,white,56,Storm v4,Rxh7,d7h7,49.037,4.48618,45.05082,17,4837513,786,5492
20260904T225631Z-b66b297d,167,white,57,v3,Rf6,f8f6,45.865,2.476605,43.888394999999996,,,,
20260904T225631Z-b66b297d,167,white,58,Storm v4,Nb8,a6b8,45.051,7.239317,38.311682999999995,20,8113037,973,5800
20260904T225631Z-b66b297d,167,white,59,v3,Rg6,f6g6,43.888,2.289241,42.098759,,,,
20260904T225631Z-b66b297d,167,white,60,Storm v4,Nc6,b8c6,38.311,2.63395,36.17705,22,3081669,1028,2277
20260904T225631Z-b66b297d,167,white,61,v3,Rg7,g6g7,42.099,2.3203110000000002,40.278689,,,,
20260904T225631Z-b66b297d,167,white,62,Storm v4,Rxg7,h7g7,36.177,7.325412,29.351588,21,8454585,1041,4225
20260904T225631Z-b66b297d,167,white,63,v3,Bxg7,c3g7,40.278,2.2151729999999996,38.562827,,,,
20260904T225631Z-b66b297d,167,white,64,Storm v4,Bxb6,c7b6,29.352,10.667296,19.184703999999996,22,12366848,1145,3753
20260904T225631Z-b66b297d,167,white,65,v3,Bf8,g7f8,38.563,2.155686,36.907314,,,,
20260904T225631Z-b66b297d,167,white,66,Storm v4,a5,a4a5,19.184,1.775574,17.908426,18,1845205,1075,1468
20260904T225631Z-b66b297d,167,white,67,v3,Bd6,f8d6,36.907,2.828561,34.578438999999996,,,,
20260904T225631Z-b66b297d,167,white,68,Storm v4,a6,a5a6,17.909,2.809116,15.599884,24,3285209,1302,3030
20260904T225631Z-b66b297d,167,white,69,v3,Bf8,d6f8,34.579,1.4271179999999999,33.651882,,,,
20260904T225631Z-b66b297d,167,white,70,Storm v4,Na5,c6a5,15.6,2.255846,13.844154,17,2447160,1733,2703
20260904T225631Z-b66b297d,167,white,71,v3,Kb8,c8b8,33.652,1.331701,32.820299,,,,
20260904T225631Z-b66b297d,167,white,72,Storm v4,Bc7+,b6c7,13.844,2.1082069999999997,12.235793,16,2014639,1759,2223
20260904T225631Z-b66b297d,167,white,73,v3,Kxc7,b8c7,32.82,1.85859,31.46141,,,,
20260904T225631Z-b66b297d,167,white,74,Storm v4,a7,a6a7,12.236,5.189475000000001,7.546525,15,5222400,1759,1047
20260904T225631Z-b66b297d,167,white,75,v3,Bd6,f8d6,31.461,1.730326,30.230674,,,,
20260904T225631Z-b66b297d,167,white,76,Storm v4,a8=Q,a7a8q,7.546,3.526072,4.519928,14,3418112,1802,711
20260904T225631Z-b66b297d,167,white,77,v3,Kd7,c7d7,30.231,1.795042,28.935958,,,,
20260904T225631Z-b66b297d,167,white,78,Storm v4,Qb7+,a8b7,4.52,0.815877,4.204122999999999,12,850334,2359,928
20260904T225631Z-b66b297d,167,white,79,v3,Ke8,d7e8,28.936,1.266169,28.169831,,,,
20260904T225631Z-b66b297d,167,white,80,Storm v4,Qxe4+,b7e4,4.204,2.1475239999999998,2.556476,12,1896448,2387,432
20260904T225631Z-b66b297d,167,white,81,v3,Kd7,e8d7,28.169,1.2968989999999998,27.372100999999997,,,,
20260904T225631Z-b66b297d,167,white,82,Storm v4,Qd5,e4d5,2.556,1.682101,1.373899,12,1353728,2359,338
20260904T225631Z-b66b297d,167,white,83,v3,Kc7,d7c7,27.373,0.903497,26.969503,,,,
20260904T225631Z-b66b297d,167,white,84,Storm v4,b6+,b5b6,1.374,0.001978,1.8720219999999999,2,285,31989,765
20260904T225631Z-b66b297d,167,white,85,v3,Kd7,c7d7,26.969,1.077482,26.391518,,,,
20260904T225631Z-b66b297d,167,white,86,Storm v4,Qf7+,d5f7,1.872,0.001754,2.3702460000000003,1,64,31991,457
20260904T225631Z-b66b297d,167,white,87,v3,Be7,d6e7,26.391,0.6229,26.268099999999997,,,,
20260904T225631Z-b66b297d,167,white,88,Storm v4,b7,b6b7,2.37,0.001756,2.8682440000000002,1,55,31993,500
20260904T225631Z-b66b297d,167,white,89,v3,Kc7,d7c7,26.269,0.005831,26.763169,,,,
20260904T225631Z-b66b297d,167,white,90,Storm v4,Qxe7+,f7e7,2.869,0.001674,3.367326,1,58,31995,543
20260904T225631Z-b66b297d,167,white,91,v3,Kb6,c7b6,26.763,0.001289,27.261711,,,,
20260904T225631Z-b66b297d,167,white,92,Storm v4,b8=Q+,b7b8q,3.367,0.001818,3.865182,2,315,31997,1072
20260904T225631Z-b66b297d,167,white,93,v3,Ka6,b6a6,27.261,0.001153,27.759847,,,,
20260904T225631Z-b66b297d,167,white,94,Storm v4,Qb5#,b8b5,3.865,0.0022719999999999997,4.362728,1,99,31999,603
20260904T225631Z-b66b297d,167,black,0,v3,Qxe6,f5e6,120.0,4.099636,116.400364,,,,
20260904T225631Z-b66b297d,167,black,1,Storm v4,Qd7,d8d7,120.0,2.22449,118.27551,14,2094769,-427,2942
20260904T225631Z-b66b297d,167,black,2,v3,Qxd7+,e6d7,116.4,4.792563,112.107437,,,,
20260904T225631Z-b66b297d,167,black,3,Storm v4,Nxd7,b8d7,118.275,2.414766,116.36023399999999,16,2726811,-429,3178
20260904T225631Z-b66b297d,167,black,4,v3,Nc3,b1c3,112.107,4.952008,107.654992,,,,
20260904T225631Z-b66b297d,167,black,5,Storm v4,Ngf6,g8f6,116.36,4.928171,111.931829,16,5272432,-430,3187
20260904T225631Z-b66b297d,167,black,6,v3,Nf3,g1f3,107.655,4.910075,103.24492500000001,,,,
20260904T225631Z-b66b297d,167,black,7,Storm v4,e5,e7e5,111.932,3.5683949999999998,108.86360499999999,15,3752061,-427,3115
20260904T225631Z-b66b297d,167,black,8,v3,Bd2,c1d2,103.245,5.033224000000001,98.711776,,,,
20260904T225631Z-b66b297d,167,black,9,Storm v4,O-O-O,e8c8,108.863,2.369466,106.993534,14,2535060,-427,3049
20260904T225631Z-b66b297d,167,black,10,v3,Be2,f1e2,98.712,3.721096,95.490904,,,,
20260904T225631Z-b66b297d,167,black,11,Storm v4,Bg7,f8g7,106.994,2.730676,104.763324,15,2991877,-423,3037
20260904T225631Z-b66b297d,167,black,12,v3,O-O,e1g1,95.491,2.938757,93.052243,,,,
20260904T225631Z-b66b297d,167,black,13,Storm v4,Rhe8,h8e8,104.763,5.975435,99.287565,16,6511660,-424,8045
20260904T225631Z-b66b297d,167,black,14,v3,Rad1,a1d1,93.052,3.31246,90.23953999999999,,,,
20260904T225631Z-b66b297d,167,black,15,Storm v4,Nb6,d7b6,99.288,4.675971,95.11202899999999,16,4970456,-428,2906
20260904T225631Z-b66b297d,167,black,16,v3,Rfe1,f1e1,90.239,4.715064,86.023936,,,,
20260904T225631Z-b66b297d,167,black,17,Storm v4,c6,c7c6,95.112,3.240053,92.371947,15,3408212,-422,3458
20260904T225631Z-b66b297d,167,black,18,v3,h3,h2h3,86.024,3.7981309999999997,82.725869,,,,
20260904T225631Z-b66b297d,167,black,19,Storm v4,d4,d5d4,92.372,2.935388,89.936612,18,3220379,-422,2802
20260904T225631Z-b66b297d,167,black,20,v3,Ne4,c3e4,82.726,2.620854,80.60514599999999,,,,
20260904T225631Z-b66b297d,167,black,21,Storm v4,Na4,b6a4,89.936,3.822965,86.613035,18,3953376,-435,2980
20260904T225631Z-b66b297d,167,black,22,v3,Nxf6,e4f6,80.605,4.244351,76.86064900000001,,,,
20260904T225631Z-b66b297d,167,black,23,Storm v4,Bxf6,g7f6,86.613,2.975906,84.13709399999999,18,3036070,-443,2760
20260904T225631Z-b66b297d,167,black,24,v3,exd4,e3d4,76.861,2.99534,74.36566,,,,
20260904T225631Z-b66b297d,167,black,25,Storm v4,exd4,e5d4,84.137,2.6757809999999997,81.961219,18,2823292,-454,2790
20260904T225631Z-b66b297d,167,black,26,v3,Ng5,f3g5,74.365,3.444148,71.420852,,,,
20260904T225631Z-b66b297d,167,black,27,Storm v4,h5,h7h5,81.961,2.228649,80.232351,16,2316523,-452,2776
20260904T225631Z-b66b297d,167,black,28,v3,Rb1,d1b1,71.421,3.3582330000000002,68.562767,,,,
20260904T225631Z-b66b297d,167,black,29,Storm v4,Nb6,a4b6,80.233,3.011407,77.721593,16,3087432,-445,2761
20260904T225631Z-b66b297d,167,black,30,v3,Bf3,e2f3,68.563,2.948405,66.114595,,,,
20260904T225631Z-b66b297d,167,black,31,Storm v4,Nd5,b6d5,77.721,3.137631,75.083369,15,3161820,-466,2826
20260904T225631Z-b66b297d,167,black,32,v3,Be4,f3e4,66.114,3.273755,63.340245,,,,
20260904T225631Z-b66b297d,167,black,33,Storm v4,Rg8,e8g8,75.084,2.706507,72.877493,16,2844019,-463,2662
20260904T225631Z-b66b297d,167,black,34,v3,a4,a2a4,63.34,3.3601039999999998,60.479896000000004,,,,
20260904T225631Z-b66b297d,167,black,35,Storm v4,b6,b7b6,72.877,7.244998,66.13200200000001,15,7147611,-462,7010
20260904T225631Z-b66b297d,167,black,36,v3,Rbc1,b1c1,60.48,2.1422130000000004,58.837787,,,,
20260904T225631Z-b66b297d,167,black,37,Storm v4,Rd6,d8d6,66.132,3.558714,63.073286,15,3495952,-480,3771
20260904T225631Z-b66b297d,167,black,38,v3,Bf3,e4f3,58.838,2.548729,56.789271,,,,
20260904T225631Z-b66b297d,167,black,39,Storm v4,Bxg5,f6g5,63.073,3.6236599999999997,59.94934,15,3474425,-492,3623
20260904T225631Z-b66b297d,167,black,40,v3,Bxg5,d2g5,56.789,2.4145920000000003,54.874408,,,,
20260904T225631Z-b66b297d,167,black,41,Storm v4,a5,a7a5,59.949,3.030986,57.418014,16,2989488,-496,2545
20260904T225631Z-b66b297d,167,black,42,v3,Re4,e1e4,54.875,2.607466,52.767534,,,,
20260904T225631Z-b66b297d,167,black,43,Storm v4,Nc7,d5c7,57.418,2.596731,55.321269,17,2679283,-520,3635
20260904T225631Z-b66b297d,167,black,44,v3,Rce1,c1e1,52.767,1.925342,51.341658,,,,
20260904T225631Z-b66b297d,167,black,45,Storm v4,Rd7,d6d7,55.322,2.363317,53.458683,18,2544168,-535,2345
20260904T225631Z-b66b297d,167,black,46,v3,b3,b2b3,51.342,2.1102600000000002,49.731739999999995,,,,
20260904T225631Z-b66b297d,167,black,47,Storm v4,Rf8,g8f8,53.458,2.475368,51.482631999999995,16,2511033,-503,2313
20260904T225631Z-b66b297d,167,black,48,v3,Re5,e4e5,49.731,2.622422,47.608578,,,,
20260904T225631Z-b66b297d,167,black,49,Storm v4,Kb7,c8b7,51.483,2.504502,49.478498,17,2509798,-504,2310
20260904T225631Z-b66b297d,167,black,50,v3,Be4,f3e4,47.609,2.483969,45.625031,,,,
20260904T225631Z-b66b297d,167,black,51,Storm v4,Rg8,f8g8,49.478,2.204139,47.773861,18,2269712,-516,2235
20260904T225631Z-b66b297d,167,black,52,v3,g3,g2g3,45.625,1.916342,44.208658,,,,
20260904T225631Z-b66b297d,167,black,53,Storm v4,Rdg7,d7g7,47.774,3.085985,45.188015,16,3048878,-521,2724
20260904T225631Z-b66b297d,167,black,54,v3,Bf4,g5f4,44.209,2.1710760000000002,42.537924,,,,
20260904T225631Z-b66b297d,167,black,55,Storm v4,g5,g6g5,45.188,3.727784,41.960216,17,3623696,-525,2257
20260904T225631Z-b66b297d,167,black,56,v3,Bd2,f4d2,42.537,2.478889,40.558111,,,,
20260904T225631Z-b66b297d,167,black,57,Storm v4,h4,h5h4,41.96,5.819419,36.640581,17,5362578,-534,2153
20260904T225631Z-b66b297d,167,black,58,v3,g4,g3g4,40.558,2.256489,38.801511,,,,
20260904T225631Z-b66b297d,167,black,59,Storm v4,Na6,c7a6,36.641,2.026955,35.114045,16,1884243,-569,1841
20260904T225631Z-b66b297d,167,black,60,v3,Re6,e5e6,38.802,1.984691,37.317309,,,,
20260904T225631Z-b66b297d,167,black,61,Storm v4,Nc5,a6c5,35.114,3.4633130000000003,32.150687,16,3274844,-571,4355
20260904T225631Z-b66b297d,167,black,62,v3,Bxc6+,e4c6,37.317,1.646302,36.170697999999994,,,,
20260904T225631Z-b66b297d,167,black,63,Storm v4,Kc7,b7c7,32.15,1.493794,31.156205999999997,17,1446925,-582,1897
20260904T225631Z-b66b297d,167,black,64,v3,Rf6,e6f6,36.171,2.090001,34.580999,,,,
20260904T225631Z-b66b297d,167,black,65,Storm v4,Rg6,g7g6,31.157,3.8465659999999997,27.810434,17,3875507,-598,3350
20260904T225631Z-b66b297d,167,black,66,v3,Re7+,e1e7,34.581,1.844588,33.236411999999994,,,,
20260904T225631Z-b66b297d,167,black,67,Storm v4,Kd8,c7d8,27.81,1.969177,26.340823,18,1950575,-633,2748
20260904T225631Z-b66b297d,167,black,68,v3,Ref7,e7f7,33.236,1.8625099999999999,31.87349,,,,
20260904T225631Z-b66b297d,167,black,69,Storm v4,Rxf6,g6f6,26.341,1.216241,25.624758999999997,17,1262282,-627,1470
20260904T225631Z-b66b297d,167,black,70,v3,Rxf6,f7f6,31.874,1.7051189999999998,30.668881000000003,,,,
20260904T225631Z-b66b297d,167,black,71,Storm v4,Ke7,d8e7,25.624,1.517891,24.606109,17,1604235,-630,1618
20260904T225631Z-b66b297d,167,black,72,v3,Rh6,f6h6,30.668,1.552909,29.615091,,,,
20260904T225631Z-b66b297d,167,black,73,Storm v4,Rg7,g8g7,24.607,3.084466,22.022534,15,3056440,-697,4163
20260904T225631Z-b66b297d,167,black,74,v3,Bd5,c6d5,29.616,1.588036,28.527964,,,,
20260904T225631Z-b66b297d,167,black,75,Storm v4,Nd7,c5d7,22.022,1.690138,20.831862,17,1727103,-715,1471
20260904T225631Z-b66b297d,167,black,76,v3,Bc1,d2c1,28.527,1.693811,27.333188999999997,,,,
20260904T225631Z-b66b297d,167,black,77,Storm v4,Ke8,e7e8,20.832,1.780054,19.551946,16,1900559,-740,1852
20260904T225631Z-b66b297d,167,black,78,v3,Bb2,c1b2,27.334,1.6249749999999998,26.209025,,,,
20260904T225631Z-b66b297d,167,black,79,Storm v4,Kd8,e8d8,19.552,1.5177960000000001,18.534204000000003,17,1556857,-759,1313
20260904T225631Z-b66b297d,167,black,80,v3,Bxd4,b2d4,26.209,1.324275,25.384725,,,,
20260904T225631Z-b66b297d,167,black,81,Storm v4,Re7,g7e7,18.534,1.47595,17.558049999999998,17,1623288,-765,1248
20260904T225631Z-b66b297d,167,black,82,v3,Be3,d4e3,25.384,1.324757,24.559243,,,,
20260904T225631Z-b66b297d,167,black,83,Storm v4,Rg7,e7g7,17.558,2.545936,15.512064,13,2691386,-819,2372
20260904T225631Z-b66b297d,167,black,84,v3,Rh5,h6h5,24.559,0.948688,24.110312,,,,
20260904T225631Z-b66b297d,167,black,85,Storm v4,Ke8,d8e8,15.512,1.439616,14.572384,14,1426860,-843,1592
20260904T225631Z-b66b297d,167,black,86,v3,Bxg5,e3g5,24.111,1.5256310000000002,23.085369,,,,
20260904T225631Z-b66b297d,167,black,87,Storm v4,Nf8,d7f8,14.572,0.90954,14.16246,14,947972,-869,1025
20260904T225631Z-b66b297d,167,black,88,v3,Bxh4,g5h4,23.085,0.945462,22.639538,,,,
20260904T225631Z-b66b297d,167,black,89,Storm v4,Rg6,g7g6,14.163,3.570855,11.092145,15,3772736,-898,3146
20260904T225631Z-b66b297d,167,black,90,v3,Rf5,h5f5,22.639,1.171168,21.967831999999998,,,,
20260904T225631Z-b66b297d,167,black,91,Storm v4,Rh6,g6h6,11.092,1.744625,9.847375,15,1858082,-994,1072
20260904T225631Z-b66b297d,167,black,92,v3,Bg5,h4g5,21.968,1.0878109999999999,21.380188999999998,,,,
20260904T225631Z-b66b297d,167,black,93,Storm v4,Rh7,h6h7,9.847,0.82857,9.51843,16,916239,-1074,832
20260904T225631Z-b66b297d,167,black,94,v3,Rf6,f5f6,21.38,1.213995,20.666005000000002,,,,
20260904T225631Z-b66b297d,167,black,95,Storm v4,Rc7,h7c7,9.518,1.036623,8.981377,13,1045966,-996,1564
20260904T225631Z-b66b297d,167,black,96,v3,Rxb6,f6b6,20.666,1.300878,19.865122,,,,
20260904T225631Z-b66b297d,167,black,97,Storm v4,Kd7,e8d7,8.982,0.7748440000000001,8.707156,15,857527,-1035,710
20260904T225631Z-b66b297d,167,black,98,v3,c4,c2c4,19.865,1.253721,19.111279,,,,
20260904T225631Z-b66b297d,167,black,99,Storm v4,Rc5,c7c5,8.707,0.9655750000000001,8.241425,12,1004834,-1118,1391
20260904T225631Z-b66b297d,167,black,100,v3,Bf4,g5f4,19.112,0.9019400000000001,18.710060000000002,,,,
20260904T225631Z-b66b297d,167,black,101,Storm v4,Kd8,d7d8,8.241,0.743303,7.9976970000000005,15,820457,-1222,713
20260904T225631Z-b66b297d,167,black,102,v3,d4,d3d4,18.71,1.013885,18.196115000000002,,,,
20260904T225631Z-b66b297d,167,black,103,Storm v4,Rxd5,c5d5,7.998,1.201147,7.2968530000000005,17,1403819,-1320,667
20260904T225631Z-b66b297d,167,black,104,v3,cxd5,c4d5,18.196,0.870664,17.825336,,,,
20260904T225631Z-b66b297d,167,black,105,Storm v4,Nd7,f8d7,7.297,0.6070599999999999,7.189940000000001,16,749412,-1350,1417
20260904T225631Z-b66b297d,167,black,106,v3,Rb7,b6b7,17.825,0.831157,17.493843000000002,,,,
20260904T225631Z-b66b297d,167,black,107,Storm v4,Kc8,d8c8,7.19,1.249414,6.440586000000001,16,1504051,-1453,1707
20260904T225631Z-b66b297d,167,black,108,v3,Ra7,b7a7,17.494,1.115094,16.878906,,,,
20260904T225631Z-b66b297d,167,black,109,Storm v4,Kd8,c8d8,6.44,2.029524,4.910476000000001,15,2372329,-1531,2167
20260904T225631Z-b66b297d,167,black,110,v3,Bg5+,f4g5,16.879,1.1561679999999999,16.222832,,,,
20260904T225631Z-b66b297d,167,black,111,Storm v4,Kc8,d8c8,4.911,1.822041,3.588959,16,1863561,-1783,1736
20260904T225631Z-b66b297d,167,black,112,v3,d6,d5d6,16.222,1.184999,15.537001,,,,
20260904T225631Z-b66b297d,167,black,113,Storm v4,Nb6,d7b6,3.589,0.6849679999999999,3.404032,16,706575,-1787,846
20260904T225631Z-b66b297d,167,black,114,v3,Rc7+,a7c7,15.537,1.0486410000000002,14.988359,,,,
20260904T225631Z-b66b297d,167,black,115,Storm v4,Kb8,c8b8,3.404,0.000648,3.903352,,,,
20260904T225631Z-b66b297d,167,black,116,v3,Bf4,g5f4,14.989,0.784553,14.704447,,,,
20260904T225631Z-b66b297d,167,black,117,Storm v4,Ka8,b8a8,3.903,1.13683,3.2661700000000002,16,926418,-31988,723
20260904T225631Z-b66b297d,167,black,118,v3,Rf7,c7f7,14.704,0.71016,14.49384,,,,
20260904T225631Z-b66b297d,167,black,119,Storm v4,Kb8,a8b8,3.266,0.430892,3.335108,17,389066,-31990,390
20260904T225631Z-b66b297d,167,black,120,v3,d7+,d6d7,14.494,0.6827190000000001,14.311281,,,,
20260904T225631Z-b66b297d,167,black,121,Storm v4,Kb7,b8b7,3.335,0.430269,3.404731,23,429472,-31992,426
20260904T225631Z-b66b297d,167,black,122,v3,d8=Q+,d7d8q,14.311,0.5422140000000001,14.268786,,,,
20260904T225631Z-b66b297d,167,black,123,Storm v4,Ka6,b7a6,3.405,0.150064,3.7549360000000003,64,135998,-31994,407
20260904T225631Z-b66b297d,167,black,124,v3,Rc7,f7c7,14.269,0.024350999999999998,14.744648999999999,,,,
20260904T225631Z-b66b297d,167,black,125,Storm v4,Nc8,b6c8,3.755,0.0024860000000000004,4.252514,64,606,-31996,395
20260904T225631Z-b66b297d,167,black,126,v3,Qxc8+,d8c8,14.745,0.00457,15.24043,,,,
20260904T225631Z-b66b297d,167,black,127,Storm v4,Kb6,a6b6,4.252,0.000382,4.751618000000001,,,,
20260904T225631Z-b66b297d,167,black,128,v3,Qe6#,c8e6,15.24,0.00259,15.73741,,,,
20260904T225631Z-b66b297d,168,white,0,Storm v4,exf5,e4f5,120.0,3.730295,116.769705,15,4013094,-117,3122
20260904T225631Z-b66b297d,168,white,1,v3,Bxf5,c8f5,120.0,3.697185,116.802815,,,,
20260904T225631Z-b66b297d,168,white,2,Storm v4,Ne2,g1e2,116.769,3.196055,114.072945,15,3004760,-117,3079
20260904T225631Z-b66b297d,168,white,3,v3,Nc6,b8c6,116.802,5.7746189999999995,111.52738099999999,,,,
20260904T225631Z-b66b297d,168,white,4,Storm v4,Ng3,e2g3,114.073,3.899651,110.673349,15,3502312,-114,3070
20260904T225631Z-b66b297d,168,white,5,v3,Bg6,f5g6,111.528,5.441474,106.58652599999999,,,,
20260904T225631Z-b66b297d,168,white,6,Storm v4,Ke1,d2e1,110.673,4.138957,107.03404300000001,15,3722242,-112,2998
20260904T225631Z-b66b297d,168,white,7,v3,O-O-O,e8c8,106.586,5.222975,101.863025,,,,
20260904T225631Z-b66b297d,168,white,8,Storm v4,h4,h2h4,107.034,2.482561,105.051439,14,2282543,-115,2956
20260904T225631Z-b66b297d,168,white,9,v3,Nf6,g8f6,101.863,4.844949,97.518051,,,,
20260904T225631Z-b66b297d,168,white,10,Storm v4,h5,h4h5,105.052,4.224921,101.327079,17,3902878,-89,3585
20260904T225631Z-b66b297d,168,white,11,v3,Bf7,g6f7,97.518,2.992998,95.02500199999999,,,,
20260904T225631Z-b66b297d,168,white,12,Storm v4,h6,h5h6,101.327,4.362693,97.464307,17,4086651,-92,2917
20260904T225631Z-b66b297d,168,white,13,v3,g6,g7g6,95.025,2.681476,92.843524,,,,
20260904T225631Z-b66b297d,168,white,14,Storm v4,Bg5,c1g5,97.464,2.038641,95.925359,16,1919633,-78,2845
20260904T225631Z-b66b297d,168,white,15,v3,Be7,f8e7,92.843,4.168537000000001,89.174463,,,,
20260904T225631Z-b66b297d,168,white,16,Storm v4,Nd2,b1d2,95.925,2.9076039999999996,93.51739599999999,16,2775882,-85,2824
20260904T225631Z-b66b297d,168,white,17,v3,d5,d6d5,89.175,2.8821060000000003,86.792894,,,,
20260904T225631Z-b66b297d,168,white,18,Storm v4,Rd1,a1d1,93.518,4.431003,89.586997,16,4004842,-85,4206
20260904T225631Z-b66b297d,168,white,19,v3,Rhf8,h8f8,86.793,3.779315,83.513685,,,,
20260904T225631Z-b66b297d,168,white,20,Storm v4,Bb5,f1b5,89.587,2.679027,87.407973,15,2479573,-72,2713
20260904T225631Z-b66b297d,168,white,21,v3,Be6,f7e6,83.513,2.6841720000000002,81.32882799999999,,,,
20260904T225631Z-b66b297d,168,white,22,Storm v4,Rf1,h1f1,87.408,4.980094,82.92790600000001,15,4644238,-69,4805
20260904T225631Z-b66b297d,168,white,23,v3,Ng4,f6g4,81.329,2.7573809999999996,79.07161900000001,,,,
20260904T225631Z-b66b297d,168,white,24,Storm v4,Nf3,d2f3,82.927,5.047458,78.379542,16,4727260,-96,6077
20260904T225631Z-b66b297d,168,white,25,v3,Nh2,g4h2,79.072,3.2165410000000003,76.355459,,,,
20260904T225631Z-b66b297d,168,white,26,Storm v4,Nxh2,f3h2,78.38,2.579055,76.30094500000001,16,2573340,-101,2471
20260904T225631Z-b66b297d,168,white,27,v3,Bxg5,e7g5,76.355,2.773004,74.081996,,,,
20260904T225631Z-b66b297d,168,white,28,Storm v4,Nf3,h2f3,76.301,5.703892,71.097108,18,5477041,-133,5734
20260904T225631Z-b66b297d,168,white,29,v3,Bxh6,g5h6,74.082,3.7902530000000003,70.791747,,,,
20260904T225631Z-b66b297d,168,white,30,Storm v4,Bxc6,b5c6,71.097,2.470189,69.126811,18,2407244,-131,2453
20260904T225631Z-b66b297d,168,white,31,v3,bxc6,b7c6,70.792,3.2965340000000003,67.995466,,,,
20260904T225631Z-b66b297d,168,white,32,Storm v4,Nxe5,f3e5,69.127,1.882527,67.744473,17,1815373,-128,2553
20260904T225631Z-b66b297d,168,white,33,v3,Bh3,e6h3,67.995,3.4620569999999997,65.032943,,,,
20260904T225631Z-b66b297d,168,white,34,Storm v4,gxh3,g2h3,67.744,2.1075019999999998,66.136498,16,2029217,-129,2542
20260904T225631Z-b66b297d,168,white,35,v3,Rde8,d8e8,65.033,2.70894,62.824059999999996,,,,
20260904T225631Z-b66b297d,168,white,36,Storm v4,Rd3,d1d3,66.136,3.219433,63.416567,16,2993310,-129,2593
20260904T225631Z-b66b297d,168,white,37,v3,Rxe5+,e8e5,62.824,2.299608,61.024392,,,,
20260904T225631Z-b66b297d,168,white,38,Storm v4,Kd1,e1d1,63.417,7.587802,56.329198000000005,18,7162304,-128,2849
20260904T225631Z-b66b297d,168,white,39,v3,Re7,e5e7,61.024,3.138876,58.385124,,,,
20260904T225631Z-b66b297d,168,white,40,Storm v4,Ne2,g3e2,56.329,1.658871,55.170129,16,1659333,-128,2373
20260904T225631Z-b66b297d,168,white,41,v3,Kb7,c8b7,58.385,1.74685,57.13815,,,,
20260904T225631Z-b66b297d,168,white,42,Storm v4,b4,b2b4,55.17,2.404546,53.265454,16,2336682,-127,2370
20260904T225631Z-b66b297d,168,white,43,v3,Be3,h6e3,57.139,1.64461,55.99439,,,,
20260904T225631Z-b66b297d,168,white,44,Storm v4,f3,f2f3,53.266,2.525827,51.240173000000006,17,2504822,-133,2366
20260904T225631Z-b66b297d,168,white,45,v3,Rf5,f8f5,55.994,2.918739,53.575261,,,,
20260904T225631Z-b66b297d,168,white,46,Storm v4,Ng3,e2g3,51.24,3.136,48.604,18,3218207,-122,2354
20260904T225631Z-b66b297d,168,white,47,v3,Rff7,f5f7,53.575,1.921377,52.153622999999996,,,,
20260904T225631Z-b66b297d,168,white,48,Storm v4,Re1,f1e1,48.604,1.9175989999999998,47.186401,17,2026660,-124,2327
20260904T225631Z-b66b297d,168,white,49,v3,Bg5,e3g5,52.154,2.325641,50.328359,,,,
20260904T225631Z-b66b297d,168,white,50,Storm v4,Rxe7,e1e7,47.186,1.757759,45.928241,18,1886276,-127,2212
20260904T225631Z-b66b297d,168,white,51,v3,Bxe7,g5e7,50.328,1.730464,49.097536,,,,
20260904T225631Z-b66b297d,168,white,52,Storm v4,Ne2,g3e2,45.928,2.406679,44.02132099999999,18,2524952,-126,2549
20260904T225631Z-b66b297d,168,white,53,v3,Rf5,f7f5,49.097,1.611715,47.985285000000005,,,,
20260904T225631Z-b66b297d,168,white,54,Storm v4,Nd4,e2d4,44.022,2.4311819999999997,42.090818,18,2607018,-126,2510
20260904T225631Z-b66b297d,168,white,55,v3,Rg5,f5g5,47.986,2.029735,46.456265,,,,
20260904T225631Z-b66b297d,168,white,56,Storm v4,Ne2,d4e2,42.09,5.35009,37.23991,16,5643614,-139,6135
20260904T225631Z-b66b297d,168,white,57,v3,Bd6,e7d6,46.456,2.0793600000000003,44.87664,,,,
20260904T225631Z-b66b297d,168,white,58,Storm v4,Ke1,d1e1,37.24,4.881575,32.858425000000004,18,5118544,-148,6046
20260904T225631Z-b66b297d,168,white,59,v3,Rg2,g5g2,44.877,2.356182,43.020818,,,,
20260904T225631Z-b66b297d,168,white,60,Storm v4,a4,a2a4,32.859,3.490042,29.868958,16,3527888,-129,2124
20260904T225631Z-b66b297d,168,white,61,v3,g5,g6g5,43.02,2.343375,41.176625,,,,
20260904T225631Z-b66b297d,168,white,62,Storm v4,Nd4,e2d4,29.868,3.861659,26.506341,16,4019259,-144,2898
20260904T225631Z-b66b297d,168,white,63,v3,Rg3,g2g3,41.177,1.956581,39.720419,,,,
20260904T225631Z-b66b297d,168,white,64,Storm v4,Ne6,d4e6,26.507,2.022596,24.984403999999998,16,2035009,-144,1705
20260904T225631Z-b66b297d,168,white,65,v3,Be7,d6e7,39.72,1.9629210000000001,38.257079,,,,
20260904T225631Z-b66b297d,168,white,66,Storm v4,Re3,d3e3,24.984,2.249199,23.234801,15,2251358,-159,1770
20260904T225631Z-b66b297d,168,white,67,v3,Rxh3,g3h3,38.257,2.153134,36.603866000000004,,,,
20260904T225631Z-b66b297d,168,white,68,Storm v4,Nxc7,e6c7,23.235,1.115915,22.619085,14,1118076,-159,1518
20260904T225631Z-b66b297d,168,white,69,v3,Bxb4,e7b4,36.604,1.818571,35.285429,,,,
20260904T225631Z-b66b297d,168,white,70,Storm v4,cxb4,c3b4,22.619,0.981954,22.137045999999998,14,1090729,-166,1483
20260904T225631Z-b66b297d,168,white,71,v3,Kxc7,b7c7,35.285,1.603636,34.181364,,,,
20260904T225631Z-b66b297d,168,white,72,Storm v4,a5,a4a5,22.137,3.595158,19.041842,15,4153399,-175,4326
20260904T225631Z-b66b297d,168,white,73,v3,Kd6,c7d6,34.182,1.419248,33.262752,,,,
20260904T225631Z-b66b297d,168,white,74,Storm v4,Kd2,e1d2,19.042,2.3648800000000003,17.17712,15,2642834,-182,3316
20260904T225631Z-b66b297d,168,white,75,v3,h5,h7h5,33.263,1.0705419999999999,32.692458,,,,
20260904T225631Z-b66b297d,168,white,76,Storm v4,Re8,e3e8,17.177,1.3631,16.3139,13,1503546,-210,1553
20260904T225631Z-b66b297d,168,white,77,v3,Rxf3,h3f3,32.692,1.79606,31.39594,,,,
20260904T225631Z-b66b297d,168,white,78,Storm v4,Ra8,e8a8,16.314,0.907435,15.906565,12,982398,-231,1379
20260904T225631Z-b66b297d,168,white,79,v3,Rf7,f3f7,31.396,1.889548,30.006452,,,,
20260904T225631Z-b66b297d,168,white,80,Storm v4,Rd8+,a8d8,15.906,1.1033689999999998,15.302631,12,1103673,-233,1199
20260904T225631Z-b66b297d,168,white,81,v3,Ke5,d6e5,30.006,1.013668,29.492331999999998,,,,
20260904T225631Z-b66b297d,168,white,82,Storm v4,Rc8,d8c8,15.303,1.337325,14.465675,13,1453018,-232,1155
20260904T225631Z-b66b297d,168,white,83,v3,h4,h5h4,29.493,1.802598,28.190402000000002,,,,
20260904T225631Z-b66b297d,168,white,84,Storm v4,Rxc6,c8c6,14.465,1.02566,13.93934,13,1036045,-249,1232
20260904T225631Z-b66b297d,168,white,85,v3,Rh7,f7h7,28.19,0.962452,27.727548,,,,
20260904T225631Z-b66b297d,168,white,86,Storm v4,Ke3,d2e3,13.94,2.35724,12.08276,16,2134750,-380,2202
20260904T225631Z-b66b297d,168,white,87,v3,h3,h4h3,27.727,1.378197,26.848803,,,,
20260904T225631Z-b66b297d,168,white,88,Storm v4,Rc1,c6c1,12.082,1.942462,10.639538,14,1376448,-388,1883
20260904T225631Z-b66b297d,168,white,89,v3,h2,h3h2,26.849,1.4671130000000001,25.881887,,,,
20260904T225631Z-b66b297d,168,white,90,Storm v4,Rh1,c1h1,10.64,0.717114,10.422886,15,641094,-411,901
20260904T225631Z-b66b297d,168,white,91,v3,d4+,d5d4,25.882,1.394193,24.987807,,,,
20260904T225631Z-b66b297d,168,white,92,Storm v4,Kf3,e3f3,10.423,4.032272,6.890728,16,3669559,-468,2130
20260904T225631Z-b66b297d,168,white,93,v3,d3,d4d3,24.988,1.227798,24.260202,,,,
20260904T225631Z-b66b297d,168,white,94,Storm v4,b5,b4b5,6.891,3.077862,4.313138,15,2611200,-468,946
20260904T225631Z-b66b297d,168,white,95,v3,Kd4,e5d4,24.26,1.0598610000000002,23.700139,,,,
20260904T225631Z-b66b297d,168,white,96,Storm v4,Kg4,f3g4,4.313,0.368962,4.444038000000001,15,289024,-523,457
20260904T225631Z-b66b297d,168,white,97,v3,d2,d3d2,23.7,1.531905,22.668095,,,,
20260904T225631Z-b66b297d,168,white,98,Storm v4,b6,b5b6,4.444,2.308435,2.635565,13,2084864,-523,465
20260904T225631Z-b66b297d,168,white,99,v3,Re7,h7e7,22.668,1.214922,21.953078,,,,
20260904T225631Z-b66b297d,168,white,100,Storm v4,bxa7,b6a7,2.635,0.8829819999999999,2.252018,11,679157,-711,648
20260904T225631Z-b66b297d,168,white,101,v3,Re1,e7e1,21.953,1.316221,21.136778999999997,,,,
20260904T225631Z-b66b297d,168,white,102,Storm v4,a8=Q,a7a8q,2.252,0.27621100000000004,2.475789,10,189648,-711,326
20260904T225631Z-b66b297d,168,white,103,v3,d1=Q+,d2d1q,21.137,1.652458,19.984542,,,,
20260904T225631Z-b66b297d,168,white,104,Storm v4,Kf5,g4f5,2.476,0.575299,2.400701,10,396111,-715,355
20260904T225631Z-b66b297d,168,white,105,v3,Qc2+,d1c2,19.984,1.14826,19.33574,,,,
20260904T225631Z-b66b297d,168,white,106,Storm v4,Kf6,f5f6,2.4,0.883874,2.016126,9,482762,-31984,1021
20260904T225631Z-b66b297d,168,white,107,v3,Qf2+,c2f2,19.336,1.2870540000000001,18.548946,,,,
20260904T225631Z-b66b297d,168,white,108,Storm v4,Kg7,f6g7,2.017,0.229911,2.287089,10,98431,-31986,325
20260904T225631Z-b66b297d,168,white,109,v3,Re7+,e1e7,18.549,0.7078479999999999,18.341152,,,,
20260904T225631Z-b66b297d,168,white,110,Storm v4,Kg6,g7g6,2.287,0.292757,2.494243,10,123129,-31988,338
20260904T225631Z-b66b297d,168,white,111,v3,Qf7+,f2f7,18.341,0.995993,17.845007000000003,,,,
20260904T225631Z-b66b297d,168,white,112,Storm v4,Kxg5,g6g5,2.494,0.249118,2.744882,11,105420,-31990,348
20260904T225631Z-b66b297d,168,white,113,v3,Re5+,e7e5,17.845,0.763806,17.581194,,,,
20260904T225631Z-b66b297d,168,white,114,Storm v4,Kh4,g5h4,2.745,0.427776,2.817224,17,191560,-31992,359
20260904T225631Z-b66b297d,168,white,115,v3,Rh5+,e5h5,17.581,0.6686190000000001,17.412381,,,,
20260904T225631Z-b66b297d,168,white,116,Storm v4,Kg4,h4g4,2.817,0.230159,3.0868409999999997,64,96272,-31994,363
20260904T225631Z-b66b297d,168,white,117,v3,Qf5+,f7f5,17.412,0.048362,17.863637999999998,,,,
20260904T225631Z-b66b297d,168,white,118,Storm v4,Kg3,g4g3,3.087,0.000898,3.586102,,,,
20260904T225631Z-b66b297d,168,white,119,v3,Rg5+,h5g5,17.864,0.0033,18.3607,,,,
20260904T225631Z-b66b297d,168,white,120,Storm v4,Kh4,g3h4,3.586,0.002797,4.083203,64,200,-31998,399
20260904T225631Z-b66b297d,168,white,121,v3,Qg4#,f5g4,18.361,0.004083,18.856917000000003,,,,
20260904T225631Z-b66b297d,168,black,0,v3,exf5,e4f5,120.0,4.736478,115.763522,,,,
20260904T225631Z-b66b297d,168,black,1,Storm v4,Bxf5,c8f5,120.0,2.7818560000000003,117.718144,14,3045002,117,3122
20260904T225631Z-b66b297d,168,black,2,v3,Ke1,d2e1,115.763,5.906480999999999,110.356519,,,,
20260904T225631Z-b66b297d,168,black,3,Storm v4,Nc6,b8c6,117.718,2.7314540000000003,115.486546,14,2827660,122,3102
20260904T225631Z-b66b297d,168,black,4,v3,Ne2,g1e2,110.356,5.679100999999999,105.176899,,,,
20260904T225631Z-b66b297d,168,black,5,Storm v4,Nf6,g8f6,115.486,4.675479999999999,111.31052000000001,15,4669350,117,3159
20260904T225631Z-b66b297d,168,black,6,v3,Ng3,e2g3,105.177,5.2593000000000005,100.4177,,,,
20260904T225631Z-b66b297d,168,black,7,Storm v4,Bg6,f5g6,111.311,3.598557,108.212443,14,3275303,113,3089
20260904T225631Z-b66b297d,168,black,8,v3,h4,h2h4,100.418,2.9631060000000002,97.954894,,,,
20260904T225631Z-b66b297d,168,black,9,Storm v4,h6,h7h6,108.212,2.21544,106.49656,14,2132361,112,3045
20260904T225631Z-b66b297d,168,black,10,v3,Be3,c1e3,97.955,4.664604000000001,93.79039599999999,,,,
20260904T225631Z-b66b297d,168,black,11,Storm v4,O-O-O,e8c8,106.496,2.737317,104.258683,14,2564615,120,2962
20260904T225631Z-b66b297d,168,black,12,v3,Nd2,b1d2,93.79,2.860185,91.429815,,,,
20260904T225631Z-b66b297d,168,black,13,Storm v4,d5,d6d5,104.259,3.8952150000000003,100.86378500000001,17,3618380,145,2998
20260904T225631Z-b66b297d,168,black,14,v3,h5,h4h5,91.43,3.866826,88.063174,,,,
20260904T225631Z-b66b297d,168,black,15,Storm v4,Bh7,g6h7,100.864,4.906686,96.457314,17,4502946,141,4399
20260904T225631Z-b66b297d,168,black,16,v3,Bb5,f1b5,88.063,3.629044,84.93395600000001,,,,
20260904T225631Z-b66b297d,168,black,17,Storm v4,d4,d5d4,96.457,3.214317,93.742683,19,3083594,172,2804
20260904T225631Z-b66b297d,168,black,18,v3,cxd4,c3d4,84.934,3.820717,81.613283,,,,
20260904T225631Z-b66b297d,168,black,19,Storm v4,exd4,e5d4,93.743,2.192348,92.050652,18,2005437,178,2807
20260904T225631Z-b66b297d,168,black,20,v3,Bf4,e3f4,81.613,4.260365,77.85263499999999,,,,
20260904T225631Z-b66b297d,168,black,21,Storm v4,Nd5,f6d5,92.05,3.106839,89.44316099999999,17,2830153,178,2753
20260904T225631Z-b66b297d,168,black,22,v3,Rh4,h1h4,77.853,2.311561,76.041439,,,,
20260904T225631Z-b66b297d,168,black,23,Storm v4,Bb4,f8b4,89.443,2.1726840000000003,87.77031600000001,15,2026159,178,2716
20260904T225631Z-b66b297d,168,black,24,v3,a3,a2a3,76.041,3.855487,72.685513,,,,
20260904T225631Z-b66b297d,168,black,25,Storm v4,Rhf8,h8f8,87.771,2.672444,85.598556,14,2257482,194,2778
20260904T225631Z-b66b297d,168,black,26,v3,Ne2,g3e2,72.686,3.780636,69.405364,,,,
20260904T225631Z-b66b297d,168,black,27,Storm v4,Be7,b4e7,85.598,4.312399,81.785601,15,3814654,259,4489
20260904T225631Z-b66b297d,168,black,28,v3,Rg4,h4g4,69.405,3.5117849999999997,66.393215,,,,
20260904T225631Z-b66b297d,168,black,29,Storm v4,Bf6,e7f6,81.786,2.0295170000000002,80.25648299999999,15,1843681,267,2654
20260904T225631Z-b66b297d,168,black,30,v3,Bc4,b5c4,66.393,2.885088,64.00791199999999,,,,
20260904T225631Z-b66b297d,168,black,31,Storm v4,Rfe8,f8e8,80.256,4.038749,76.717251,17,3728369,342,2605
20260904T225631Z-b66b297d,168,black,32,v3,Bxd5,c4d5,64.008,3.028766,61.479234,,,,
20260904T225631Z-b66b297d,168,black,33,Storm v4,Rxd5,d8d5,76.717,3.529347,73.68765300000001,16,2830340,428,2608
20260904T225631Z-b66b297d,168,black,34,v3,Kd1,e1d1,61.479,2.6433809999999998,59.335619,,,,
20260904T225631Z-b66b297d,168,black,35,Storm v4,Rxh5,d5h5,73.688,2.651701,71.536299,15,1945582,428,2588
20260904T225631Z-b66b297d,168,black,36,v3,Nb3,d2b3,59.336,3.093765,56.742235,,,,
20260904T225631Z-b66b297d,168,black,37,Storm v4,Bf5,h7f5,71.536,5.9642290000000004,66.071771,15,4661606,517,3176
20260904T225631Z-b66b297d,168,black,38,v3,Rg3,g4g3,56.742,2.899047,54.342953,,,,
20260904T225631Z-b66b297d,168,black,39,Storm v4,g5,g7g5,66.072,1.877644,64.694356,14,1340758,517,2414
20260904T225631Z-b66b297d,168,black,40,v3,Bc1,f4c1,54.343,2.692324,52.150676,,,,
20260904T225631Z-b66b297d,168,black,41,Storm v4,d3,d4d3,64.694,2.594133,62.599866999999996,14,1909872,554,2404
20260904T225631Z-b66b297d,168,black,42,v3,Re3,g3e3,52.15,2.123089,50.526911,,,,
20260904T225631Z-b66b297d,168,black,43,Storm v4,Rxe3,e8e3,62.6,2.249353,60.850646999999995,14,1732649,552,2399
20260904T225631Z-b66b297d,168,black,44,v3,Bxe3,c1e3,50.527,2.74683,48.28017,,,,
20260904T225631Z-b66b297d,168,black,45,Storm v4,Rh1+,h5h1,60.851,1.993538,59.357462,15,1803665,562,2671
20260904T225631Z-b66b297d,168,black,46,v3,Kd2,d1d2,48.28,2.580806,46.199194000000006,,,,
20260904T225631Z-b66b297d,168,black,47,Storm v4,Rxa1,h1a1,59.357,2.76836,57.08864,18,2859912,590,2724
20260904T225631Z-b66b297d,168,black,48,v3,Nxa1,b3a1,46.199,1.538775,45.160225,,,,
20260904T225631Z-b66b297d,168,black,49,Storm v4,dxe2,d3e2,57.089,3.80223,53.78677,18,4219699,585,3073
20260904T225631Z-b66b297d,168,black,50,v3,Kxe2,d2e2,45.161,2.153106,43.507894,,,,
20260904T225631Z-b66b297d,168,black,51,Storm v4,Bxb2,f6b2,53.786,2.627012,51.658988,17,3164404,585,3004
20260904T225631Z-b66b297d,168,black,52,v3,Nb3,a1b3,43.508,1.5461179999999999,42.461881999999996,,,,
20260904T225631Z-b66b297d,168,black,53,Storm v4,Bxa3,b2a3,51.659,8.319109000000001,43.839891,17,9826900,600,3046
20260904T225631Z-b66b297d,168,black,54,v3,f3,f2f3,42.461,2.303094,40.657906000000004,,,,
20260904T225631Z-b66b297d,168,black,55,Storm v4,Be6,f5e6,43.84,3.727578,40.612421999999995,16,4297670,602,2622
20260904T225631Z-b66b297d,168,black,56,v3,Nc5,b3c5,40.658,1.524526,39.633474,,,,
20260904T225631Z-b66b297d,168,black,57,Storm v4,Bd5,e6d5,40.613,2.062665,39.050335,17,2406059,602,2493
20260904T225631Z-b66b297d,168,black,58,v3,Ne4,c5e4,39.634,2.1724720000000004,37.961528,,,,
20260904T225631Z-b66b297d,168,black,59,Storm v4,Kd7,c8d7,39.05,4.404725999999999,35.145274,16,4839718,614,2493
20260904T225631Z-b66b297d,168,black,60,v3,Nc3,e4c3,37.961,2.013545,36.447455000000005,,,,
20260904T225631Z-b66b297d,168,black,61,Storm v4,Bc4+,d5c4,35.145,3.357549,32.287451000000004,16,3675333,623,2352
20260904T225631Z-b66b297d,168,black,62,v3,Kf2,e2f2,36.448,2.045224,34.902775999999996,,,,
20260904T225631Z-b66b297d,168,black,63,Storm v4,b5,b7b5,32.288,2.532023,30.255976999999998,15,2746233,661,6149
20260904T225631Z-b66b297d,168,black,64,v3,Ne4,c3e4,34.902,1.78238,33.619620000000005,,,,
20260904T225631Z-b66b297d,168,black,65,Storm v4,b4,b5b4,30.255,2.323562,28.431438000000004,18,2549186,706,2036
20260904T225631Z-b66b297d,168,black,66,v3,Bc5,e3c5,33.62,1.5383699999999998,32.581630000000004,,,,
20260904T225631Z-b66b297d,168,black,67,Storm v4,Bb2,a3b2,28.432,1.553585,27.378415,17,1652718,734,2330
20260904T225631Z-b66b297d,168,black,68,v3,Nd2,e4d2,32.581,1.2086569999999999,31.872343,,,,
20260904T225631Z-b66b297d,168,black,69,Storm v4,Bd5,c4d5,27.378,1.235636,26.642364,17,1372160,741,1856
20260904T225631Z-b66b297d,168,black,70,v3,Nf1,d2f1,31.873,1.1380219999999999,31.234977999999998,,,,
20260904T225631Z-b66b297d,168,black,71,Storm v4,b3,b4b3,26.643,3.28215,23.86085,16,3392256,811,3137
20260904T225631Z-b66b297d,168,black,72,v3,Nd2,f1d2,31.235,1.1578730000000002,30.577127,,,,
20260904T225631Z-b66b297d,168,black,73,Storm v4,Be5,b2e5,23.86,7.037649999999999,17.32235,17,7178225,828,1683
20260904T225631Z-b66b297d,168,black,74,v3,Ke2,f2e2,30.577,1.822804,29.254196,,,,
20260904T225631Z-b66b297d,168,black,75,Storm v4,b2,b3b2,17.323,4.329472,13.493528,16,4398390,831,1238
20260904T225631Z-b66b297d,168,black,76,v3,Kd3,e2d3,29.254,1.5823399999999999,28.17166,,,,
20260904T225631Z-b66b297d,168,black,77,Storm v4,a5,a7a5,13.493,1.033532,12.959468000000001,13,1054085,847,1019
20260904T225631Z-b66b297d,168,black,78,v3,Ba3,c5a3,28.172,1.398782,27.273218,,,,
20260904T225631Z-b66b297d,168,black,79,Storm v4,Nb4+,c6b4,12.96,1.001564,12.458435999999999,13,1002565,849,993
20260904T225631Z-b66b297d,168,black,80,v3,Ke2,d3e2,27.273,1.291258,26.481741999999997,,,,
20260904T225631Z-b66b297d,168,black,81,Storm v4,Nc2,b4c2,12.458,2.108676,10.849324000000001,14,2200791,904,1982
20260904T225631Z-b66b297d,168,black,82,v3,Bxb2,a3b2,26.481,1.251184,25.729816,,,,
20260904T225631Z-b66b297d,168,black,83,Storm v4,Bxb2,e5b2,10.849,2.042031,9.306969,17,2275637,1049,1828
20260904T225631Z-b66b297d,168,black,84,v3,Nb1,d2b1,25.73,1.553197,24.676803,,,,
20260904T225631Z-b66b297d,168,black,85,Storm v4,Nd4+,c2d4,9.307,0.763019,9.043981,16,923601,1066,807
20260904T225631Z-b66b297d,168,black,86,v3,Kd3,e2d3,24.677,0.938206,24.238794000000002,,,,
20260904T225631Z-b66b297d,168,black,87,Storm v4,a4,a5a4,9.044,1.136657,8.407343000000001,16,1410383,1120,1296
20260904T225631Z-b66b297d,168,black,88,v3,f4,f3f4,24.239,1.38928,23.34972,,,,
20260904T225631Z-b66b297d,168,black,89,Storm v4,gxf4,g5f4,8.407,1.270016,7.636984,14,1213178,1386,1749
20260904T225631Z-b66b297d,168,black,90,v3,Na3,b1a3,23.349,1.128336,22.720664,,,,
20260904T225631Z-b66b297d,168,black,91,Storm v4,Bxa3,b2a3,7.637,3.314548,4.822452,15,2614272,1532,1158
20260904T225631Z-b66b297d,168,black,92,v3,Kxd4,d3d4,22.721,1.025096,22.195904,,,,
20260904T225631Z-b66b297d,168,black,93,Storm v4,Bxg2,d5g2,4.823,0.001926,5.321073999999999,1,62,31981,787
20260904T225631Z-b66b297d,168,black,94,v3,Kc4,d4c4,22.196,0.9570919999999999,21.738908,,,,
20260904T225631Z-b66b297d,168,black,95,Storm v4,f3,f4f3,5.321,0.001768,5.819232,1,54,31985,841
20260904T225631Z-b66b297d,168,black,96,v3,Kb5,c4b5,21.739,0.946397,21.292603,,,,
20260904T225631Z-b66b297d,168,black,97,Storm v4,Bd6,a3d6,5.819,0.001585,6.317415,1,43,31987,896
20260904T225631Z-b66b297d,168,black,98,v3,Kxa4,b5a4,21.292,0.811678,20.980322,,,,
20260904T225631Z-b66b297d,168,black,99,Storm v4,f2,f3f2,6.317,0.001633,6.815367,1,46,31991,950
20260904T225631Z-b66b297d,168,black,100,v3,Kb5,a4b5,20.981,0.760051,20.720949,,,,
20260904T225631Z-b66b297d,168,black,101,Storm v4,f1=Q+,f2f1q,6.816,0.001909,7.314091,1,56,31993,1004
20260904T225631Z-b66b297d,168,black,102,v3,Ka4,b5a4,20.72,0.105286,21.114714,,,,
20260904T225631Z-b66b297d,168,black,103,Storm v4,Qd1+,f1d1,7.314,0.002447,7.811553,1,104,31995,930
20260904T225631Z-b66b297d,168,black,104,v3,Kb5,a4b5,21.115,0.001181,21.613819,,,,
20260904T225631Z-b66b297d,168,black,105,Storm v4,Bf1+,g2f1,7.811,0.002462,8.308538,2,466,31997,1752
20260904T225631Z-b66b297d,168,black,106,v3,Ka5,b5a5,21.614,0.0011510000000000001,22.112848999999997,,,,
20260904T225631Z-b66b297d,168,black,107,Storm v4,Qa1#,d1a1,8.309,0.002055,8.806944999999999,1,42,31999,1016
20260904T225631Z-b66b297d,169,white,0,Storm v4,Ke1,f2e1,120.0,3.1083049999999997,117.39169500000001,15,2906161,-57,2924
20260904T225631Z-b66b297d,169,white,1,v3,e6,e7e6,120.0,4.09514,116.40486,,,,
20260904T225631Z-b66b297d,169,white,2,Storm v4,Nf3,g1f3,117.391,2.572163,115.318837,13,2331919,-50,2796
20260904T225631Z-b66b297d,169,white,3,v3,dxc4,d5c4,116.404,3.4829250000000003,113.421075,,,,
20260904T225631Z-b66b297d,169,white,4,Storm v4,Qa4+,d1a4,115.319,3.5096260000000004,112.30937399999999,14,2881069,-43,2688
20260904T225631Z-b66b297d,169,white,5,v3,Nc6,b8c6,113.421,3.518967,110.40203299999999,,,,
20260904T225631Z-b66b297d,169,white,6,Storm v4,Qxc4,a4c4,112.309,2.118191,110.69080899999999,14,1624853,-41,2636
20260904T225631Z-b66b297d,169,white,7,v3,Bb4+,f8b4,110.402,5.0440760000000004,105.857924,,,,
20260904T225631Z-b66b297d,169,white,8,Storm v4,Nc3,b1c3,110.691,2.690036,108.50096400000001,15,2108756,-42,2841
20260904T225631Z-b66b297d,169,white,9,v3,O-O,e8g8,105.858,4.7915339999999995,101.566466,,,,
20260904T225631Z-b66b297d,169,white,10,Storm v4,e3,e2e3,108.501,3.435007,105.565993,14,2727166,-41,6136
20260904T225631Z-b66b297d,169,white,11,v3,Qd5,d8d5,101.567,3.413021,98.653979,,,,
20260904T225631Z-b66b297d,169,white,12,Storm v4,Bd2,c1d2,105.566,1.763354,104.302646,15,1500459,-14,2554
20260904T225631Z-b66b297d,169,white,13,v3,Nxd2,e4d2,98.653,2.98764,96.16536,,,,
20260904T225631Z-b66b297d,169,white,14,Storm v4,Kxd2,e1d2,104.302,5.841969,98.960031,15,5147629,-7,4033
20260904T225631Z-b66b297d,169,white,15,v3,Bd7,c8d7,96.166,3.843781,92.822219,,,,
20260904T225631Z-b66b297d,169,white,16,Storm v4,a3,a2a3,98.96,4.194718,95.26528200000001,14,3551980,2,3894
20260904T225631Z-b66b297d,169,white,17,v3,Bxc3+,b4c3,92.822,2.81568,90.50632,,,,
20260904T225631Z-b66b297d,169,white,18,Storm v4,Kxc3,d2c3,95.266,5.9654300000000005,89.80057000000001,15,5412329,2,2738
20260904T225631Z-b66b297d,169,white,19,v3,Ne7,c6e7,90.506,4.526848,86.479152,,,,
20260904T225631Z-b66b297d,169,white,20,Storm v4,Bd3,f1d3,89.8,2.1900560000000002,88.109944,12,2003578,0,2484
20260904T225631Z-b66b297d,169,white,21,v3,Qxc4+,d5c4,86.479,4.080998999999999,82.89800100000001,,,,
20260904T225631Z-b66b297d,169,white,22,Storm v4,Bxc4,d3c4,88.11,4.377542999999999,84.232457,15,4459535,11,2908
20260904T225631Z-b66b297d,169,white,23,v3,b5,b7b5,82.898,2.783192,80.61480800000001,,,,
20260904T225631Z-b66b297d,169,white,24,Storm v4,Ba2,c4a2,84.232,4.547246,80.184754,14,4512348,34,6797
20260904T225631Z-b66b297d,169,white,25,v3,Rad8,a8d8,80.615,2.795698,78.319302,,,,
20260904T225631Z-b66b297d,169,white,26,Storm v4,Ne5,f3e5,80.185,1.962299,78.722701,14,2035901,33,2845
20260904T225631Z-b66b297d,169,white,27,v3,Rf6,f8f6,78.319,2.6811640000000003,76.137836,,,,
20260904T225631Z-b66b297d,169,white,28,Storm v4,Rhd1,h1d1,78.723,2.938573,76.284427,15,3012586,33,2770
20260904T225631Z-b66b297d,169,white,29,v3,Be8,d7e8,76.138,3.892302,72.745698,,,,
20260904T225631Z-b66b297d,169,white,30,Storm v4,Rac1,a1c1,76.284,2.027837,74.756163,14,1974657,32,2731
20260904T225631Z-b66b297d,169,white,31,v3,a5,a7a5,72.746,3.652201,69.593799,,,,
20260904T225631Z-b66b297d,169,white,32,Storm v4,Kd3,c3d3,74.756,2.451132,72.804868,14,2345836,30,2739
20260904T225631Z-b66b297d,169,white,33,v3,Rc8,d8c8,69.593,2.4404679999999996,67.65253200000001,,,,
20260904T225631Z-b66b297d,169,white,34,Storm v4,Rc5,c1c5,72.805,2.8843069999999997,70.420693,15,2795491,54,2833
20260904T225631Z-b66b297d,169,white,35,v3,a4,a5a4,67.653,2.063399,66.089601,,,,
20260904T225631Z-b66b297d,169,white,36,Storm v4,g4,g2g4,70.421,1.919274,69.00172599999999,16,1922820,126,2684
20260904T225631Z-b66b297d,169,white,37,v3,fxg4,f5g4,66.09,3.4955320000000003,63.094468,,,,
20260904T225631Z-b66b297d,169,white,38,Storm v4,f5,f4f5,69.001,2.060655,67.44034500000001,17,2027446,127,2667
20260904T225631Z-b66b297d,169,white,39,v3,Rd8,c8d8,63.094,2.852123,60.741877,,,,
20260904T225631Z-b66b297d,169,white,40,Storm v4,Bxe6+,a2e6,67.441,2.533594,65.40740600000001,14,2378550,126,2885
20260904T225631Z-b66b297d,169,white,41,v3,Kh8,g8h8,60.742,1.788294,59.453706,,,,
20260904T225631Z-b66b297d,169,white,42,Storm v4,Nxg4,e5g4,65.407,1.757744,64.14925600000001,15,1634304,133,2640
20260904T225631Z-b66b297d,169,white,43,v3,Rf8,f6f8,59.453,3.036073,56.916927,,,,
20260904T225631Z-b66b297d,169,white,44,Storm v4,e4,e3e4,64.149,2.0421300000000002,62.60687,15,1934352,136,2605
20260904T225631Z-b66b297d,169,white,45,v3,c6,c7c6,56.917,2.287295,55.129705,,,,
20260904T225631Z-b66b297d,169,white,46,Storm v4,Ke3,d3e3,62.607,2.612833,60.494167000000004,15,2420268,137,2597
20260904T225631Z-b66b297d,169,white,47,v3,Bh5,e8h5,55.13,2.031437,53.598563,,,,
20260904T225631Z-b66b297d,169,white,48,Storm v4,h3,h2h3,60.494,2.851254,58.142746,17,2686111,139,2574
20260904T225631Z-b66b297d,169,white,49,v3,g6,g7g6,53.598,2.678052,51.419948,,,,
20260904T225631Z-b66b297d,169,white,50,Storm v4,Rd2,d1d2,58.143,2.306084,56.336915999999995,14,2130915,145,2523
20260904T225631Z-b66b297d,169,white,51,v3,gxf5,g6f5,51.42,2.054379,49.865621,,,,
20260904T225631Z-b66b297d,169,white,52,Storm v4,exf5,e4f5,56.337,2.977119,53.859881,15,2610286,128,2481
20260904T225631Z-b66b297d,169,white,53,v3,Bxg4,h5g4,49.866,2.559354,47.806646,,,,
20260904T225631Z-b66b297d,169,white,54,Storm v4,hxg4,h3g4,53.86,2.263092,52.096908000000006,17,2156791,174,2506
20260904T225631Z-b66b297d,169,white,55,v3,h6,h7h6,47.807,1.657297,46.649703,,,,
20260904T225631Z-b66b297d,169,white,56,Storm v4,Ke4,e3e4,52.097,3.2271959999999997,49.369804,17,3111325,187,2651
20260904T225631Z-b66b297d,169,white,57,v3,Kg7,h8g7,46.649,1.659027,45.489973,,,,
20260904T225631Z-b66b297d,169,white,58,Storm v4,Ke5,e4e5,49.369,3.4355990000000003,46.433400999999996,18,3314855,196,2570
20260904T225631Z-b66b297d,169,white,59,v3,Kh8,g7h8,45.49,2.5471280000000003,43.442872,,,,
20260904T225631Z-b66b297d,169,white,60,Storm v4,d5,d4d5,46.434,4.035693,42.898307,18,3795091,213,2499
20260904T225631Z-b66b297d,169,white,61,v3,Nxd5,e7d5,43.443,1.836381,42.106619,,,,
20260904T225631Z-b66b297d,169,white,62,Storm v4,g5,g4g5,42.898,4.294653,39.103347,18,4355211,228,3434
20260904T225631Z-b66b297d,169,white,63,v3,Ne3,d5e3,42.107,1.316651,41.290349,,,,
20260904T225631Z-b66b297d,169,white,64,Storm v4,Rxd8,d2d8,39.103,1.584503,38.018497,17,1583499,223,2190
20260904T225631Z-b66b297d,169,white,65,v3,Rxd8,f8d8,41.29,1.246397,40.543603000000004,,,,
20260904T225631Z-b66b297d,169,white,66,Storm v4,gxh6,g5h6,38.019,1.94721,36.57179,16,1975070,235,2432
20260904T225631Z-b66b297d,169,white,67,v3,Ng4+,e3g4,40.543,2.1950320000000003,38.847968,,,,
20260904T225631Z-b66b297d,169,white,68,Storm v4,Kf4,e5f4,36.571,2.939378,34.131622,18,3355114,212,2467
20260904T225631Z-b66b297d,169,white,69,v3,Nf6,g4f6,38.848,1.272053,38.075947,,,,
20260904T225631Z-b66b297d,169,white,70,Storm v4,Rxc6,c5c6,34.132,3.3963829999999997,31.235616999999998,17,3697938,220,2182
20260904T225631Z-b66b297d,169,white,71,v3,Kh7,h8h7,38.076,2.075373,36.500627,,,,
20260904T225631Z-b66b297d,169,white,72,Storm v4,Ba2,e6a2,31.236,2.419811,29.316188999999998,17,2751623,223,1994
20260904T225631Z-b66b297d,169,white,73,v3,Rf8,d8f8,36.501,2.0953739999999996,34.905626000000005,,,,
20260904T225631Z-b66b297d,169,white,74,Storm v4,Bb1,a2b1,29.316,1.313938,28.502062,16,1465535,221,1888
20260904T225631Z-b66b297d,169,white,75,v3,Kxh6,h7h6,34.905,2.096591,33.308409,,,,
20260904T225631Z-b66b297d,169,white,76,Storm v4,Bd3,b1d3,28.502,1.926563,27.075436999999997,17,2034234,239,1900
20260904T225631Z-b66b297d,169,white,77,v3,Kg7,h6g7,33.309,1.872941,31.936059,,,,
20260904T225631Z-b66b297d,169,white,78,Storm v4,Bxb5,d3b5,27.075,2.5702420000000004,25.004758000000002,16,2727369,228,1857
20260904T225631Z-b66b297d,169,white,79,v3,Rb8,f8b8,31.936,1.930752,30.505247999999998,,,,
20260904T225631Z-b66b297d,169,white,80,Storm v4,Bxa4,b5a4,25.005,3.1806460000000003,22.324354,15,3162720,240,1635
20260904T225631Z-b66b297d,169,white,81,v3,Rxb2,b8b2,30.505,1.8009380000000001,29.204061999999997,,,,
20260904T225631Z-b66b297d,169,white,82,Storm v4,Bc2,a4c2,22.324,1.5574459999999999,21.266554,15,1555457,236,1503
20260904T225631Z-b66b297d,169,white,83,v3,Kf7,g7f7,29.204,1.754317,27.949683,,,,
20260904T225631Z-b66b297d,169,white,84,Storm v4,a4,a3a4,21.267,1.430652,20.336347999999997,14,1455939,262,1416
20260904T225631Z-b66b297d,169,white,85,v3,Ke7,f7e7,27.95,0.9823,27.4677,,,,
20260904T225631Z-b66b297d,169,white,86,Storm v4,Kg5,f4g5,20.336,1.728454,19.107546,15,1712770,275,1370
20260904T225631Z-b66b297d,169,white,87,v3,Kd7,e7d7,27.467,1.104065,26.862935,,,,
20260904T225631Z-b66b297d,169,white,88,Storm v4,Rxf6,c6f6,19.107,1.711859,17.895141,16,2046113,301,1321
20260904T225631Z-b66b297d,169,white,89,v3,Rxc2,b2c2,26.863,1.657968,25.705032,,,,
20260904T225631Z-b66b297d,169,white,90,Storm v4,a5,a4a5,17.896,0.9419679999999999,17.454031999999998,15,1138731,309,1346
20260904T225631Z-b66b297d,169,white,91,v3,Rg2+,c2g2,25.705,1.464278,24.740722,,,,
20260904T225631Z-b66b297d,169,white,92,Storm v4,Kh5,g5h5,17.454,0.929378,17.024622,15,1050884,312,1405
20260904T225631Z-b66b297d,169,white,93,v3,Rh2+,g2h2,24.741,1.185372,24.055628000000002,,,,
20260904T225631Z-b66b297d,169,white,94,Storm v4,Kg4,h5g4,17.024,1.999233,15.524767,16,2451391,306,1416
20260904T225631Z-b66b297d,169,white,95,v3,Rg2+,h2g2,24.055,0.9509529999999999,23.604046999999998,,,,
20260904T225631Z-b66b297d,169,white,96,Storm v4,Kf3,g4f3,15.525,1.187166,14.837834,17,1455201,313,1262
20260904T225631Z-b66b297d,169,white,97,v3,Ra2,g2a2,23.604,1.313731,22.790269,,,,
20260904T225631Z-b66b297d,169,white,98,Storm v4,a6,a5a6,14.838,0.7720009999999999,14.565999,16,894317,313,1125
20260904T225631Z-b66b297d,169,white,99,v3,Ra4,a2a4,22.791,1.26185,22.02915,,,,
20260904T225631Z-b66b297d,169,white,100,Storm v4,a7,a6a7,14.566,0.816178,14.249822,14,932423,380,1108
20260904T225631Z-b66b297d,169,white,101,v3,Kc7,d7c7,22.029,1.586537,20.942463,,,,
20260904T225631Z-b66b297d,169,white,102,Storm v4,Re6,f6e6,14.249,1.770809,12.978191,14,1777687,500,2682
20260904T225631Z-b66b297d,169,white,103,v3,Kd8,c7d8,20.942,0.743013,20.698987000000002,,,,
20260904T225631Z-b66b297d,169,white,104,Storm v4,Rg6,e6g6,12.979,1.765811,11.713189,15,1774071,530,1723
20260904T225631Z-b66b297d,169,white,105,v3,Ra3+,a4a3,20.699,0.732924,20.466076,,,,
20260904T225631Z-b66b297d,169,white,106,Storm v4,Kg4,f3g4,11.713,2.608636,9.604364,17,2919256,987,2175
20260904T225631Z-b66b297d,169,white,107,v3,Ra4+,a3a4,20.466,1.3008089999999999,19.665191,,,,
20260904T225631Z-b66b297d,169,white,108,Storm v4,Kg5,g4g5,9.604,4.24595,5.85805,16,3166208,987,856
20260904T225631Z-b66b297d,169,white,109,v3,Kc7,d8c7,19.665,1.2118440000000001,18.953156,,,,
20260904T225631Z-b66b297d,169,white,110,Storm v4,Rg8,g6g8,5.858,1.570229,4.787770999999999,14,1800775,1015,1149
20260904T225631Z-b66b297d,169,white,111,v3,Rxa7,a4a7,18.953,0.716799,18.736201,,,,
20260904T225631Z-b66b297d,169,white,112,Storm v4,Rg7+,g8g7,4.788,0.449445,4.838555,18,753276,1030,487
20260904T225631Z-b66b297d,169,white,113,v3,Kb6,c7b6,18.737,0.772263,18.464737,,,,
20260904T225631Z-b66b297d,169,white,114,Storm v4,Rxa7,g7a7,4.838,0.442001,4.895999,18,773880,1040,502
20260904T225631Z-b66b297d,169,white,115,v3,Kxa7,b6a7,18.464,0.956062,18.007938,,,,
20260904T225631Z-b66b297d,169,white,116,Storm v4,f6,f5f6,4.896,0.8213250000000001,4.574675,17,1415234,1057,1492
20260904T225631Z-b66b297d,169,white,117,v3,Kb6,a7b6,18.008,0.6815249999999999,17.826475,,,,
20260904T225631Z-b66b297d,169,white,118,Storm v4,f7,f6f7,4.575,0.803588,4.271412000000001,16,1396930,1082,1062
20260904T225631Z-b66b297d,169,white,119,v3,Kc6,b6c6,17.827,1.078001,17.248999,,,,
20260904T225631Z-b66b297d,169,white,120,Storm v4,f8=Q,f7f8q,4.271,2.5081770000000003,2.262823,14,4059136,1082,505
20260904T225631Z-b66b297d,169,white,121,v3,Kb5,c6b5,17.249,0.8990589999999999,16.849940999999998,,,,
20260904T225631Z-b66b297d,169,white,122,Storm v4,Qa3,f8a3,2.263,0.265288,2.497712,12,335255,31967,1072
20260904T225631Z-b66b297d,169,white,123,v3,Kc4,b5c4,16.849,0.7807820000000001,16.568218,,,,
20260904T225631Z-b66b297d,169,white,124,Storm v4,Kf4,g5f4,2.498,0.001851,2.996149,1,59,31969,521
20260904T225631Z-b66b297d,169,white,125,v3,Kb5,c4b5,16.569,0.797551,16.271449,,,,
20260904T225631Z-b66b297d,169,white,126,Storm v4,Ke4,f4e4,2.996,0.001817,3.494183,1,54,31985,569
20260904T225631Z-b66b297d,169,white,127,v3,Kc6,b5c6,16.271,0.690388,16.080612,,,,
20260904T225631Z-b66b297d,169,white,128,Storm v4,Qf8,a3f8,3.494,0.0017749999999999999,3.992225,1,78,31989,617
20260904T225631Z-b66b297d,169,white,129,v3,Kd7,c6d7,16.081,0.625436,15.955564,,,,
20260904T225631Z-b66b297d,169,white,130,Storm v4,Kd5,e4d5,3.992,0.002076,4.489924,2,302,31991,1198
20260904T225631Z-b66b297d,169,white,131,v3,Kc7,d7c7,15.955,0.611918,15.843082,,,,
20260904T225631Z-b66b297d,169,white,132,Storm v4,Kc5,d5c5,4.49,0.001867,4.9881329999999995,1,49,31993,714
20260904T225631Z-b66b297d,169,white,133,v3,Kd7,c7d7,15.843,0.036951,16.306049,,,,
20260904T225631Z-b66b297d,169,white,134,Storm v4,Qf7+,f8f7,4.988,0.004397,5.4836030000000004,4,4182,31995,1829
20260904T225631Z-b66b297d,169,white,135,v3,Kd8,d7d8,16.306,0.003856,16.802144000000002,,,,
20260904T225631Z-b66b297d,169,white,136,Storm v4,Kc6,c5c6,5.484,0.001597,5.982403000000001,1,64,31997,810
20260904T225631Z-b66b297d,169,white,137,v3,Kc8,d8c8,16.802,0.000912,17.301088,,,,
20260904T225631Z-b66b297d,169,white,138,Storm v4,Qg8#,f7g8,5.982,0.001413,6.480587000000001,1,48,31999,858
20260904T225631Z-b66b297d,169,black,0,v3,Ke1,f2e1,120.0,3.5415300000000003,116.95847,,,,
20260904T225631Z-b66b297d,169,black,1,Storm v4,dxc4,d5c4,120.0,2.379984,118.120016,13,2194328,61,2708
20260904T225631Z-b66b297d,169,black,2,v3,Nf3,g1f3,116.958,5.930118,111.52788199999999,,,,
20260904T225631Z-b66b297d,169,black,3,Storm v4,Nc6,b8c6,118.119,2.297832,116.321168,13,2295426,57,2694
20260904T225631Z-b66b297d,169,black,4,v3,e3,e2e3,111.528,4.501289,107.52671099999999,,,,
20260904T225631Z-b66b297d,169,black,5,Storm v4,Be6,c8e6,116.322,1.889913,114.932087,13,1749249,56,2682
20260904T225631Z-b66b297d,169,black,6,v3,Na3,b1a3,107.526,5.2573609999999995,102.768639,,,,
20260904T225631Z-b66b297d,169,black,7,Storm v4,c3,c4c3,114.932,2.2852620000000003,113.146738,14,2184610,61,2729
20260904T225631Z-b66b297d,169,black,8,v3,bxc3,b2c3,102.769,3.487172,99.78182799999999,,,,
20260904T225631Z-b66b297d,169,black,9,Storm v4,Nxc3,e4c3,113.146,3.410782,110.23521799999999,16,3037372,73,2717
20260904T225631Z-b66b297d,169,black,10,v3,Qc2,d1c2,99.782,4.315234,95.966766,,,,
20260904T225631Z-b66b297d,169,black,11,Storm v4,Ne4,c3e4,110.235,4.735031,105.999969,15,3713958,54,5513
20260904T225631Z-b66b297d,169,black,12,v3,Rb1,a1b1,95.966,4.797301,91.66869899999999,,,,
20260904T225631Z-b66b297d,169,black,13,Storm v4,Qc8,d8c8,106.0,2.252228,104.247772,14,1831086,57,2583
20260904T225631Z-b66b297d,169,black,14,v3,Ng5,f3g5,91.669,4.5973310000000005,87.571669,,,,
20260904T225631Z-b66b297d,169,black,15,Storm v4,Bd5,e6d5,104.248,3.05371,101.69429,15,2588879,58,2662
20260904T225631Z-b66b297d,169,black,16,v3,Nxe4,g5e4,87.572,2.803379,85.268621,,,,
20260904T225631Z-b66b297d,169,black,17,Storm v4,Bxe4,d5e4,101.694,2.138118,100.055882,15,1909715,62,2590
20260904T225631Z-b66b297d,169,black,18,v3,Bd3,f1d3,85.268,2.699297,83.068703,,,,
20260904T225631Z-b66b297d,169,black,19,Storm v4,Bxd3,e4d3,100.056,2.1654899999999997,98.39050999999999,15,2042966,56,2617
20260904T225631Z-b66b297d,169,black,20,v3,Qxd3,c2d3,83.069,4.20546,79.36354,,,,
20260904T225631Z-b66b297d,169,black,21,Storm v4,e6,e7e6,98.391,2.0846880000000003,96.806312,14,2002762,62,2732
20260904T225631Z-b66b297d,169,black,22,v3,Rf1,h1f1,79.363,4.007982,75.855018,,,,
20260904T225631Z-b66b297d,169,black,23,Storm v4,Be7,f8e7,96.806,1.822417,95.483583,13,1737652,63,2696
20260904T225631Z-b66b297d,169,black,24,v3,Nc4,a3c4,75.855,3.755942,72.599058,,,,
20260904T225631Z-b66b297d,169,black,25,Storm v4,O-O,e8g8,95.483,3.859235,92.123765,13,3540080,66,2721
20260904T225631Z-b66b297d,169,black,26,v3,Bd2,c1d2,72.599,2.11073,70.98827,,,,
20260904T225631Z-b66b297d,169,black,27,Storm v4,a5,a7a5,92.124,3.507497,89.116503,14,3198956,69,4002
20260904T225631Z-b66b297d,169,black,28,v3,Kf2,e1f2,70.989,1.999328,69.48967200000001,,,,
20260904T225631Z-b66b297d,169,black,29,Storm v4,b6,b7b6,89.117,3.4071320000000003,86.209868,14,3344081,68,2626
20260904T225631Z-b66b297d,169,black,30,v3,Kg1,f2g1,69.489,2.160772,67.828228,,,,
20260904T225631Z-b66b297d,169,black,31,Storm v4,Qd7,c8d7,86.209,12.544305,74.16469500000001,14,11172864,73,3087
20260904T225631Z-b66b297d,169,black,32,v3,Bc3,d2c3,67.828,3.157597,65.170403,,,,
20260904T225631Z-b66b297d,169,black,33,Storm v4,a4,a5a4,74.165,4.592175,70.072825,15,4016226,82,2248
20260904T225631Z-b66b297d,169,black,34,v3,a3,a2a3,65.171,3.367984,62.30301600000001,,,,
20260904T225631Z-b66b297d,169,black,35,Storm v4,Qd5,d7d5,70.073,2.501099,68.071901,15,2246221,81,2153
20260904T225631Z-b66b297d,169,black,36,v3,Rfe1,f1e1,62.303,1.993742,60.809258,,,,
20260904T225631Z-b66b297d,169,black,37,Storm v4,Rad8,a8d8,68.072,1.4448969999999999,67.127103,14,1326451,83,2134
20260904T225631Z-b66b297d,169,black,38,v3,Rbc1,b1c1,60.809,2.391493,58.917507,,,,
20260904T225631Z-b66b297d,169,black,39,Storm v4,Rfe8,f8e8,67.127,4.5838779999999995,63.043122000000004,14,4052378,90,3820
20260904T225631Z-b66b297d,169,black,40,v3,Bb2,c3b2,58.917,2.154352,57.262648,,,,
20260904T225631Z-b66b297d,169,black,41,Storm v4,b5,b6b5,63.043,2.039685,61.503315,16,1941155,87,2034
20260904T225631Z-b66b297d,169,black,42,v3,Nd2,c4d2,57.263,3.345813,54.417187,,,,
20260904T225631Z-b66b297d,169,black,43,Storm v4,Bd6,e7d6,61.503,1.3760029999999999,60.626997,15,1209614,83,2065
20260904T225631Z-b66b297d,169,black,44,v3,Qc3,d3c3,54.417,2.775192,52.141808,,,,
20260904T225631Z-b66b297d,169,black,45,Storm v4,Ne7,c6e7,60.627,1.9133630000000001,59.213637000000006,16,1663281,79,2065
20260904T225631Z-b66b297d,169,black,46,v3,h3,h2h3,52.142,3.075456,49.566544,,,,
20260904T225631Z-b66b297d,169,black,47,Storm v4,Qa8,d5a8,59.214,5.001869,54.712131,15,4404833,83,5311
20260904T225631Z-b66b297d,169,black,48,v3,Qd3,c3d3,49.566,2.519227,47.546773,,,,
20260904T225631Z-b66b297d,169,black,49,Storm v4,c5,c7c5,54.712,3.563442,51.648557999999994,15,3183065,103,1913
20260904T225631Z-b66b297d,169,black,50,v3,Qxb5,d3b5,47.547,1.443478,46.603522,,,,
20260904T225631Z-b66b297d,169,black,51,Storm v4,Rb8,d8b8,51.648,2.353671,49.794329,15,2131247,86,1820
20260904T225631Z-b66b297d,169,black,52,v3,Qf1,b5f1,46.604,2.373451,44.730548999999996,,,,
20260904T225631Z-b66b297d,169,black,53,Storm v4,Rxb2,b8b2,49.794,1.680295,48.613705,16,1809206,88,1787
20260904T225631Z-b66b297d,169,black,54,v3,Nc4,d2c4,44.73,2.329192,42.900808,,,,
20260904T225631Z-b66b297d,169,black,55,Storm v4,cxd4,c5d4,48.614,1.787025,47.326975,16,1914973,82,1817
20260904T225631Z-b66b297d,169,black,56,v3,Nxb2,c4b2,42.901,1.936974,41.464026,,,,
20260904T225631Z-b66b297d,169,black,57,Storm v4,Bxa3,d6a3,47.327,2.880815,44.946185,15,2825439,55,4101
20260904T225631Z-b66b297d,169,black,58,v3,Qf2,f1f2,41.464,1.3130460000000002,40.650954,,,,
20260904T225631Z-b66b297d,169,black,59,Storm v4,Bb4,a3b4,44.946,2.3649400000000003,43.08106,15,2473040,57,3086
20260904T225631Z-b66b297d,169,black,60,v3,Re2,e1e2,40.651,1.758047,39.392953,,,,
20260904T225631Z-b66b297d,169,black,61,Storm v4,dxe3,d4e3,43.081,1.408712,42.172288,15,1352504,88,1855
20260904T225631Z-b66b297d,169,black,62,v3,Qxe3,f2e3,39.393,2.2242040000000003,37.668796,,,,
20260904T225631Z-b66b297d,169,black,63,Storm v4,Nd5,e7d5,42.172,2.223365,40.448635,17,2080031,84,1922
20260904T225631Z-b66b297d,169,black,64,v3,Qd4,e3d4,37.668,2.258065,35.909935,,,,
20260904T225631Z-b66b297d,169,black,65,Storm v4,a3,a4a3,40.449,1.541471,39.407529000000004,15,1259893,84,1704
20260904T225631Z-b66b297d,169,black,66,v3,Nd3,b2d3,35.91,1.476654,34.933346,,,,
20260904T225631Z-b66b297d,169,black,67,Storm v4,Ba5,b4a5,39.408,5.017316,34.890684,14,4067622,75,4716
20260904T225631Z-b66b297d,169,black,68,v3,Qc4,d4c4,34.933,1.280897,34.152103000000004,,,,
20260904T225631Z-b66b297d,169,black,69,Storm v4,Bb6+,a5b6,34.89,2.9028620000000003,32.487138,14,2565529,76,1849
20260904T225631Z-b66b297d,169,black,70,v3,Kh2,g1h2,34.153,1.107939,33.545061000000004,,,,
20260904T225631Z-b66b297d,169,black,71,Storm v4,Be3,b6e3,32.487,1.272259,31.714741,14,1087187,78,1420
20260904T225631Z-b66b297d,169,black,72,v3,Ra1,c1a1,33.545,1.557174,32.487826,,,,
20260904T225631Z-b66b297d,169,black,73,Storm v4,Qb8,a8b8,31.715,4.1427510000000005,28.072249,14,3401319,36,4043
20260904T225631Z-b66b297d,169,black,74,v3,g3,g2g3,32.487,1.1338489999999999,31.853151,,,,
20260904T225631Z-b66b297d,169,black,75,Storm v4,h5,h7h5,28.072,1.189022,27.382977999999998,13,1030134,41,1261
20260904T225631Z-b66b297d,169,black,76,v3,Rxa3,a1a3,31.853,1.207042,31.145958,,,,
20260904T225631Z-b66b297d,169,black,77,Storm v4,h4,h5h4,27.383,1.858749,26.024251,13,1485819,31,2079
20260904T225631Z-b66b297d,169,black,78,v3,gxh4,g3h4,31.146,1.796419,29.849580999999997,,,,
20260904T225631Z-b66b297d,169,black,79,Storm v4,Bxf4+,e3f4,26.024,0.834036,25.689964,12,659625,24,1228
20260904T225631Z-b66b297d,169,black,80,v3,Nxf4,d3f4,29.85,1.150744,29.199256000000002,,,,
20260904T225631Z-b66b297d,169,black,81,Storm v4,Nxf4,d5f4,25.69,0.847954,25.342046,12,660969,13,1276
20260904T225631Z-b66b297d,169,black,82,v3,Rd2,e2d2,29.199,1.670409,28.028591,,,,
20260904T225631Z-b66b297d,169,black,83,Storm v4,Nd5+,f4d5,25.342,1.54526,24.296740000000003,11,1186339,0,1515
20260904T225631Z-b66b297d,169,black,84,v3,Kg1,h2g1,28.029,1.186131,27.342869,,,,
20260904T225631Z-b66b297d,169,black,85,Storm v4,Qb1+,b8b1,24.297,1.253486,23.543514,12,1061330,0,1428
20260904T225631Z-b66b297d,169,black,86,v3,Kh2,g1h2,27.342,1.22346,26.61854,,,,
20260904T225631Z-b66b297d,169,black,87,Storm v4,Qb8+,b1b8,23.543,0.982896,23.060104,13,810288,0,1142
20260904T225631Z-b66b297d,169,black,88,v3,Kg1,h2g1,26.619,1.165953,25.953046999999998,,,,
20260904T225631Z-b66b297d,169,black,89,Storm v4,Qb1+,b8b1,23.06,0.757193,22.802807,13,634420,0,1123
20260904T225631Z-b66b297d,169,black,90,v3,Kh2,g1h2,25.953,1.2969600000000001,25.15604,,,,
20260904T230211Z-0cd42739,170,white,0,v3,Bd6,b4d6,120.0,3.232944,117.267056,,,,
20260904T230211Z-0cd42739,170,white,1,Storm v4,e4,e3e4,120.0,3.10378,117.39622,14,2807279,68,2708
20260904T230211Z-0cd42739,170,white,2,v3,c6,c7c6,117.266,4.710135,113.05586500000001,,,,
20260904T230211Z-0cd42739,170,white,3,Storm v4,Ne3,d5e3,117.396,2.989815,114.906185,15,2788855,72,2713
20260904T230211Z-0cd42739,170,white,4,v3,fxe4,f5e4,113.056,3.9920880000000003,109.563912,,,,
20260904T230211Z-0cd42739,170,white,5,Storm v4,dxe4,d3e4,114.906,3.131431,112.274569,14,2595894,72,2653
20260904T230211Z-0cd42739,170,white,6,v3,Bc7,d6c7,109.564,3.948754,106.115246,,,,
20260904T230211Z-0cd42739,170,white,7,Storm v4,Nf5,e3f5,112.274,2.397835,110.376165,13,1905636,74,2668
20260904T230211Z-0cd42739,170,white,8,v3,Qf6,d8f6,106.115,4.130193,102.484807,,,,
20260904T230211Z-0cd42739,170,white,9,Storm v4,Ng3,f5g3,110.376,3.1417620000000004,107.73423799999999,13,2729111,67,2640
20260904T230211Z-0cd42739,170,white,10,v3,d5,d7d5,102.485,4.9984530000000005,97.986547,,,,
20260904T230211Z-0cd42739,170,white,11,Storm v4,exd5,e4d5,107.735,2.0213989999999997,106.213601,13,1696653,83,2627
20260904T230211Z-0cd42739,170,white,12,v3,Qd6,f6d6,97.987,4.66517,93.82183,,,,
20260904T230211Z-0cd42739,170,white,13,Storm v4,Bc4,f1c4,106.213,2.590275,104.122725,12,2311148,77,2626
20260904T230211Z-0cd42739,170,white,14,v3,Ne7,g8e7,93.821,4.723794,89.597206,,,,
20260904T230211Z-0cd42739,170,white,15,Storm v4,dxc6,d5c6,104.123,1.910441,102.712559,12,1692012,68,2691
20260904T230211Z-0cd42739,170,white,16,v3,Qxd1+,d6d1,89.597,4.072856,86.024144,,,,
20260904T230211Z-0cd42739,170,white,17,Storm v4,Kxd1,e1d1,102.712,0.001127,103.210873,,,,
20260904T230211Z-0cd42739,170,white,18,v3,Nbxc6,b8c6,86.025,2.667364,83.857636,,,,
20260904T230211Z-0cd42739,170,white,19,Storm v4,N1e2,g1e2,103.211,5.637103,98.073897,13,4857483,71,3134
20260904T230211Z-0cd42739,170,white,20,v3,Na5,c6a5,83.857,3.416792,80.940208,,,,
20260904T230211Z-0cd42739,170,white,21,Storm v4,Bd3,c4d3,98.074,3.016743,95.55725699999999,14,2658050,69,2954
20260904T230211Z-0cd42739,170,white,22,v3,Be6,c8e6,80.94,4.200857,77.239143,,,,
20260904T230211Z-0cd42739,170,white,23,Storm v4,Kc2,d1c2,95.557,3.14482,92.91217999999999,13,2730007,63,2885
20260904T230211Z-0cd42739,170,white,24,v3,O-O,e8g8,77.239,3.999226,73.73977400000001,,,,
20260904T230211Z-0cd42739,170,white,25,Storm v4,Ne4,g3e4,92.912,2.832322,90.579678,12,2323969,60,2848
20260904T230211Z-0cd42739,170,white,26,v3,Bb6,c7b6,73.74,4.008326,70.231674,,,,
20260904T230211Z-0cd42739,170,white,27,Storm v4,Rf1,h1f1,90.58,2.2967779999999998,88.783222,13,1997126,67,2833
20260904T230211Z-0cd42739,170,white,28,v3,Rad8,a8d8,70.232,2.239692,68.49230800000001,,,,
20260904T230211Z-0cd42739,170,white,29,Storm v4,b3,b2b3,88.783,3.96704,85.31596,14,3166735,82,4275
20260904T230211Z-0cd42739,170,white,30,v3,Nac6,a5c6,68.492,2.2149720000000004,66.777028,,,,
20260904T230211Z-0cd42739,170,white,31,Storm v4,Ba3,c1a3,85.316,2.823847,82.992153,14,2269791,83,2747
20260904T230211Z-0cd42739,170,white,32,v3,Bd5,e6d5,66.777,3.624264,63.652736,,,,
20260904T230211Z-0cd42739,170,white,33,Storm v4,Rad1,a1d1,82.992,2.5753069999999996,80.916693,14,2161188,86,2729
20260904T230211Z-0cd42739,170,white,34,v3,Bxe4,d5e4,63.653,3.1517060000000003,61.001294,,,,
20260904T230211Z-0cd42739,170,white,35,Storm v4,Bxe4,d3e4,80.917,2.5443350000000002,78.872665,19,2482062,88,2766
20260904T230211Z-0cd42739,170,white,36,v3,Rxd1,d8d1,61.001,3.215861,58.285139,,,,
20260904T230211Z-0cd42739,170,white,37,Storm v4,Kxd1,c2d1,78.872,3.969019,75.402981,20,4254853,100,2979
20260904T230211Z-0cd42739,170,white,38,v3,Rxf2,f8f2,58.285,1.915383,56.869617,,,,
20260904T230211Z-0cd42739,170,white,39,Storm v4,Rxf2,f1f2,75.403,4.208489999999999,71.69451,21,4922648,104,3079
20260904T230211Z-0cd42739,170,white,40,v3,Bxf2,b6f2,56.87,2.949699,54.420301,,,,
20260904T230211Z-0cd42739,170,white,41,Storm v4,Bxe7,a3e7,71.695,2.9072750000000003,69.28772500000001,20,3575835,104,3383
20260904T230211Z-0cd42739,170,white,42,v3,Nxe7,c6e7,54.42,2.1701610000000002,52.749839,,,,
20260904T230211Z-0cd42739,170,white,43,Storm v4,Bxb7,e4b7,69.288,5.534771,64.253229,18,6519823,103,3636
20260904T230211Z-0cd42739,170,white,44,v3,Kf7,g8f7,52.75,2.769145,50.480855000000005,,,,
20260904T230211Z-0cd42739,170,white,45,Storm v4,Kd2,d1d2,64.253,8.010613000000001,56.742387,17,9198317,109,3497
20260904T230211Z-0cd42739,170,white,46,v3,h5,h7h5,50.48,1.6902629999999998,49.289737,,,,
20260904T230211Z-0cd42739,170,white,47,Storm v4,b4,b3b4,56.742,2.904895,54.337105,17,3428676,122,3186
20260904T230211Z-0cd42739,170,white,48,v3,Nf5,e7f5,49.29,2.62171,47.16829,,,,
20260904T230211Z-0cd42739,170,white,49,Storm v4,c4,c3c4,54.337,3.202267,51.634733,16,3824571,152,3112
20260904T230211Z-0cd42739,170,white,50,v3,Ne3,f5e3,47.168,1.97285,45.69515,,,,
20260904T230211Z-0cd42739,170,white,51,Storm v4,c5,c4c5,51.635,2.409437,49.725563,14,2679599,168,3094
20260904T230211Z-0cd42739,170,white,52,v3,Nf1+,e3f1,45.695,2.151919,44.043081,,,,
20260904T230211Z-0cd42739,170,white,53,Storm v4,Kd3,d2d3,49.725,3.450404,46.774595999999995,18,3741607,205,3310
20260904T230211Z-0cd42739,170,white,54,v3,Nxh2,f1h2,44.043,2.479419,42.063581,,,,
20260904T230211Z-0cd42739,170,white,55,Storm v4,Nc3,e2c3,46.775,3.0707139999999997,44.204286,18,3488264,210,2971
20260904T230211Z-0cd42739,170,white,56,v3,Ke7,f7e7,42.064,1.296455,41.267545,,,,
20260904T230211Z-0cd42739,170,white,57,Storm v4,a4,a2a4,44.204,5.238175,39.465824999999995,17,5404438,274,4996
20260904T230211Z-0cd42739,170,white,58,v3,Ng4,h2g4,41.268,1.58397,40.18403,,,,
20260904T230211Z-0cd42739,170,white,59,Storm v4,c6,c5c6,39.466,2.050609,37.91539100000001,18,2237554,284,2613
20260904T230211Z-0cd42739,170,white,60,v3,Bb6,f2b6,40.184,2.173543,38.510457,,,,
20260904T230211Z-0cd42739,170,white,61,Storm v4,a5,a4a5,37.915,7.101988,31.313012,19,8099221,321,5113
20260904T230211Z-0cd42739,170,white,62,v3,Bc7,b6c7,38.51,2.062625,36.947375,,,,
20260904T230211Z-0cd42739,170,white,63,Storm v4,Nb5,c3b5,31.313,6.81437,24.998630000000002,18,7911511,366,4443
20260904T230211Z-0cd42739,170,white,64,v3,Kd8,e7d8,36.947,1.426788,36.020212,,,,
20260904T230211Z-0cd42739,170,white,65,Storm v4,Nxa7,b5a7,24.999,1.378215,24.120785,18,1558848,386,1859
20260904T230211Z-0cd42739,170,white,66,v3,Nf2+,g4f2,36.02,1.47422,35.04578,,,,
20260904T230211Z-0cd42739,170,white,67,Storm v4,Ke2,d3e2,24.121,2.980995,21.640005000000002,19,3318972,478,3564
20260904T230211Z-0cd42739,170,white,68,v3,Ne4,f2e4,35.046,1.324652,34.221348,,,,
20260904T230211Z-0cd42739,170,white,69,Storm v4,Nb5,a7b5,21.64,2.8714560000000002,19.268544000000002,20,3382714,534,3127
20260904T230211Z-0cd42739,170,white,70,v3,Nd6,e4d6,34.221,1.667332,33.053668,,,,
20260904T230211Z-0cd42739,170,white,71,Storm v4,Nxd6,b5d6,19.268,6.9717020000000005,12.796297999999998,21,6155264,596,2273
20260904T230211Z-0cd42739,170,white,72,v3,Bxd6,c7d6,33.054,1.192736,32.361264,,,,
20260904T230211Z-0cd42739,170,white,73,Storm v4,b5,b4b5,12.796,3.5207930000000003,9.775207,22,3898173,690,2224
20260904T230211Z-0cd42739,170,white,74,v3,Bc7,d6c7,32.361,1.110529,31.750471,,,,
20260904T230211Z-0cd42739,170,white,75,Storm v4,b6,b5b6,9.775,4.316205,5.958795,22,4428800,830,1991
20260904T230211Z-0cd42739,170,white,76,v3,h4,h5h4,31.751,1.321559,30.929441,,,,
20260904T230211Z-0cd42739,170,white,77,Storm v4,bxc7+,b6c7,5.959,2.9638910000000003,3.495109,21,3506176,1165,597
20260904T230211Z-0cd42739,170,white,78,v3,Kxc7,d8c7,30.929,1.900382,29.528617999999998,,,,
20260904T230211Z-0cd42739,170,white,79,Storm v4,Ke3,e2e3,3.495,0.341115,3.6538850000000003,18,360504,1165,431
20260904T230211Z-0cd42739,170,white,80,v3,g5,g7g5,29.529,1.011136,29.017864000000003,,,,
20260904T230211Z-0cd42739,170,white,81,Storm v4,Kf3,e3f3,3.654,0.70731,3.4466900000000003,15,702222,794,1001
20260904T230211Z-0cd42739,170,white,82,v3,e4+,e5e4,29.018,0.991525,28.526474999999998,,,,
20260904T230211Z-0cd42739,170,white,83,Storm v4,Kxe4,f3e4,3.447,0.951214,2.995786,18,835039,1308,783
20260904T230211Z-0cd42739,170,white,84,v3,g4,g5g4,28.526,1.739595,27.286405,,,,
20260904T230211Z-0cd42739,170,white,85,Storm v4,Kf4,e4f4,2.996,1.9489269999999999,1.5470730000000001,17,2283520,1308,393
20260904T230211Z-0cd42739,170,white,86,v3,Kd6,c7d6,27.286,1.159935,26.626064999999997,,,,
20260904T230211Z-0cd42739,170,white,87,Storm v4,Kxg4,f4g4,1.547,1.003688,1.0433119999999998,13,955558,1436,610
20260904T230211Z-0cd42739,170,white,88,v3,Kc7,d6c7,26.626,1.331909,25.794091,,,,
20260904T230211Z-0cd42739,170,white,89,Storm v4,Kxh4,g4h4,1.043,0.17563399999999998,1.367366,12,174847,1990,642
20260904T230211Z-0cd42739,170,white,90,v3,Kd6,c7d6,25.794,1.208195,25.085805,,,,
20260904T230211Z-0cd42739,170,white,91,Storm v4,a6,a5a6,1.367,0.76635,1.1006500000000001,13,801315,2321,680
20260904T230211Z-0cd42739,170,white,92,v3,Ke7,d6e7,25.086,0.878732,24.707268,,,,
20260904T230211Z-0cd42739,170,white,93,Storm v4,c7,c6c7,1.101,0.251301,1.349699,11,230994,31987,637
20260904T230211Z-0cd42739,170,white,94,v3,Kf6,e7f6,24.707,1.541525,23.665474999999997,,,,
20260904T230211Z-0cd42739,170,white,95,Storm v4,c8=Q,c7c8q,1.349,0.009725,1.839275,7,6420,31989,680
20260904T230211Z-0cd42739,170,white,96,v3,Ke5,f6e5,23.666,0.8587910000000001,23.307209,,,,
20260904T230211Z-0cd42739,170,white,97,Storm v4,a7,a6a7,1.84,0.001874,2.3381260000000004,1,70,31991,455
20260904T230211Z-0cd42739,170,white,98,v3,Kd4,e5d4,23.307,0.834843,22.972157,,,,
20260904T230211Z-0cd42739,170,white,99,Storm v4,a8=Q,a7a8q,2.338,0.002069,2.835931,1,81,31993,501
20260904T230211Z-0cd42739,170,white,100,v3,Ke3,d4e3,22.972,0.251437,23.220563,,,,
20260904T230211Z-0cd42739,170,white,101,Storm v4,Qa3+,a8a3,2.836,0.002153,3.333847,1,70,31995,525
20260904T230211Z-0cd42739,170,white,102,v3,Kf2,e3f2,23.221,0.020519,23.700481,,,,
20260904T230211Z-0cd42739,170,white,103,Storm v4,Qcc1,c8c1,3.333,0.004982,3.828018,3,2573,31997,1013
20260904T230211Z-0cd42739,170,white,104,v3,Ke2,f2e2,23.7,0.0015329999999999999,24.198467,,,,
20260904T230211Z-0cd42739,170,white,105,Storm v4,Qf3#,a3f3,3.828,0.00278,4.325219999999999,1,92,31999,600
20260904T230211Z-0cd42739,170,black,0,Storm v4,Be7,b4e7,120.0,3.41539,117.08461,14,3201875,-58,2755
20260904T230211Z-0cd42739,170,black,1,v3,d4,d3d4,120.0,5.036879,115.463121,,,,
20260904T230211Z-0cd42739,170,black,2,Storm v4,d6,d7d6,117.084,3.660127,113.923873,14,3307960,-60,6346
20260904T230211Z-0cd42739,170,black,3,v3,Bc4,f1c4,115.463,4.247841,111.715159,,,,
20260904T230211Z-0cd42739,170,black,4,Storm v4,Nf6,g8f6,113.924,2.426764,111.997236,13,2123297,-71,2879
20260904T230211Z-0cd42739,170,black,5,v3,Nxe7,d5e7,111.715,3.318205,108.896795,,,,
20260904T230211Z-0cd42739,170,black,6,Storm v4,Qxe7,d8e7,111.997,4.376878,108.12012200000001,15,4013634,-43,2761
20260904T230211Z-0cd42739,170,black,7,v3,Ne2,g1e2,108.896,4.439908,104.956092,,,,
20260904T230211Z-0cd42739,170,black,8,Storm v4,d5,d6d5,108.12,2.425866,106.194134,15,2336937,-46,2649
20260904T230211Z-0cd42739,170,black,9,v3,Bb3,c4b3,104.956,4.399863,101.056137,,,,
20260904T230211Z-0cd42739,170,black,10,Storm v4,Nc6,b8c6,106.194,3.083872,103.610128,15,2869922,-32,2646
20260904T230211Z-0cd42739,170,black,11,v3,dxe5,d4e5,101.057,3.405707,98.15129300000001,,,,
20260904T230211Z-0cd42739,170,black,12,Storm v4,Qxe5,e7e5,103.61,4.720816,99.389184,16,4040289,-26,2608
20260904T230211Z-0cd42739,170,black,13,v3,Nf4,e2f4,98.151,4.2177370000000005,94.43326300000001,,,,
20260904T230211Z-0cd42739,170,black,14,Storm v4,Be6,c8e6,99.389,11.164981,88.724019,16,9591012,-20,2547
20260904T230211Z-0cd42739,170,black,15,v3,Nxe6,f4e6,94.433,4.292628,90.640372,,,,
20260904T230211Z-0cd42739,170,black,16,Storm v4,Qxe6,e5e6,88.724,2.0587440000000004,87.165256,16,1981953,-13,2397
20260904T230211Z-0cd42739,170,black,17,v3,O-O,e1g1,90.64,3.4807840000000003,87.659216,,,,
20260904T230211Z-0cd42739,170,black,18,Storm v4,O-O-O,e8c8,87.166,2.105154,85.560846,16,1980228,-9,2404
20260904T230211Z-0cd42739,170,black,19,v3,Bd2,c1d2,87.659,2.731021,85.42797900000001,,,,
20260904T230211Z-0cd42739,170,black,20,Storm v4,Ne5,c6e5,85.56,1.557432,84.502568,13,1549472,-4,2390
20260904T230211Z-0cd42739,170,black,21,v3,Qe2,d1e2,85.428,2.553347,83.37465300000001,,,,
20260904T230211Z-0cd42739,170,black,22,Storm v4,Kb8,c8b8,84.503,4.550088,80.452912,15,4268407,-3,5719
20260904T230211Z-0cd42739,170,black,23,v3,h3,h2h3,83.375,3.3365639999999996,80.538436,,,,
20260904T230211Z-0cd42739,170,black,24,Storm v4,Nc4,e5c4,80.453,2.2685790000000003,78.684421,15,2238365,14,2828
20260904T230211Z-0cd42739,170,black,25,v3,Bc1,d2c1,80.538,2.959145,78.07885499999999,,,,
20260904T230211Z-0cd42739,170,black,26,Storm v4,Ne4,f6e4,78.684,9.119011,70.064989,15,7922830,16,5398
20260904T230211Z-0cd42739,170,black,27,v3,a4,a2a4,78.079,3.1397049999999997,75.439295,,,,
20260904T230211Z-0cd42739,170,black,28,Storm v4,a5,a7a5,70.065,3.715886,66.849114,15,3419231,10,3266
20260904T230211Z-0cd42739,170,black,29,v3,Rd1,f1d1,75.439,2.966301,72.97269899999999,,,,
20260904T230211Z-0cd42739,170,black,30,Storm v4,Rhf8,h8f8,66.849,2.405361,64.943639,15,2245979,18,2057
20260904T230211Z-0cd42739,170,black,31,v3,f3,f2f3,72.973,2.4008049999999996,71.07219500000001,,,,
20260904T230211Z-0cd42739,170,black,32,Storm v4,Nc5,e4c5,64.944,1.892317,63.551683,15,1861843,14,2038
20260904T230211Z-0cd42739,170,black,33,v3,Ba2,b3a2,71.072,3.742178,67.82982200000001,,,,
20260904T230211Z-0cd42739,170,black,34,Storm v4,Qb6,e6b6,63.551,3.660842,60.390158,14,3363166,9,2408
20260904T230211Z-0cd42739,170,black,35,v3,Qc2,e2c2,67.83,3.2751170000000003,65.054883,,,,
20260904T230211Z-0cd42739,170,black,36,Storm v4,f4,f5f4,60.39,2.833565,58.056435,14,2541070,49,3881
20260904T230211Z-0cd42739,170,black,37,v3,b4,b2b4,65.055,3.223192,62.331807999999995,,,,
20260904T230211Z-0cd42739,170,black,38,Storm v4,axb4,a5b4,58.057,1.825548,56.731452,15,1644068,84,1868
20260904T230211Z-0cd42739,170,black,39,v3,cxb4,c3b4,62.332,2.9534279999999997,59.878572,,,,
20260904T230211Z-0cd42739,170,black,40,Storm v4,Qxb4,b6b4,56.731,1.809235,55.421765,16,1675905,73,1854
20260904T230211Z-0cd42739,170,black,41,v3,Bxc4,a2c4,59.878,3.0608530000000003,57.317147,,,,
20260904T230211Z-0cd42739,170,black,42,Storm v4,Qxc4,b4c4,55.422,2.996724,52.925276,16,2843144,37,3959
20260904T230211Z-0cd42739,170,black,43,v3,Qxc4,c2c4,57.317,2.608546,55.208453999999996,,,,
20260904T230211Z-0cd42739,170,black,44,Storm v4,dxc4,d5c4,52.925,2.0777840000000003,51.347216,18,2412965,32,2075
20260904T230211Z-0cd42739,170,black,45,v3,Ba3,c1a3,55.209,2.018911,53.690089,,,,
20260904T230211Z-0cd42739,170,black,46,Storm v4,b6,b7b6,51.347,2.173553,49.673447,18,2634953,35,2806
20260904T230211Z-0cd42739,170,black,47,v3,exf4,e3f4,53.69,2.915855,51.274145,,,,
20260904T230211Z-0cd42739,170,black,48,Storm v4,Rd3,d8d3,49.674,5.3463639999999995,44.827636,18,5856493,44,6319
20260904T230211Z-0cd42739,170,black,49,v3,Rdb1,d1b1,51.274,2.886363,48.887637000000005,,,,
20260904T230211Z-0cd42739,170,black,50,Storm v4,Rf5,f8f5,44.827,2.759242,42.567758000000005,17,2863640,87,2244
20260904T230211Z-0cd42739,170,black,51,v3,Bxc5,a3c5,48.887,2.1301799999999997,47.25682,,,,
20260904T230211Z-0cd42739,170,black,52,Storm v4,Rxc5,f5c5,42.568,1.724248,41.343752,18,1956552,92,2126
20260904T230211Z-0cd42739,170,black,53,v3,a5,a4a5,47.257,2.620737,45.136263,,,,
20260904T230211Z-0cd42739,170,black,54,Storm v4,Kb7,b8b7,41.344,3.101703,38.742297,17,3035480,107,3415
20260904T230211Z-0cd42739,170,black,55,v3,a6+,a5a6,45.136,1.5123900000000001,44.12361,,,,
20260904T230211Z-0cd42739,170,black,56,Storm v4,Ka7,b7a7,38.742,2.665433,36.576567000000004,19,2711208,137,2291
20260904T230211Z-0cd42739,170,black,57,v3,Re1,b1e1,44.124,1.387497,43.236503,,,,
20260904T230211Z-0cd42739,170,black,58,Storm v4,c3,c4c3,36.577,2.032718,35.044282,16,2146296,158,2064
20260904T230211Z-0cd42739,170,black,59,v3,Kf2,g1f2,43.236,2.085541,41.650459000000005,,,,
20260904T230211Z-0cd42739,170,black,60,Storm v4,c2,c3c2,35.044,1.815943,33.728057,17,1916464,173,2081
20260904T230211Z-0cd42739,170,black,61,v3,Rec1,e1c1,41.651,2.009473,40.141527,,,,
20260904T230211Z-0cd42739,170,black,62,Storm v4,Rd2+,d3d2,33.728,2.937177,31.290823,18,3124073,172,1959
20260904T230211Z-0cd42739,170,black,63,v3,Ke3,f2e3,40.141,1.280912,39.360088000000005,,,,
20260904T230211Z-0cd42739,170,black,64,Storm v4,Rxg2,d2g2,31.291,2.293869,29.497131,19,2452904,172,1821
20260904T230211Z-0cd42739,170,black,65,v3,Ra2,a1a2,39.36,1.542143,38.317857000000004,,,,
20260904T230211Z-0cd42739,170,black,66,Storm v4,Rc4,c5c4,29.497,1.316353,28.680647,16,1402775,172,1728
20260904T230211Z-0cd42739,170,black,67,v3,Kd3,e3d3,38.318,2.099568,36.718432,,,,
20260904T230211Z-0cd42739,170,black,68,Storm v4,Rxf4,c4f4,28.68,1.315243,27.864757,17,1514870,184,1711
20260904T230211Z-0cd42739,170,black,69,v3,Raxc2,a2c2,36.718,1.175796,36.042204,,,,
20260904T230211Z-0cd42739,170,black,70,Storm v4,Rxf3+,f4f3,27.865,3.0662399999999996,25.29876,18,3602091,194,3775
20260904T230211Z-0cd42739,170,black,71,v3,Ke4,d3e4,36.043,1.201523,35.341477,,,,
20260904T230211Z-0cd42739,170,black,72,Storm v4,Rxc2,g2c2,25.299,1.872715,23.926285,20,2165316,197,1511
20260904T230211Z-0cd42739,170,black,73,v3,Rxc2,c1c2,35.341,1.538527,34.302473,,,,
20260904T230211Z-0cd42739,170,black,74,Storm v4,Rxh3,f3h3,23.926,1.837319,22.588681,19,2297259,182,1862
20260904T230211Z-0cd42739,170,black,75,v3,Rxc7+,c2c7,34.302,1.989835,32.812165,,,,
20260904T230211Z-0cd42739,170,black,76,Storm v4,Kxa6,a7a6,22.589,2.0932510000000004,20.995749,17,2600643,204,1821
20260904T230211Z-0cd42739,170,black,77,v3,Rxg7,c7g7,32.813,1.1234000000000002,32.1896,,,,
20260904T230211Z-0cd42739,170,black,78,Storm v4,b5,b6b5,20.995,2.663501,18.831499,18,3368045,215,1558
20260904T230211Z-0cd42739,170,black,79,v3,Kd5,e4d5,32.189,1.839717,30.849283,,,,
20260904T230211Z-0cd42739,170,black,80,Storm v4,h5,h7h5,18.832,2.323365,17.008635,17,2924602,237,1454
20260904T230211Z-0cd42739,170,black,81,v3,Kc5,d5c5,30.849,1.814058,29.534941999999997,,,,
20260904T230211Z-0cd42739,170,black,82,Storm v4,h4,h5h4,17.008,1.005526,16.502474000000003,17,1285742,237,1263
20260904T230211Z-0cd42739,170,black,83,v3,Rh7,g7h7,29.535,1.417995,28.617005000000002,,,,
20260904T230211Z-0cd42739,170,black,84,Storm v4,Rh1,h3h1,16.503,1.518278,15.484722,18,2005470,248,1246
20260904T230211Z-0cd42739,170,black,85,v3,Rh6+,h7h6,28.617,1.323622,27.793378,,,,
20260904T230211Z-0cd42739,170,black,86,Storm v4,Ka5,a6a5,15.484,0.9850990000000001,14.998901,19,1223485,248,1259
20260904T230211Z-0cd42739,170,black,87,v3,Rh8,h6h8,27.794,1.697567,26.596433,,,,
20260904T230211Z-0cd42739,170,black,88,Storm v4,Ka4,a5a4,14.999,1.3302850000000002,14.168715,18,1579347,248,1135
20260904T230211Z-0cd42739,170,black,89,v3,Ra8+,h8a8,26.596,0.900079,26.195921,,,,
20260904T230211Z-0cd42739,170,black,90,Storm v4,Kb3,a4b3,14.169,0.000743,14.668256999999999,,,,
20260904T230211Z-0cd42739,170,black,91,v3,Kxb5,c5b5,26.196,0.98951,25.706490000000002,,,,
20260904T230211Z-0cd42739,170,black,92,Storm v4,h3,h4h3,14.668,1.8298409999999998,13.338159,17,2007775,248,1121
20260904T230211Z-0cd42739,170,black,93,v3,Rb8,a8b8,25.706,0.954321,25.251679,,,,
20260904T230211Z-0cd42739,170,black,94,Storm v4,h2,h3h2,13.338,1.780089,12.057911,17,1753476,510,1813
20260904T230211Z-0cd42739,170,black,95,v3,Kc5+,b5c5,25.252,1.357102,24.394898,,,,
20260904T230211Z-0cd42739,170,black,96,Storm v4,Kc2,b3c2,12.058,0.8477100000000001,11.71029,19,881398,526,1032
20260904T230211Z-0cd42739,170,black,97,v3,Rh8,b8h8,24.395,1.45351,23.44149,,,,
20260904T230211Z-0cd42739,170,black,98,Storm v4,Kd3,c2d3,11.71,1.5336379999999998,10.676362000000001,19,1654304,531,940
20260904T230211Z-0cd42739,170,black,99,v3,Kd5,c5d5,23.441,1.1375009999999999,22.803499,,,,
20260904T230211Z-0cd42739,170,black,100,Storm v4,Ke3,d3e3,10.677,0.7809510000000001,10.396049,19,990739,543,882
20260904T230211Z-0cd42739,170,black,101,v3,Ke5,d5e5,22.804,1.0020879999999999,22.301912,,,,
20260904T230211Z-0cd42739,170,black,102,Storm v4,Kf3,e3f3,10.396,0.606013,10.289987,19,825853,544,843
20260904T230211Z-0cd42739,170,black,103,v3,Rf8+,h8f8,22.302,1.04629,21.75571,,,,
20260904T230211Z-0cd42739,170,black,104,Storm v4,Kg4,f3g4,10.29,1.009501,9.780498999999999,20,1443329,552,905
20260904T230211Z-0cd42739,170,black,105,v3,Rg8+,f8g8,21.755,0.905729,21.349271,,,,
20260904T230211Z-0cd42739,170,black,106,Storm v4,Kh5,g4h5,9.78,1.823705,8.456295,20,2655062,558,881
20260904T230211Z-0cd42739,170,black,107,v3,Rh8+,g8h8,21.349,0.970179,20.878821,,,,
20260904T230211Z-0cd42739,170,black,108,Storm v4,Kg6,h5g6,8.456,3.856255,5.0997449999999995,20,5813248,558,777
20260904T230211Z-0cd42739,170,black,109,v3,Rh3,h8h3,20.879,0.952693,20.426307,,,,
20260904T230211Z-0cd42739,170,black,110,Storm v4,Re1+,h1e1,5.1,0.5258160000000001,5.074184,20,727947,563,507
20260904T230211Z-0cd42739,170,black,111,v3,Kd6,e5d6,20.427,0.819739,20.107260999999998,,,,
20260904T230211Z-0cd42739,170,black,112,Storm v4,h1=Q,h2h1q,5.074,0.374682,5.199318,20,530949,563,505
20260904T230211Z-0cd42739,170,black,113,v3,Rxh1,h3h1,20.107,1.227575,19.379424999999998,,,,
20260904T230211Z-0cd42739,170,black,114,Storm v4,Rxh1,e1h1,5.2,1.709504,3.9904960000000003,20,2459687,608,1066
20260904T230211Z-0cd42739,170,black,115,v3,Ke5,d6e5,19.379,0.7398239999999999,19.139176,,,,
20260904T230211Z-0cd42739,170,black,116,Storm v4,Rh4,h1h4,3.99,0.524633,3.965367,18,747188,31967,1044
20260904T230211Z-0cd42739,170,black,117,v3,Kd6,e5d6,19.139,0.796726,18.842274,,,,
20260904T230211Z-0cd42739,170,black,118,Storm v4,Kf6,g6f6,3.965,0.037459000000000006,4.427541,11,42418,31967,1110
20260904T230211Z-0cd42739,170,black,119,v3,Kd5,d6d5,18.843,1.069029,18.273971000000003,,,,
20260904T230211Z-0cd42739,170,black,120,Storm v4,Rg4,h4g4,4.428,0.001537,4.926463,1,61,31969,744
20260904T230211Z-0cd42739,170,black,121,v3,Kd6,d5d6,18.273,0.984713,17.788287,,,,
20260904T230211Z-0cd42739,170,black,122,Storm v4,Rg5,g4g5,4.926,0.002491,5.423509,5,1601,31967,1717
20260904T230211Z-0cd42739,170,black,123,v3,Kd7,d6d7,17.789,0.948981,17.340019,,,,
20260904T230211Z-0cd42739,170,black,124,Storm v4,Rd5+,g5d5,5.424,0.001477,5.922523,1,39,31975,852
20260904T230211Z-0cd42739,170,black,125,v3,Kc7,d7c7,17.34,1.141029,16.698970999999997,,,,
20260904T230211Z-0cd42739,170,black,126,Storm v4,Ke6,f6e6,5.922,0.001882,6.420118,1,44,31977,907
20260904T230211Z-0cd42739,170,black,127,v3,Kc6,c7c6,16.699,0.913791,16.285209000000002,,,,
20260904T230211Z-0cd42739,170,black,128,Storm v4,Rd4,d5d4,6.42,0.001674,6.918326,1,45,31975,961
20260904T230211Z-0cd42739,170,black,129,v3,Kc5,c6c5,16.285,0.6615,16.1235,,,,
20260904T230211Z-0cd42739,170,black,130,Storm v4,Rh4,d4h4,6.919,0.001874,7.4171260000000006,4,674,31973,2082
20260904T230211Z-0cd42739,170,black,131,v3,Kc6,c5c6,16.123,1.134857,15.488143,,,,
20260904T230211Z-0cd42739,170,black,132,Storm v4,Rc4+,h4c4,7.417,0.001608,7.915392,1,38,31975,1070
20260904T230211Z-0cd42739,170,black,133,v3,Kb5,c6b5,15.488,0.764482,15.223518,,,,
20260904T230211Z-0cd42739,170,black,134,Storm v4,Rc1,c4c1,7.915,0.0015249999999999999,8.413475,1,51,31977,1124
20260904T230211Z-0cd42739,170,black,135,v3,Kb4,b5b4,15.224,0.6609109999999999,15.063089,,,,
20260904T230211Z-0cd42739,170,black,136,Storm v4,Kd5,e6d5,8.414,0.052404000000000006,8.861595999999999,10,81285,31979,2829
20260904T230211Z-0cd42739,170,black,137,v3,Kb3,b4b3,15.063,0.911423,14.651577,,,,
20260904T230211Z-0cd42739,170,black,138,Storm v4,Rc5,c1c5,8.861,0.001591,9.359409,1,63,31981,1227
20260904T230211Z-0cd42739,170,black,139,v3,Kb4,b3b4,14.651,1.345082,13.805918,,,,
20260904T230211Z-0cd42739,170,black,140,Storm v4,Kd4,d5d4,9.359,0.0014,9.8576,2,127,31983,2308
20260904T230211Z-0cd42739,170,black,141,v3,Kb3,b4b3,13.806,0.6548339999999999,13.651166,,,,
20260904T230211Z-0cd42739,170,black,142,Storm v4,Kd3,d4d3,9.858,0.001467,10.356532999999999,1,37,31985,1336
20260904T230211Z-0cd42739,170,black,143,v3,Kb4,b3b4,13.651,0.690882,13.460118,,,,
20260904T230211Z-0cd42739,170,black,144,Storm v4,Rd5,c5d5,10.357,0.001544,10.855456,1,55,31987,1391
20260904T230211Z-0cd42739,170,black,145,v3,Kb3,b4b3,13.461,0.6837960000000001,13.277204,,,,
20260904T230211Z-0cd42739,170,black,146,Storm v4,Rb5+,d5b5,10.855,0.001426,11.353574,1,30,31989,1445
20260904T230211Z-0cd42739,170,black,147,v3,Ka4,b3a4,13.277,0.574071,13.202929,,,,
20260904T230211Z-0cd42739,170,black,148,Storm v4,Kc4,d3c4,11.354,0.0018939999999999999,11.852106,1,46,31991,1499
20260904T230211Z-0cd42739,170,black,149,v3,Ka3,a4a3,13.203,0.121421,13.581579,,,,
20260904T230211Z-0cd42739,170,black,150,Storm v4,Kc3,c4c3,11.852,0.001502,12.350498,1,40,31993,1554
20260904T230211Z-0cd42739,170,black,151,v3,Ka2,a3a2,13.581,0.002512,14.078488,,,,
20260904T230211Z-0cd42739,170,black,152,Storm v4,Rc5,b5c5,12.35,0.001434,12.848566,1,50,31995,1608
20260904T230211Z-0cd42739,170,black,153,v3,Kb1,a2b1,14.079,0.003306,14.575694,,,,
20260904T230211Z-0cd42739,170,black,154,Storm v4,Ra5,c5a5,12.849,0.001555,13.347445,3,469,31997,2993
20260904T230211Z-0cd42739,170,black,155,v3,Kc1,b1c1,14.575,0.00101,15.07399,,,,
20260904T230211Z-0cd42739,170,black,156,Storm v4,Ra1#,a5a1,13.347,0.001391,13.845609,1,50,31999,1717
20260904T230211Z-0cd42739,171,white,0,v3,fxe6,f7e6,120.0,6.077977,114.422023,,,,
20260904T230211Z-0cd42739,171,white,1,Storm v4,Nf3,g1f3,120.0,3.2610970000000004,117.23890300000001,14,3294940,-46,2799
20260904T230211Z-0cd42739,171,white,2,v3,e5,e6e5,114.421,4.794555,110.126445,,,,
20260904T230211Z-0cd42739,171,white,3,Storm v4,c3,c2c3,117.238,2.8231460000000004,114.914854,14,2489026,-59,3096
20260904T230211Z-0cd42739,171,white,4,v3,Nc6,b8c6,110.127,5.205877,105.421123,,,,
20260904T230211Z-0cd42739,171,white,5,Storm v4,cxd4,c3d4,114.915,2.780214,112.63478599999999,14,2537747,-42,2779
20260904T230211Z-0cd42739,171,white,6,v3,Nxd4,c6d4,105.421,4.001441,101.91955899999999,,,,
20260904T230211Z-0cd42739,171,white,7,Storm v4,Nxd4,f3d4,112.635,2.6411149999999997,110.49388499999999,14,2368192,-33,2749
20260904T230211Z-0cd42739,171,white,8,v3,exd4,e5d4,101.919,2.9423380000000003,99.47666199999999,,,,
20260904T230211Z-0cd42739,171,white,9,Storm v4,Qxd4,d1d4,110.494,2.181259,108.81274099999999,13,1659436,-40,2924
20260904T230211Z-0cd42739,171,white,10,v3,e5,e7e5,99.477,3.809755,96.167245,,,,
20260904T230211Z-0cd42739,171,white,11,Storm v4,Qd3,d4d3,108.812,2.17762,107.13438000000001,13,2115139,-34,2862
20260904T230211Z-0cd42739,171,white,12,v3,Nf6,g8f6,96.167,4.270594,92.396406,,,,
20260904T230211Z-0cd42739,171,white,13,Storm v4,Bg5,c1g5,107.135,6.519463,101.115537,14,5414979,-3,5134
20260904T230211Z-0cd42739,171,white,14,v3,h6,h7h6,92.397,2.59741,90.29959,,,,
20260904T230211Z-0cd42739,171,white,15,Storm v4,Bxf6,g5f6,101.115,2.732812,98.882188,14,2314676,0,2682
20260904T230211Z-0cd42739,171,white,16,v3,Qxf6,d8f6,90.299,2.4820300000000004,88.31697,,,,
20260904T230211Z-0cd42739,171,white,17,Storm v4,Nc3,b1c3,98.882,1.822423,97.559577,14,1585786,1,2751
20260904T230211Z-0cd42739,171,white,18,v3,Qf7,f6f7,88.317,4.469296999999999,84.347703,,,,
20260904T230211Z-0cd42739,171,white,19,Storm v4,Nd5,c3d5,97.56,4.8801369999999995,93.179863,14,3842837,7,4663
20260904T230211Z-0cd42739,171,white,20,v3,Rc8,a8c8,84.348,4.028077000000001,80.81992299999999,,,,
20260904T230211Z-0cd42739,171,white,21,Storm v4,O-O,e1g1,93.18,6.808825,86.87117500000001,14,5140192,48,5369
20260904T230211Z-0cd42739,171,white,22,v3,Rc5,c8c5,80.82,3.226968,78.09303200000001,,,,
20260904T230211Z-0cd42739,171,white,23,Storm v4,Rad1,a1d1,86.871,3.2650520000000003,84.105948,15,2567294,53,2546
20260904T230211Z-0cd42739,171,white,24,v3,Kc8,d7c8,78.093,4.215078,74.37792200000001,,,,
20260904T230211Z-0cd42739,171,white,25,Storm v4,f4,f2f4,84.106,2.806973,81.799027,16,2523837,65,3796
20260904T230211Z-0cd42739,171,white,26,v3,Qe8,f7e8,74.377,2.700657,72.17634299999999,,,,
20260904T230211Z-0cd42739,171,white,27,Storm v4,b4,b2b4,81.799,3.65469,78.64431,15,3259456,47,5106
20260904T230211Z-0cd42739,171,white,28,v3,Rc6,c5c6,72.177,2.341075,70.335925,,,,
20260904T230211Z-0cd42739,171,white,29,Storm v4,Rfe1,f1e1,78.644,3.274057,75.869943,15,2954478,48,2408
20260904T230211Z-0cd42739,171,white,30,v3,Kb8,c8b8,70.336,3.000813,67.835187,,,,
20260904T230211Z-0cd42739,171,white,31,Storm v4,Re2,e1e2,75.87,4.726942,71.64305800000001,14,4145154,33,5900
20260904T230211Z-0cd42739,171,white,32,v3,Be7,f8e7,67.835,1.942982,66.392018,,,,
20260904T230211Z-0cd42739,171,white,33,Storm v4,Rde1,d1e1,71.643,3.036412,69.106588,15,3198234,56,2378
20260904T230211Z-0cd42739,171,white,34,v3,Qd7,e8d7,66.392,3.412617,63.479383,,,,
20260904T230211Z-0cd42739,171,white,35,Storm v4,Nxe7,d5e7,69.106,2.1268290000000003,67.47917100000001,15,2125653,44,2387
20260904T230211Z-0cd42739,171,white,36,v3,Qxe7,d7e7,63.479,1.837251,62.141749000000004,,,,
20260904T230211Z-0cd42739,171,white,37,Storm v4,fxe5,f4e5,67.48,2.561077,65.418923,14,2259836,10,5144
20260904T230211Z-0cd42739,171,white,38,v3,dxe5,d6e5,62.142,3.2468429999999997,59.395157,,,,
20260904T230211Z-0cd42739,171,white,39,Storm v4,Rxe5,e2e5,65.418,2.2649899999999996,63.65301,14,1909830,2,2332
20260904T230211Z-0cd42739,171,white,40,v3,Qxb4,e7b4,59.395,1.997827,57.897173,,,,
20260904T230211Z-0cd42739,171,white,41,Storm v4,Qg3,d3g3,63.653,1.739858,62.413142,13,1410540,3,2257
20260904T230211Z-0cd42739,171,white,42,v3,Rhc8,h8c8,57.897,3.2119250000000004,55.185075,,,,
20260904T230211Z-0cd42739,171,white,43,Storm v4,Qxg7,g3g7,62.413,2.3788679999999998,60.534132,13,2001029,0,2286
20260904T230211Z-0cd42739,171,white,44,v3,Rc1,c6c1,55.185,2.847913,52.837087,,,,
20260904T230211Z-0cd42739,171,white,45,Storm v4,Qg3,g7g3,60.535,8.144102,52.890898,15,6482167,13,2259
20260904T230211Z-0cd42739,171,white,46,v3,Qd4+,b4d4,52.837,2.790011,50.546989,,,,
20260904T230211Z-0cd42739,171,white,47,Storm v4,Kh1,g1h1,52.89,6.058573999999999,47.331426,16,4883694,11,2179
20260904T230211Z-0cd42739,171,white,48,v3,Qd6,d4d6,50.547,2.605487,48.441513,,,,
20260904T230211Z-0cd42739,171,white,49,Storm v4,h3,h2h3,47.332,1.3420999999999998,46.4899,14,1043292,11,1833
20260904T230211Z-0cd42739,171,white,50,v3,Rxe1+,c1e1,48.441,1.681967,47.259033,,,,
20260904T230211Z-0cd42739,171,white,51,Storm v4,Qxe1,g3e1,46.49,3.738939,43.251061,16,3263182,12,2093
20260904T230211Z-0cd42739,171,white,52,v3,Qc7,d6c7,47.259,2.200284,45.558716,,,,
20260904T230211Z-0cd42739,171,white,53,Storm v4,Qe4,e1e4,43.251,2.79141,40.95959,15,2431250,12,2384
20260904T230211Z-0cd42739,171,white,54,v3,Qc4,c7c4,45.559,1.6910820000000002,44.367917999999996,,,,
20260904T230211Z-0cd42739,171,white,55,Storm v4,Qf3,e4f3,40.959,1.2634400000000001,40.19556,15,1044244,12,1896
20260904T230211Z-0cd42739,171,white,56,v3,Qc3,c4c3,44.368,1.543949,43.324051,,,,
20260904T230211Z-0cd42739,171,white,57,Storm v4,Re3,e5e3,40.196,2.8994340000000003,37.796566,14,2385213,4,1994
20260904T230211Z-0cd42739,171,white,58,v3,Qc1+,c3c1,43.324,2.386777,41.437222999999996,,,,
20260904T230211Z-0cd42739,171,white,59,Storm v4,Kh2,h1h2,37.796,2.2259949999999997,36.070004999999995,16,1906572,4,2002
20260904T230211Z-0cd42739,171,white,60,v3,Qc7+,c1c7,41.437,1.541393,40.395607000000005,,,,
20260904T230211Z-0cd42739,171,white,61,Storm v4,g3,g2g3,36.07,7.6371530000000005,28.932847000000002,16,6359780,0,1982
20260904T230211Z-0cd42739,171,white,62,v3,Qc6,c7c6,40.396,2.2504839999999997,38.645516,,,,
20260904T230211Z-0cd42739,171,white,63,Storm v4,Qf4+,f3f4,28.933,1.529622,27.903378,15,1415412,4,1493
20260904T230211Z-0cd42739,171,white,64,v3,Qc7,c6c7,38.645,1.9120789999999999,37.232921000000005,,,,
20260904T230211Z-0cd42739,171,white,65,Storm v4,Qxc7+,f4c7,27.903,1.0604200000000001,27.34258,15,938856,7,1444
20260904T230211Z-0cd42739,171,white,66,v3,Rxc7,c8c7,37.233,1.2148240000000001,36.518176,,,,
20260904T230211Z-0cd42739,171,white,67,Storm v4,Re8+,e3e8,27.343,1.995579,25.847420999999997,17,2512905,-1,2111
20260904T230211Z-0cd42739,171,white,68,v3,Rc8,c7c8,36.518,2.0398,34.978199999999994,,,,
20260904T230211Z-0cd42739,171,white,69,Storm v4,Rxc8+,e8c8,25.847,4.317694,22.029306000000002,19,5242485,-16,2041
20260904T230211Z-0cd42739,171,white,70,v3,Kxc8,b8c8,34.978,0.531454,34.946546000000005,,,,
20260904T230211Z-0cd42739,171,white,71,Storm v4,g4,g3g4,22.029,2.194562,20.334438000000002,20,2933776,-11,1986
20260904T230211Z-0cd42739,171,white,72,v3,b5,b7b5,34.947,1.132418,34.314582,,,,
20260904T230211Z-0cd42739,171,white,73,Storm v4,Kg3,h2g3,20.335,3.513083,17.321917000000003,22,4410171,0,3804
20260904T230211Z-0cd42739,171,white,74,v3,b4,b5b4,34.314,1.44356,33.37044,,,,
20260904T230211Z-0cd42739,171,white,75,Storm v4,Kf4,g3f4,17.322,2.157864,15.664136000000001,21,2828334,45,4595
20260904T230211Z-0cd42739,171,white,76,v3,Kd7,c8d7,33.371,1.121786,32.749214,,,,
20260904T230211Z-0cd42739,171,white,77,Storm v4,Ke4,f4e4,15.664,1.919667,14.244333000000001,21,2430267,61,2886
20260904T230211Z-0cd42739,171,white,78,v3,Ke6,d7e6,32.749,1.840233,31.408767,,,,
20260904T230211Z-0cd42739,171,white,79,Storm v4,Kd4,e4d4,14.244,1.289892,13.454108,19,1708023,88,1331
20260904T230211Z-0cd42739,171,white,80,v3,Kf7,e6f7,31.409,1.063717,30.845283,,,,
20260904T230211Z-0cd42739,171,white,81,Storm v4,Kc4,d4c4,13.454,2.577625,11.376375,20,3486561,142,2211
20260904T230211Z-0cd42739,171,white,82,v3,Kf6,f7f6,30.845,1.56832,29.77668,,,,
20260904T230211Z-0cd42739,171,white,83,Storm v4,h4,h3h4,11.377,1.457674,10.419326000000002,20,2067818,158,2128
20260904T230211Z-0cd42739,171,white,84,v3,Ke6,f6e6,29.777,1.691748,28.585252,,,,
20260904T230211Z-0cd42739,171,white,85,Storm v4,Kxb4,c4b4,10.419,1.291598,9.627402,20,1649298,176,1978
20260904T230211Z-0cd42739,171,white,86,v3,Ke5,e6e5,28.585,1.498114,27.586886,,,,
20260904T230211Z-0cd42739,171,white,87,Storm v4,Ka5,b4a5,9.627,0.8525280000000001,9.274472,19,1349401,235,2013
20260904T230211Z-0cd42739,171,white,88,v3,Kf4,e5f4,27.587,0.997024,27.089976,,,,
20260904T230211Z-0cd42739,171,white,89,Storm v4,g5,g4g5,9.275,2.160038,7.614961999999999,18,3778384,229,1798
20260904T230211Z-0cd42739,171,white,90,v3,hxg5,h6g5,27.09,1.370038,26.219962,,,,
20260904T230211Z-0cd42739,171,white,91,Storm v4,hxg5,h4g5,7.615,3.86666,4.24834,21,4902912,903,1902
20260904T230211Z-0cd42739,171,white,92,v3,Kxg5,f4g5,26.22,1.199771,25.520229,,,,
20260904T230211Z-0cd42739,171,white,93,Storm v4,Ka6,a5a6,4.248,0.5656319999999999,4.182368,22,817732,1004,509
20260904T230211Z-0cd42739,171,white,94,v3,Kh6,g5h6,25.52,1.005898,25.014101999999998,,,,
20260904T230211Z-0cd42739,171,white,95,Storm v4,Kxa7,a6a7,4.182,1.183071,3.498929,23,1828873,1009,504
20260904T230211Z-0cd42739,171,white,96,v3,Kh7,h6h7,25.014,1.292598,24.221402,,,,
20260904T230211Z-0cd42739,171,white,97,Storm v4,a4,a2a4,3.499,1.738035,2.260965,22,2997549,1024,459
20260904T230211Z-0cd42739,171,white,98,v3,Kg6,h7g6,24.221,1.291986,23.429014,,,,
20260904T230211Z-0cd42739,171,white,99,Storm v4,a5,a4a5,2.261,0.445115,2.315885,21,680495,1025,341
20260904T230211Z-0cd42739,171,white,100,v3,Kf6,g6f6,23.429,1.473198,22.455802,,,,
20260904T230211Z-0cd42739,171,white,101,Storm v4,a6,a5a6,2.316,0.8551799999999999,1.9608200000000002,20,1382717,1025,345
20260904T230211Z-0cd42739,171,white,102,v3,Kg7,f6g7,22.456,0.808045,22.147955000000003,,,,
20260904T230211Z-0cd42739,171,white,103,Storm v4,Kb8,a7b8,1.961,1.561771,0.8992290000000001,19,2662400,1035,759
20260904T230211Z-0cd42739,171,white,104,v3,Kf6,g7f6,22.148,1.5210299999999999,21.12697,,,,
20260904T230211Z-0cd42739,171,white,105,Storm v4,a7,a6a7,0.899,0.49915499999999996,0.899845,17,897024,1038,278
20260904T230211Z-0cd42739,171,white,106,v3,Kg5,f6g5,21.127,1.047475,20.579525,,,,
20260904T230211Z-0cd42739,171,white,107,Storm v4,Kc8,b8c8,0.9,0.295284,1.1047159999999998,16,501418,1061,278
20260904T230211Z-0cd42739,171,white,108,v3,Kh4,g5h4,20.579,1.567817,19.511183000000003,,,,
20260904T230211Z-0cd42739,171,white,109,Storm v4,a8=Q,a7a8q,1.104,0.704603,0.899397,14,1172480,1063,278
20260904T230211Z-0cd42739,171,white,110,v3,Kg3,h4g3,19.511,1.042416,18.968584,,,,
20260904T230211Z-0cd42739,171,white,111,Storm v4,Qb8+,a8b8,0.9,0.500572,0.899428,12,807936,1063,499
20260904T230211Z-0cd42739,171,white,112,v3,Kg4,g3g4,18.969,1.265732,18.203268,,,,
20260904T230211Z-0cd42739,171,white,113,Storm v4,Qe5,b8e5,0.899,0.38284199999999996,1.0161580000000001,13,643159,1063,498
20260904T230211Z-0cd42739,171,white,114,v3,Kf3,g4f3,18.203,0.767126,17.935874,,,,
20260904T230211Z-0cd42739,171,white,115,Storm v4,Qd5+,e5d5,1.016,0.615947,0.900053,11,1041408,1065,573
20260904T230211Z-0cd42739,171,white,116,v3,Ke2,f3e2,17.936,0.717646,17.718353999999998,,,,
20260904T230211Z-0cd42739,171,white,117,Storm v4,Qg2+,d5g2,0.9,0.499988,0.9000119999999999,11,899072,1065,498
20260904T230211Z-0cd42739,171,white,118,v3,Kd3,e2d3,17.718,0.736201,17.481799,,,,
20260904T230211Z-0cd42739,171,white,119,Storm v4,Qg3+,g2g3,0.9,0.49339299999999997,0.9066069999999999,12,967703,1065,427
20260904T230211Z-0cd42739,171,white,120,v3,Kd2,d3d2,17.482,0.797655,17.184345,,,,
20260904T230211Z-0cd42739,171,white,121,Storm v4,Qb3,g3b3,0.907,0.497353,0.909647,13,1041297,1090,506
20260904T230211Z-0cd42739,171,white,122,v3,Ke2,d2e2,17.184,0.7886559999999999,16.895344,,,,
20260904T230211Z-0cd42739,171,white,123,Storm v4,Qa2+,b3a2,0.909,0.440899,0.968101,13,755792,31953,508
20260904T230211Z-0cd42739,171,white,124,v3,Kd3,e2d3,16.896,0.670663,16.725337,,,,
20260904T230211Z-0cd42739,171,white,125,Storm v4,Qb2,a2b2,0.968,0.0016359999999999999,1.466364,1,70,31961,425
20260904T230211Z-0cd42739,171,white,126,v3,Ke3,d3e3,16.725,1.261922,15.963078,,,,
20260904T230211Z-0cd42739,171,white,127,Storm v4,Qc2,b2c2,1.467,0.025325,1.941675,8,41997,31955,913
20260904T230211Z-0cd42739,171,white,128,v3,Kf3,e3f3,15.963,0.776481,15.686519,,,,
20260904T230211Z-0cd42739,171,white,129,Storm v4,Qd3+,c2d3,1.941,0.001717,2.439283,1,45,31957,467
20260904T230211Z-0cd42739,171,white,130,v3,Kg2,f3g2,15.686,0.859726,15.326274,,,,
20260904T230211Z-0cd42739,171,white,131,Storm v4,Qe2+,d3e2,2.44,0.004017000000000001,2.9359830000000002,4,3112,31961,866
20260904T230211Z-0cd42739,171,white,132,v3,Kh3,g2h3,15.327,0.862039,14.964960999999999,,,,
20260904T230211Z-0cd42739,171,white,133,Storm v4,Qd2,e2d2,2.936,0.0017809999999999998,3.434219,1,52,31971,563
20260904T230211Z-0cd42739,171,white,134,v3,Kg4,h3g4,14.965,0.717711,14.747289,,,,
20260904T230211Z-0cd42739,171,white,135,Storm v4,Qe3,d2e3,3.434,0.001706,3.9322939999999997,1,63,31985,612
20260904T230211Z-0cd42739,171,white,136,v3,Kf5,g4f5,14.747,0.706923,14.540077,,,,
20260904T230211Z-0cd42739,171,white,137,Storm v4,Kd8,c8d8,3.932,0.001759,4.430241,1,52,31987,660
20260904T230211Z-0cd42739,171,white,138,v3,Kf6,f5f6,14.54,0.58237,14.45763,,,,
20260904T230211Z-0cd42739,171,white,139,Storm v4,Kd7,d8d7,4.43,0.00173,4.92827,1,51,31989,708
20260904T230211Z-0cd42739,171,white,140,v3,Kf5,f6f5,14.458,0.645693,14.312307,,,,
20260904T230211Z-0cd42739,171,white,141,Storm v4,Qd4,e3d4,4.929,0.002254,5.4267460000000005,2,572,31985,1361
20260904T230211Z-0cd42739,171,white,142,v3,Kg6,f5g6,14.312,0.601305,14.210695,,,,
20260904T230211Z-0cd42739,171,white,143,Storm v4,Qf4,d4f4,5.426,0.001929,5.924071,1,110,31991,804
20260904T230211Z-0cd42739,171,white,144,v3,Kg7,g6g7,14.21,0.584627,14.125373,,,,
20260904T230211Z-0cd42739,171,white,145,Storm v4,Qf5,f4f5,5.924,0.002029,6.421970999999999,1,97,31989,852
20260904T230211Z-0cd42739,171,white,146,v3,Kh8,g7h8,14.126,0.5730040000000001,14.052995999999998,,,,
20260904T230211Z-0cd42739,171,white,147,Storm v4,Ke7,d7e7,6.422,0.002735,6.919265,3,1079,31993,1784
20260904T230211Z-0cd42739,171,white,148,v3,Kg7,h8g7,14.053,0.042006,14.510994,,,,
20260904T230211Z-0cd42739,171,white,149,Storm v4,Qg5+,f5g5,6.919,0.001758,7.417242,1,57,31995,949
20260904T230211Z-0cd42739,171,white,150,v3,Kh7,g7h7,14.511,0.003821,15.007179,,,,
20260904T230211Z-0cd42739,171,white,151,Storm v4,Kd8,e7d8,7.418,0.001616,7.916384,1,63,31993,997
20260904T230211Z-0cd42739,171,white,152,v3,Kh8,h7h8,15.007,0.039879,15.467120999999999,,,,
20260904T230211Z-0cd42739,171,white,153,Storm v4,Ke7,d8e7,7.916,0.001589,8.414411,1,55,31995,1045
20260904T230211Z-0cd42739,171,white,154,v3,Kh7,h8h7,15.467,0.000621,15.966379000000002,,,,
20260904T230211Z-0cd42739,171,white,155,Storm v4,Qe5,g5e5,8.414,0.01182,8.90218,1,56,31991,1092
20260904T230211Z-0cd42739,171,white,156,v3,Kg6,h7g6,15.966,0.094691,16.371309,,,,
20260904T230211Z-0cd42739,171,white,157,Storm v4,Qf4,e5f4,8.903,0.018029,9.384971,1,64,31993,1139
20260904T230211Z-0cd42739,171,white,158,v3,Kg7,g6g7,16.372,0.036648,16.835352,,,,
20260904T230211Z-0cd42739,171,white,159,Storm v4,Qg3+,f4g3,9.385,0.017207,9.867792999999999,1,83,31995,1186
20260904T230211Z-0cd42739,171,white,160,v3,Kh7,g7h7,16.835,0.00483,17.33017,,,,
20260904T230211Z-0cd42739,171,white,161,Storm v4,Kf6,e7f6,9.867,0.013982,10.353018,1,71,31997,1233
20260904T230211Z-0cd42739,171,white,162,v3,Kh8,h7h8,17.33,0.001095,17.828905,,,,
20260904T230211Z-0cd42739,171,white,163,Storm v4,Qg7#,g3g7,10.353,0.00749,10.84551,1,62,31999,1281
20260904T230211Z-0cd42739,171,black,0,Storm v4,fxe6,f7e6,120.0,3.8344650000000002,116.665535,15,3669922,40,3137
20260904T230211Z-0cd42739,171,black,1,v3,Nf3,g1f3,120.0,6.3228729999999995,114.17712700000001,,,,
20260904T230211Z-0cd42739,171,black,2,Storm v4,e5,e6e5,116.665,3.100937,114.06406299999999,15,3150900,49,2817
20260904T230211Z-0cd42739,171,black,3,v3,c3,c2c3,114.177,6.2528310000000005,108.42416899999999,,,,
20260904T230211Z-0cd42739,171,black,4,Storm v4,Nc6,b8c6,114.064,3.3353629999999996,111.228637,15,3245913,43,2828
20260904T230211Z-0cd42739,171,black,5,v3,O-O,e1g1,108.424,3.5004969999999997,105.423503,,,,
20260904T230211Z-0cd42739,171,black,6,Storm v4,dxc3,d4c3,111.229,2.961102,108.767898,14,2540517,64,2742
20260904T230211Z-0cd42739,171,black,7,v3,Nxc3,b1c3,105.423,5.031419,100.891581,,,,
20260904T230211Z-0cd42739,171,black,8,Storm v4,Kc8,d7c8,108.767,3.46726,105.79974,15,2938148,67,2710
20260904T230211Z-0cd42739,171,black,9,v3,Ng5,f3g5,100.892,3.201221,98.19077899999999,,,,
20260904T230211Z-0cd42739,171,black,10,Storm v4,Nh6,g8h6,105.8,2.142712,104.157288,14,1718411,68,2631
20260904T230211Z-0cd42739,171,black,11,v3,Ne6,g5e6,98.19,3.518986,95.171014,,,,
20260904T230211Z-0cd42739,171,black,12,Storm v4,Qd7,d8d7,104.157,4.043069,100.613931,16,3313167,56,5539
20260904T230211Z-0cd42739,171,black,13,v3,Qd5,d1d5,95.171,5.158434000000001,90.512566,,,,
20260904T230211Z-0cd42739,171,black,14,Storm v4,Nf5,h6f5,100.614,2.57008,98.54392,16,2318867,88,2585
20260904T230211Z-0cd42739,171,black,15,v3,Nb5,c3b5,90.513,3.9425320000000004,87.07046799999999,,,,
20260904T230211Z-0cd42739,171,black,16,Storm v4,Nd8,c6d8,98.544,2.972292,96.071708,16,2590615,88,2618
20260904T230211Z-0cd42739,171,black,17,v3,Nec7,e6c7,87.07,4.14558,83.42442,,,,
20260904T230211Z-0cd42739,171,black,18,Storm v4,Nd4,f5d4,96.072,2.063616,94.508384,16,1834651,101,2507
20260904T230211Z-0cd42739,171,black,19,v3,Be3,c1e3,83.425,2.790542,81.134458,,,,
20260904T230211Z-0cd42739,171,black,20,Storm v4,e6,e7e6,94.508,1.68124,93.32676,15,1435270,98,2544
20260904T230211Z-0cd42739,171,black,21,v3,Qc4,d5c4,81.134,2.573937,79.060063,,,,
20260904T230211Z-0cd42739,171,black,22,Storm v4,Nxb5,d4b5,93.327,3.312056,90.514944,15,2916271,117,2564
20260904T230211Z-0cd42739,171,black,23,v3,Nxb5+,c7b5,79.06,2.882549,76.677451,,,,
20260904T230211Z-0cd42739,171,black,24,Storm v4,Kb8,c8b8,90.515,3.106212,87.908788,16,2574154,117,2758
20260904T230211Z-0cd42739,171,black,25,v3,Qa4,c4a4,76.677,4.105656,73.071344,,,,
20260904T230211Z-0cd42739,171,black,26,Storm v4,a6,a7a6,87.908,4.0177190000000005,84.390281,16,3421713,104,2705
20260904T230211Z-0cd42739,171,black,27,v3,Nc3,b5c3,73.072,3.062202,70.50979799999999,,,,
20260904T230211Z-0cd42739,171,black,28,Storm v4,Nc6,d8c6,84.391,3.088029,81.802971,16,2703923,104,2453
20260904T230211Z-0cd42739,171,black,29,v3,Qg4,a4g4,70.51,2.757193,68.252807,,,,
20260904T230211Z-0cd42739,171,black,30,Storm v4,d5,d6d5,81.803,1.768174,80.534826,14,1562246,143,2468
20260904T230211Z-0cd42739,171,black,31,v3,Na4,c3a4,68.252,3.405681,65.34631900000001,,,,
20260904T230211Z-0cd42739,171,black,32,Storm v4,d4,d5d4,80.534,2.422539,78.61146099999999,16,2188411,163,2433
20260904T230211Z-0cd42739,171,black,33,v3,Nb6,a4b6,65.347,2.023533,63.823466999999994,,,,
20260904T230211Z-0cd42739,171,black,34,Storm v4,Qd8,d7d8,78.612,3.029031,76.08296899999999,17,2722404,171,2404
20260904T230211Z-0cd42739,171,black,35,v3,Nxa8,b6a8,63.823,3.0930500000000003,61.229949999999995,,,,
20260904T230211Z-0cd42739,171,black,36,Storm v4,dxe3,d4e3,76.083,2.360719,74.22228100000001,17,2291807,174,2514
20260904T230211Z-0cd42739,171,black,37,v3,fxe3,f2e3,61.23,3.2783,58.451699999999995,,,,
20260904T230211Z-0cd42739,171,black,38,Storm v4,Kxa8,b8a8,74.222,2.109939,72.612061,16,1867471,174,2489
20260904T230211Z-0cd42739,171,black,39,v3,Rf7,f1f7,58.452,3.149489,55.802510999999996,,,,
20260904T230211Z-0cd42739,171,black,40,Storm v4,Qd2,d8d2,72.612,1.963222,71.14877800000001,15,1733858,174,2535
20260904T230211Z-0cd42739,171,black,41,v3,Qxe6,g4e6,55.802,1.7741959999999999,54.527804,,,,
20260904T230211Z-0cd42739,171,black,42,Storm v4,Bc5,f8c5,71.149,2.847203,68.80179700000001,15,2221621,175,2541
20260904T230211Z-0cd42739,171,black,43,v3,Rxg7,f7g7,54.528,1.624505,53.403495,,,,
20260904T230211Z-0cd42739,171,black,44,Storm v4,Qxb2,d2b2,68.801,2.7788429999999997,66.522157,15,2204009,187,2486
20260904T230211Z-0cd42739,171,black,45,v3,Rd1,a1d1,53.403,1.579275,52.323724999999996,,,,
20260904T230211Z-0cd42739,171,black,46,Storm v4,Rf8,h8f8,66.523,4.199388,62.823612000000004,15,3201313,222,2521
20260904T230211Z-0cd42739,171,black,47,v3,Rg8,g7g8,52.324,2.617213,50.206787,,,,
20260904T230211Z-0cd42739,171,black,48,Storm v4,Bxe3+,c5e3,62.823,1.786278,61.536722000000005,15,1501076,237,2418
20260904T230211Z-0cd42739,171,black,49,v3,Kh1,g1h1,50.207,2.100323,48.606677000000005,,,,
20260904T230211Z-0cd42739,171,black,50,Storm v4,Rxg8,f8g8,61.537,1.5856869999999998,60.451313,15,1358872,237,2351
20260904T230211Z-0cd42739,171,black,51,v3,Qxg8+,e6g8,48.606,1.9258579999999998,47.180142,,,,
20260904T230211Z-0cd42739,171,black,52,Storm v4,Ka7,a8a7,60.451,1.9037760000000001,59.047224,18,1606240,239,2872
20260904T230211Z-0cd42739,171,black,53,v3,Qb3,g8b3,47.18,2.041095,45.638905,,,,
20260904T230211Z-0cd42739,171,black,54,Storm v4,Qf2,b2f2,59.047,3.111559,56.435441,17,2612892,243,2664
20260904T230211Z-0cd42739,171,black,55,v3,Qb1,b3b1,45.639,2.197624,43.941376000000005,,,,
20260904T230211Z-0cd42739,171,black,56,Storm v4,Bb6,e3b6,56.436,1.997433,54.938567000000006,16,1765912,243,2579
20260904T230211Z-0cd42739,171,black,57,v3,a3,a2a3,43.942,2.596132,41.845868,,,,
20260904T230211Z-0cd42739,171,black,58,Storm v4,h5,h7h5,54.938,1.892042,53.545958,15,1752871,260,2580
20260904T230211Z-0cd42739,171,black,59,v3,Rf1,d1f1,41.845,1.815038,40.529962,,,,
20260904T230211Z-0cd42739,171,black,60,Storm v4,Qe3,f2e3,53.546,2.5357510000000003,51.510248999999995,16,2324360,274,2586
20260904T230211Z-0cd42739,171,black,61,v3,Qd1,b1d1,40.53,2.4984830000000002,38.531517,,,,
20260904T230211Z-0cd42739,171,black,62,Storm v4,Qxa3,e3a3,51.51,4.936864,47.073136,16,4585832,329,2582
20260904T230211Z-0cd42739,171,black,63,v3,Qxh5,d1h5,38.532,2.0001569999999997,37.031843,,,,
20260904T230211Z-0cd42739,171,black,64,Storm v4,e4,e5e4,47.073,2.2749520000000003,45.298048,17,2184275,340,2334
20260904T230211Z-0cd42739,171,black,65,v3,Qe2,h5e2,37.032,2.1742440000000003,35.357756,,,,
20260904T230211Z-0cd42739,171,black,66,Storm v4,e3,e4e3,45.298,2.09799,43.70001,19,2029237,362,2254
20260904T230211Z-0cd42739,171,black,67,v3,Re1,f1e1,35.357,1.3186790000000002,34.538320999999996,,,,
20260904T230211Z-0cd42739,171,black,68,Storm v4,Qb4,a3b4,43.7,2.4595749999999996,41.740425,19,2305717,385,2225
20260904T230211Z-0cd42739,171,black,69,v3,Rc1,e1c1,34.539,1.843839,33.195161,,,,
20260904T230211Z-0cd42739,171,black,70,Storm v4,Qe4,b4e4,41.741,7.669313,34.571687,19,6542211,531,4661
20260904T230211Z-0cd42739,171,black,71,v3,Re1,c1e1,33.195,1.0461449999999999,32.648855,,,,
20260904T230211Z-0cd42739,171,black,72,Storm v4,Ne5,c6e5,34.571,1.661004,33.409996,19,1399401,534,1737
20260904T230211Z-0cd42739,171,black,73,v3,Rd1,e1d1,32.648,1.7175909999999999,31.430409,,,,
20260904T230211Z-0cd42739,171,black,74,Storm v4,Ng6,e5g6,33.41,1.491843,32.418157,19,1476730,609,2041
20260904T230211Z-0cd42739,171,black,75,v3,Rf1,d1f1,31.431,1.156832,30.774168000000003,,,,
20260904T230211Z-0cd42739,171,black,76,Storm v4,Nf4,g6f4,32.419,7.893535,25.025465,19,7752215,1427,3977
20260904T230211Z-0cd42739,171,black,77,v3,Rxf4,f1f4,30.774,1.8150519999999999,29.458948,,,,
20260904T230211Z-0cd42739,171,black,78,Storm v4,Qxf4,e4f4,25.025,6.685767,18.839233,18,7049216,1442,1399
20260904T230211Z-0cd42739,171,black,79,v3,Kg1,h1g1,29.459,1.402839,28.556161,,,,
20260904T230211Z-0cd42739,171,black,80,Storm v4,Qg4,f4g4,18.839,0.7696839999999999,18.569316,15,673450,1461,1137
20260904T230211Z-0cd42739,171,black,81,v3,Kf1,g1f1,28.556,1.910386,27.145614000000002,,,,
20260904T230211Z-0cd42739,171,black,82,Storm v4,Qf5+,g4f5,18.569,5.570999,13.498001,14,3894272,1469,1146
20260904T230211Z-0cd42739,171,black,83,v3,Qf3,e2f3,27.146,1.524154,26.121846,,,,
20260904T230211Z-0cd42739,171,black,84,Storm v4,Qb1+,f5b1,13.498,0.001694,13.996306,1,91,31985,1330
20260904T230211Z-0cd42739,171,black,85,v3,Ke2,f1e2,26.121,1.139305,25.481695,,,,
20260904T230211Z-0cd42739,171,black,86,Storm v4,Qb5+,b1b5,13.997,0.001661,14.495339,1,66,31987,1368
20260904T230211Z-0cd42739,171,black,87,v3,Kd1,e2d1,25.482,1.0814030000000001,24.900597,,,,
20260904T230211Z-0cd42739,171,black,88,Storm v4,Qd3+,b5d3,14.495,0.001598,14.993402,1,55,31989,1405
20260904T230211Z-0cd42739,171,black,89,v3,Kc1,d1c1,24.901,0.8799589999999999,24.521041,,,,
20260904T230211Z-0cd42739,171,black,90,Storm v4,Qd2+,d3d2,14.993,0.001613,15.491387000000001,1,57,31991,1443
20260904T230211Z-0cd42739,171,black,91,v3,Kb1,c1b1,24.521,0.559809,24.461191,,,,
20260904T230211Z-0cd42739,171,black,92,Storm v4,Bd4,b6d4,15.492,0.00156,15.990440000000001,1,74,31993,1480
20260904T230211Z-0cd42739,171,black,93,v3,Qe2,f3e2,24.461,0.01298,24.94802,,,,
20260904T230211Z-0cd42739,171,black,94,Storm v4,Qxe2,d2e2,15.99,0.001443,16.488557,1,48,31995,1518
20260904T230211Z-0cd42739,171,black,95,v3,Kc1,b1c1,24.948,0.001472,25.446527999999997,,,,
20260904T230211Z-0cd42739,171,black,96,Storm v4,Qb2+,e2b2,16.489,0.001693,16.987307,2,174,31997,2247
20260904T230211Z-0cd42739,171,black,97,v3,Kd1,c1d1,25.446,0.001034,25.944966,,,,
20260904T230211Z-0cd42739,171,black,98,Storm v4,Qd2#,b2d2,16.987,0.001416,17.485584,1,53,31999,1843
20260904T230211Z-0cd42739,172,white,0,v3,Qh4+,d8h4,120.0,4.592492,115.907508,,,,
20260904T230211Z-0cd42739,172,white,1,Storm v4,Kd2,e1d2,120.0,0.001165,120.498835,,,,
20260904T230211Z-0cd42739,172,white,2,v3,Bc5,f8c5,115.907,5.891292999999999,110.51570699999999,,,,
20260904T230211Z-0cd42739,172,white,3,Storm v4,Qb3,d1b3,120.498,5.916433,115.08156699999999,14,4269983,-68,3346
20260904T230211Z-0cd42739,172,white,4,v3,Qf2,h4f2,110.516,4.589442,106.426558,,,,
20260904T230211Z-0cd42739,172,white,5,Storm v4,Qxb7,b3b7,115.082,3.422819,112.159181,14,2530075,-81,3038
20260904T230211Z-0cd42739,172,white,6,v3,Qxf4+,f2f4,106.426,4.100433,102.82556699999999,,,,
20260904T230211Z-0cd42739,172,white,7,Storm v4,Kc2,d2c2,112.159,1.956112,110.702888,15,1488892,-69,2915
20260904T230211Z-0cd42739,172,white,8,v3,Qe4+,f4e4,102.826,5.3866890000000005,97.939311,,,,
20260904T230211Z-0cd42739,172,white,9,Storm v4,Kb3,c2b3,110.703,2.102364,109.100636,15,1518109,-69,2823
20260904T230211Z-0cd42739,172,white,10,v3,Qc4+,e4c4,97.939,4.978727,93.460273,,,,
20260904T230211Z-0cd42739,172,white,11,Storm v4,Kc2,b3c2,109.1,0.001029,109.598971,,,,
20260904T230211Z-0cd42739,172,white,12,v3,Qa4+,c4a4,93.46,3.437176,90.522824,,,,
20260904T230211Z-0cd42739,172,white,13,Storm v4,b3,b2b3,109.599,2.447013,107.65198699999999,17,2069499,-63,2853
20260904T230211Z-0cd42739,172,white,14,v3,Qc6,a4c6,90.523,4.222477,86.800523,,,,
20260904T230211Z-0cd42739,172,white,15,Storm v4,Qxc6+,b7c6,107.652,3.715661,104.436339,16,3496150,-50,2711
20260904T230211Z-0cd42739,172,white,16,v3,Nxc6,b8c6,86.8,4.3083350000000005,82.991665,,,,
20260904T230211Z-0cd42739,172,white,17,Storm v4,h3,h2h3,104.436,2.728447,102.207553,16,2732659,-50,3016
20260904T230211Z-0cd42739,172,white,18,v3,Bh5,g4h5,82.992,4.494996,78.997004,,,,
20260904T230211Z-0cd42739,172,white,19,Storm v4,Bf4,c1f4,102.208,4.197006,98.51099400000001,16,3894507,-48,3031
20260904T230211Z-0cd42739,172,white,20,v3,Nge7,g8e7,78.997,3.081525,76.415475,,,,
20260904T230211Z-0cd42739,172,white,21,Storm v4,e3,e2e3,98.511,2.3682939999999997,96.642706,15,2323243,-48,2930
20260904T230211Z-0cd42739,172,white,22,v3,h6,h7h6,76.415,3.0894310000000003,73.825569,,,,
20260904T230211Z-0cd42739,172,white,23,Storm v4,b4,b3b4,96.643,4.1683140000000005,92.974686,15,3909378,-79,3644
20260904T230211Z-0cd42739,172,white,24,v3,Bb6,c5b6,73.826,3.159151,71.166849,,,,
20260904T230211Z-0cd42739,172,white,25,Storm v4,b5,b4b5,92.974,5.494930999999999,87.97906900000001,16,5411977,-103,7169
20260904T230211Z-0cd42739,172,white,26,v3,Nd8,c6d8,71.167,3.5213180000000004,68.145682,,,,
20260904T230211Z-0cd42739,172,white,27,Storm v4,Be2,f1e2,87.979,3.1940169999999997,85.28498300000001,16,3152911,-103,3347
20260904T230211Z-0cd42739,172,white,28,v3,Bxe2,h5e2,68.145,2.632098,66.012902,,,,
20260904T230211Z-0cd42739,172,white,29,Storm v4,Nxe2,g1e2,85.285,2.860576,82.924424,16,2793057,-110,2871
20260904T230211Z-0cd42739,172,white,30,v3,g5,g7g5,66.013,3.5710059999999997,62.941994,,,,
20260904T230211Z-0cd42739,172,white,31,Storm v4,Bh2,f4h2,82.925,2.2197,81.20530000000001,16,2388467,-111,2802
20260904T230211Z-0cd42739,172,white,32,v3,Bxe3,b6e3,62.942,2.810354,60.631646,,,,
20260904T230211Z-0cd42739,172,white,33,Storm v4,Nd2,b1d2,81.205,2.841757,78.863243,15,2886853,-111,3400
20260904T230211Z-0cd42739,172,white,34,v3,Ne6,d8e6,60.632,2.012085,59.119915,,,,
20260904T230211Z-0cd42739,172,white,35,Storm v4,Nf3,d2f3,78.863,3.204886,76.158114,13,3176927,-116,2943
20260904T230211Z-0cd42739,172,white,36,v3,c5,c7c5,59.119,3.0075369999999997,56.611463,,,,
20260904T230211Z-0cd42739,172,white,37,Storm v4,bxc6,b5c6,76.158,3.2048919999999996,73.45310800000001,15,3197371,-98,3326
20260904T230211Z-0cd42739,172,white,38,v3,Nxc6,e7c6,56.612,1.982372,55.129628,,,,
20260904T230211Z-0cd42739,172,white,39,Storm v4,Bg1,h2g1,73.453,3.757402,70.195598,16,3535061,-98,2658
20260904T230211Z-0cd42739,172,white,40,v3,g4,g5g4,55.129,2.251192,53.377807999999995,,,,
20260904T230211Z-0cd42739,172,white,41,Storm v4,hxg4,h3g4,70.196,2.080435,68.615565,15,1985744,-57,2622
20260904T230211Z-0cd42739,172,white,42,v3,fxg4,f5g4,53.378,1.839502,52.038498,,,,
20260904T230211Z-0cd42739,172,white,43,Storm v4,Nh2,f3h2,68.615,3.41119,65.70381,16,2978451,-37,3141
20260904T230211Z-0cd42739,172,white,44,v3,Bxg1,e3g1,52.039,2.77098,49.76802,,,,
20260904T230211Z-0cd42739,172,white,45,Storm v4,Raxg1,a1g1,65.704,2.517448,63.686552000000006,16,2270046,-28,2670
20260904T230211Z-0cd42739,172,white,46,v3,Nxe5,c6e5,49.768,2.575169,47.692831,,,,
20260904T230211Z-0cd42739,172,white,47,Storm v4,Nxg4,h2g4,63.686,3.9235439999999997,60.262456,16,3636784,-22,2665
20260904T230211Z-0cd42739,172,white,48,v3,Nxg4,e5g4,47.692,2.470027,45.721973,,,,
20260904T230211Z-0cd42739,172,white,49,Storm v4,Rxg4,g1g4,60.263,6.924028,53.838972,17,6555213,-8,2692
20260904T230211Z-0cd42739,172,white,50,v3,Rd8,a8d8,45.722,2.6895819999999997,43.532418,,,,
20260904T230211Z-0cd42739,172,white,51,Storm v4,Ra4,g4a4,53.839,3.058718,51.280282,16,3186694,0,3041
20260904T230211Z-0cd42739,172,white,52,v3,Rd7,d8d7,43.533,1.731247,42.301753,,,,
20260904T230211Z-0cd42739,172,white,53,Storm v4,Ra6,a4a6,51.28,4.327175,47.452825,17,4160429,0,2431
20260904T230211Z-0cd42739,172,white,54,v3,Re7,d7e7,42.301,2.24443,40.55657,,,,
20260904T230211Z-0cd42739,172,white,55,Storm v4,Rd6,a6d6,47.453,2.61329,45.33971,15,2398074,-2,2311
20260904T230211Z-0cd42739,172,white,56,v3,Rf8,h8f8,40.557,1.3448019999999998,39.712197999999994,,,,
20260904T230211Z-0cd42739,172,white,57,Storm v4,Rh2,h1h2,45.339,2.12502,43.71398000000001,13,1905460,13,2279
20260904T230211Z-0cd42739,172,white,58,v3,Ng5,e6g5,39.712,2.324657,37.887343,,,,
20260904T230211Z-0cd42739,172,white,59,Storm v4,Nd4,e2d4,43.714,2.801798,41.412202,15,2463784,16,2244
20260904T230211Z-0cd42739,172,white,60,v3,Nf3,g5f3,37.887,1.908824,36.478176,,,,
20260904T230211Z-0cd42739,172,white,61,Storm v4,Nxf3,d4f3,41.413,3.380713,38.532287,15,3058199,11,2239
20260904T230211Z-0cd42739,172,white,62,v3,Rxf3,f8f3,36.479,2.0773560000000004,34.901644,,,,
20260904T230211Z-0cd42739,172,white,63,Storm v4,Rxd5,d6d5,38.532,2.165778,36.866222,14,1900588,15,2218
20260904T230211Z-0cd42739,172,white,64,v3,Re6,e7e6,34.901,2.038249,33.362750999999996,,,,
20260904T230211Z-0cd42739,172,white,65,Storm v4,Ra5,d5a5,36.866,5.003407,32.362593000000004,14,4551051,15,3216
20260904T230211Z-0cd42739,172,white,66,v3,a6,a7a6,33.363,1.430031,32.432969,,,,
20260904T230211Z-0cd42739,172,white,67,Storm v4,Rc5,a5c5,32.363,1.5153830000000001,31.347617,14,1382008,18,1877
20260904T230211Z-0cd42739,172,white,68,v3,Rf1,f3f1,32.433,1.8194780000000002,31.113522,,,,
20260904T230211Z-0cd42739,172,white,69,Storm v4,Rd2,h2d2,31.347,4.150390000000001,27.69661,13,3847076,15,1858
20260904T230211Z-0cd42739,172,white,70,v3,Ra1,f1a1,31.113,1.829594,29.783406,,,,
20260904T230211Z-0cd42739,172,white,71,Storm v4,Kb3,c2b3,27.697,1.789441,26.407559000000003,13,1693334,16,1635
20260904T230211Z-0cd42739,172,white,72,v3,Kf7,e8f7,29.784,1.748655,28.535345,,,,
20260904T230211Z-0cd42739,172,white,73,Storm v4,Rc7+,c5c7,26.407,1.418481,25.488519,11,1264009,24,1922
20260904T230211Z-0cd42739,172,white,74,v3,Kf6,f7f6,28.535,1.7511510000000001,27.283849,,,,
20260904T230211Z-0cd42739,172,white,75,Storm v4,c4,c3c4,25.489,1.411846,24.577154,12,1304583,32,1568
20260904T230211Z-0cd42739,172,white,76,v3,Rb1+,a1b1,27.284,1.698795,26.085205000000002,,,,
20260904T230211Z-0cd42739,172,white,77,Storm v4,Kc3,b3c3,24.577,6.4125820000000004,18.664417999999998,14,5631817,25,2426
20260904T230211Z-0cd42739,172,white,78,v3,a5,a6a5,26.085,0.9574969999999999,25.627503,,,,
20260904T230211Z-0cd42739,172,white,79,Storm v4,c5,c4c5,18.664,0.7631180000000001,18.400882000000003,11,659516,25,1167
20260904T230211Z-0cd42739,172,white,80,v3,a4,a5a4,25.627,1.1728779999999999,24.954121999999998,,,,
20260904T230211Z-0cd42739,172,white,81,Storm v4,Ra7,c7a7,18.401,1.430655,17.470345000000002,11,1298376,25,1175
20260904T230211Z-0cd42739,172,white,82,v3,Rc1+,b1c1,24.954,1.539352,23.914648,,,,
20260904T230211Z-0cd42739,172,white,83,Storm v4,Kb4,c3b4,17.47,0.975439,16.994561,12,936220,39,1194
20260904T230211Z-0cd42739,172,white,84,v3,Re4+,e6e4,23.915,1.500513,22.914487,,,,
20260904T230211Z-0cd42739,172,white,85,Storm v4,Kb5,b4b5,16.995,2.0663069999999997,15.428692999999999,13,1963224,33,1262
20260904T230211Z-0cd42739,172,white,86,v3,Rb1+,c1b1,22.914,1.347731,22.066269000000002,,,,
20260904T230211Z-0cd42739,172,white,87,Storm v4,Ka5,b5a5,15.428,1.422713,14.505287000000001,13,1328460,37,2568
20260904T230211Z-0cd42739,172,white,88,v3,Re5,e4e5,22.067,1.267774,21.299225999999997,,,,
20260904T230211Z-0cd42739,172,white,89,Storm v4,Rd6+,d2d6,14.506,0.8117150000000001,14.194285,12,729193,37,952
20260904T230211Z-0cd42739,172,white,90,v3,Kg5,f6g5,21.299,0.8787010000000001,20.920299,,,,
20260904T230211Z-0cd42739,172,white,91,Storm v4,Rg7+,a7g7,14.194,0.920427,13.773573,13,852729,47,959
20260904T230211Z-0cd42739,172,white,92,v3,Kh5,g5h5,20.92,1.319342,20.100658,,,,
20260904T230211Z-0cd42739,172,white,93,Storm v4,Kxa4,a5a4,13.774,0.6798200000000001,13.59418,13,636783,50,921
20260904T230211Z-0cd42739,172,white,94,v3,Rxc5,e5c5,20.101,1.371,19.23,,,,
20260904T230211Z-0cd42739,172,white,95,Storm v4,Rgg6,g7g6,13.594,0.638163,13.455836999999999,12,565166,50,905
20260904T230211Z-0cd42739,172,white,96,v3,Rc2,c5c2,19.23,1.310537,18.419463,,,,
20260904T230211Z-0cd42739,172,white,97,Storm v4,Rxh6+,g6h6,13.455,1.9460730000000002,12.008927,12,1668357,51,914
20260904T230211Z-0cd42739,172,white,98,v3,Kg5,h5g5,18.419,1.0325170000000001,17.886483000000002,,,,
20260904T230211Z-0cd42739,172,white,99,Storm v4,a3,a2a3,12.009,0.574927,11.934073,11,531276,52,827
20260904T230211Z-0cd42739,172,white,100,v3,Rc3,c2c3,17.887,0.702032,17.684968,,,,
20260904T230211Z-0cd42739,172,white,101,Storm v4,Rc6,d6c6,11.934,1.07446,11.35954,11,918454,53,1006
20260904T230211Z-0cd42739,172,white,102,v3,Rd3,c3d3,17.685,0.681832,17.503168000000002,,,,
20260904T230211Z-0cd42739,172,white,103,Storm v4,Rhd6,h6d6,11.36,1.085528,10.774472,12,987070,53,972
20260904T230211Z-0cd42739,172,white,104,v3,Re3,d3e3,17.503,1.19248,16.81052,,,,
20260904T230211Z-0cd42739,172,white,105,Storm v4,Rb6,c6b6,10.774,1.347524,9.926476000000001,11,1246179,59,2019
20260904T230211Z-0cd42739,172,white,106,v3,Ra1,b1a1,16.81,1.0868389999999999,16.223161,,,,
20260904T230211Z-0cd42739,172,white,107,Storm v4,Rb3,b6b3,9.927,0.771006,9.655994,11,735909,61,718
20260904T230211Z-0cd42739,172,white,108,v3,Re5,e3e5,16.223,1.131652,15.591348,,,,
20260904T230211Z-0cd42739,172,white,109,Storm v4,Kb4,a4b4,9.656,0.6456069999999999,9.510393,10,582220,61,701
20260904T230211Z-0cd42739,172,white,110,v3,Ree1,e5e1,15.592,0.630424,15.461576,,,,
20260904T230211Z-0cd42739,172,white,111,Storm v4,Kb5,b4b5,9.51,1.794374,8.215626,12,1696574,61,693
20260904T230211Z-0cd42739,172,white,112,v3,Ra2,a1a2,15.461,0.752861,15.208139,,,,
20260904T230211Z-0cd42739,172,white,113,Storm v4,Rd4,d6d4,8.216,0.63226,8.08374,9,556931,69,777
20260904T230211Z-0cd42739,172,white,114,v3,Kg6,g5g6,15.208,1.134487,14.573512999999998,,,,
20260904T230211Z-0cd42739,172,white,115,Storm v4,a4,a3a4,8.083,1.0340740000000002,7.548926,10,921969,80,633
20260904T230211Z-0cd42739,172,white,116,v3,Kf5,g6f5,14.574,1.1061269999999999,13.967872999999999,,,,
20260904T230211Z-0cd42739,172,white,117,Storm v4,Kb6,b5b6,7.549,0.46902,7.57998,10,409426,89,600
20260904T230211Z-0cd42739,172,white,118,v3,Re6+,e1e6,13.968,0.6329539999999999,13.835046,,,,
20260904T230211Z-0cd42739,172,white,119,Storm v4,Kb7,b6b7,7.58,0.595739,7.484261,11,553582,89,645
20260904T230211Z-0cd42739,172,white,120,v3,Re7+,e6e7,13.835,0.647966,13.687033999999999,,,,
20260904T230211Z-0cd42739,172,white,121,Storm v4,Ka6,b7a6,7.484,0.7330249999999999,7.250975,12,659622,93,640
20260904T230211Z-0cd42739,172,white,122,v3,Re6+,e7e6,13.687,0.569714,13.617286,,,,
20260904T230211Z-0cd42739,172,white,123,Storm v4,Rb6,b3b6,7.251,0.745952,7.0050479999999995,12,659986,90,634
20260904T230211Z-0cd42739,172,white,124,v3,Re8,e6e8,13.617,0.634546,13.482454,,,,
20260904T230211Z-0cd42739,172,white,125,Storm v4,Rb5+,b6b5,7.005,1.195415,6.309585,11,1028571,90,563
20260904T230211Z-0cd42739,172,white,126,v3,Kf6,f5f6,13.482,0.559847,13.422153,,,,
20260904T230211Z-0cd42739,172,white,127,Storm v4,Rf4+,d4f4,6.31,0.8690739999999999,5.940926,10,732343,90,527
20260904T230211Z-0cd42739,172,white,128,v3,Kg6,f6g6,13.422,0.7888099999999999,13.13319,,,,
20260904T230211Z-0cd42739,172,white,129,Storm v4,Rb7,b5b7,5.941,0.687082,5.753918,10,569356,90,508
20260904T230211Z-0cd42739,172,white,130,v3,Re1,e8e1,13.133,0.941995,12.691004999999999,,,,
20260904T230211Z-0cd42739,172,white,131,Storm v4,Rc4,f4c4,5.754,1.17762,5.07638,11,1029706,113,1194
20260904T230211Z-0cd42739,172,white,132,v3,Rea1,e1a1,12.691,0.546201,12.644798999999999,,,,
20260904T230211Z-0cd42739,172,white,133,Storm v4,Rb6+,b7b6,5.076,0.365999,5.210001,10,376576,133,487
20260904T230211Z-0cd42739,172,white,134,v3,Kf5,g6f5,12.645,0.714445,12.430555,,,,
20260904T230211Z-0cd42739,172,white,135,Storm v4,Rb5+,b6b5,5.21,0.433778,5.276222,12,489957,129,470
20260904T230211Z-0cd42739,172,white,136,v3,Kf6,f5f6,12.431,0.943331,11.987669,,,,
20260904T230211Z-0cd42739,172,white,137,Storm v4,a5,a4a5,5.276,0.9251820000000001,4.850818,12,933761,126,475
20260904T230211Z-0cd42739,172,white,138,v3,Ke7,f6e7,11.987,0.719992,11.767008,,,,
20260904T230211Z-0cd42739,172,white,139,Storm v4,Rc6,c4c6,4.851,0.831393,4.519607,12,819723,142,691
20260904T230211Z-0cd42739,172,white,140,v3,Kd7,e7d7,11.767,0.9641219999999999,11.302878,,,,
20260904T230211Z-0cd42739,172,white,141,Storm v4,Rh6,c6h6,4.52,0.427422,4.592578,13,453465,167,460
20260904T230211Z-0cd42739,172,white,142,v3,Kc8,d7c8,11.303,0.846552,10.956448,,,,
20260904T230211Z-0cd42739,172,white,143,Storm v4,Rc5+,b5c5,4.592,0.596037,4.495963,13,678143,181,439
20260904T230211Z-0cd42739,172,white,144,v3,Kd7,c8d7,10.957,0.559104,10.897896000000001,,,,
20260904T230211Z-0cd42739,172,white,145,Storm v4,Kb7,a6b7,4.496,0.359057,4.6369430000000005,13,380709,181,433
20260904T230211Z-0cd42739,172,white,146,v3,Rb2+,a2b2,10.897,0.633552,10.763448,,,,
20260904T230211Z-0cd42739,172,white,147,Storm v4,Rb6,h6b6,4.637,0.42566000000000004,4.71134,15,455543,203,501
20260904T230211Z-0cd42739,172,white,148,v3,Rab1,a1b1,10.764,1.0462159999999998,10.217784,,,,
20260904T230211Z-0cd42739,172,white,149,Storm v4,Rc7+,c5c7,4.711,0.6620199999999999,4.548979999999999,16,736702,240,450
20260904T230211Z-0cd42739,172,white,150,v3,Kd8,d7d8,10.218,0.667259,10.050741,,,,
20260904T230211Z-0cd42739,172,white,151,Storm v4,Rc6,c7c6,4.549,0.387564,4.661436,17,448846,255,449
20260904T230211Z-0cd42739,172,white,152,v3,Rxb6+,b2b6,10.05,0.652258,9.897742000000001,,,,
20260904T230211Z-0cd42739,172,white,153,Storm v4,Rxb6,c6b6,4.662,0.402274,4.759726,19,481139,279,519
20260904T230211Z-0cd42739,172,white,154,v3,Rc1,b1c1,9.898,0.663551,9.734449,,,,
20260904T230211Z-0cd42739,172,white,155,Storm v4,Rd6+,b6d6,4.759,1.122006,4.136994,18,1184292,279,485
20260904T230211Z-0cd42739,172,white,156,v3,Ke7,d8e7,9.734,0.6781280000000001,9.555871999999999,,,,
20260904T230211Z-0cd42739,172,white,157,Storm v4,Rh6,d6h6,4.137,1.7615999999999998,2.8754,18,1825381,450,1088
20260904T230211Z-0cd42739,172,white,158,v3,Rb1+,c1b1,9.556,0.658787,9.397212999999999,,,,
20260904T230211Z-0cd42739,172,white,159,Storm v4,Kc7,b7c7,2.876,1.960785,1.415215,17,2273280,450,395
20260904T230211Z-0cd42739,172,white,160,v3,Rc1+,b1c1,9.397,0.8396359999999999,9.057364,,,,
20260904T230211Z-0cd42739,172,white,161,Storm v4,Rc6,h6c6,1.415,0.380012,1.534988,20,404246,534,303
20260904T230211Z-0cd42739,172,white,162,v3,Rf1,c1f1,9.058,0.465426,9.092574,,,,
20260904T230211Z-0cd42739,172,white,163,Storm v4,a6,a5a6,1.535,0.869316,1.165684,21,952080,534,280
20260904T230211Z-0cd42739,172,white,164,v3,Ra1,f1a1,9.092,0.620269,8.971731,,,,
20260904T230211Z-0cd42739,172,white,165,Storm v4,Rb6,c6b6,1.165,0.7658429999999999,0.899157,19,901120,534,278
20260904T230211Z-0cd42739,172,white,166,v3,Rc1+,a1c1,8.972,0.620105,8.851895,,,,
20260904T230211Z-0cd42739,172,white,167,Storm v4,Kb7,c7b7,0.899,0.25554,1.1434600000000001,20,322902,533,301
20260904T230211Z-0cd42739,172,white,168,v3,Kd7,e7d7,8.852,0.564909,8.787091,,,,
20260904T230211Z-0cd42739,172,white,169,Storm v4,a7,a6a7,1.144,0.54227,1.10173,19,614535,533,278
20260904T230211Z-0cd42739,172,white,170,v3,Rc7+,c1c7,8.787,0.5661499999999999,8.72085,,,,
20260904T230211Z-0cd42739,172,white,171,Storm v4,Ka6,b7a6,1.102,0.702962,0.899038,18,825344,533,301
20260904T230211Z-0cd42739,172,white,172,v3,Rc8,c7c8,8.721,1.159565,8.061435,,,,
20260904T230211Z-0cd42739,172,white,173,Storm v4,Rb8,b6b8,0.899,0.499299,0.899701,17,673792,537,278
20260904T230211Z-0cd42739,172,white,174,v3,Rc1,c8c1,8.061,0.669654,7.8913459999999995,,,,
20260904T230211Z-0cd42739,172,white,175,Storm v4,a8=Q,a7a8q,0.899,0.500276,0.898724,15,618496,537,278
20260904T230211Z-0cd42739,172,white,176,v3,Ra1+,c1a1,7.891,0.7438020000000001,7.647198,,,,
20260904T230211Z-0cd42739,172,white,177,Storm v4,Kb6,a6b6,0.899,0.28257499999999997,1.116425,17,372547,555,310
20260904T230211Z-0cd42739,172,white,178,v3,Rxa8,a1a8,7.647,0.469854,7.677146,,,,
20260904T230211Z-0cd42739,172,white,179,Storm v4,Rxa8,b8a8,1.116,0.370514,1.2454859999999999,18,541715,592,280
20260904T230211Z-0cd42739,172,white,180,v3,Ke6,d7e6,7.678,0.484889,7.693111,,,,
20260904T230211Z-0cd42739,172,white,181,Storm v4,Ra5,a8a5,1.246,0.242541,1.503459,16,384985,592,278
20260904T230211Z-0cd42739,172,white,182,v3,Kd6,e6d6,7.693,0.5027389999999999,7.6902610000000005,,,,
20260904T230211Z-0cd42739,172,white,183,Storm v4,Kb7,b6b7,1.503,0.268354,1.734646,16,371261,592,278
20260904T230211Z-0cd42739,172,white,184,v3,Kd7,d6d7,7.69,0.709488,7.480512,,,,
20260904T230211Z-0cd42739,172,white,185,Storm v4,Ra6,a5a6,1.735,0.235966,1.9990340000000002,16,318689,31981,720
20260904T230211Z-0cd42739,172,white,186,v3,Kd8,d7d8,7.48,0.596801,7.383198999999999,,,,
20260904T230211Z-0cd42739,172,white,187,Storm v4,Rd6+,a6d6,1.999,0.07135999999999999,2.4276400000000002,13,107033,31981,1030
20260904T230211Z-0cd42739,172,white,188,v3,Ke8,d8e8,7.383,0.617396,7.265604000000001,,,,
20260904T230211Z-0cd42739,172,white,189,Storm v4,Kc7,b7c7,2.427,0.0017439999999999999,2.925256,1,46,31983,526
20260904T230211Z-0cd42739,172,white,190,v3,Ke7,e8e7,7.266,0.573463,7.192537000000001,,,,
20260904T230211Z-0cd42739,172,white,191,Storm v4,Kc6,c7c6,2.926,0.005695,3.420305,9,6547,31983,1247
20260904T230211Z-0cd42739,172,white,192,v3,Ke8,e7e8,7.193,0.510529,7.182471,,,,
20260904T230211Z-0cd42739,172,white,193,Storm v4,Rd7,d6d7,3.42,0.001675,3.918325,3,251,31987,792
20260904T230211Z-0cd42739,172,white,194,v3,Kf8,e8f8,7.182,0.44887900000000003,7.233121,,,,
20260904T230211Z-0cd42739,172,white,195,Storm v4,Kd6,c6d6,3.918,0.0015760000000000001,4.416424,1,48,31989,688
20260904T230211Z-0cd42739,172,white,196,v3,Kg8,f8g8,7.233,0.40531,7.32769,,,,
20260904T230211Z-0cd42739,172,white,197,Storm v4,Ra7,d7a7,4.417,0.001413,4.915587,1,40,31991,743
20260904T230211Z-0cd42739,172,white,198,v3,Kf8,g8f8,7.328,0.398579,7.4294210000000005,,,,
20260904T230211Z-0cd42739,172,white,199,Storm v4,Kc6,d6c6,4.915,0.001648,5.413352,1,44,31989,797
20260904T230211Z-0cd42739,172,white,200,v3,Ke8,f8e8,7.429,0.471009,7.457991,,,,
20260904T230211Z-0cd42739,172,white,201,Storm v4,Rb7,a7b7,5.413,0.010018,5.902982,9,11375,31979,1746
20260904T230211Z-0cd42739,172,white,202,v3,Kf8,e8f8,7.458,0.43706,7.5209399999999995,,,,
20260904T230211Z-0cd42739,172,white,203,Storm v4,Rd7,b7d7,5.903,0.001973,6.401027,1,48,31985,905
20260904T230211Z-0cd42739,172,white,204,v3,Kg8,f8g8,7.521,0.41476100000000005,7.6062389999999995,,,,
20260904T230211Z-0cd42739,172,white,205,Storm v4,Kc7,c6c7,6.401,0.002075,6.898925,3,203,31983,1726
20260904T230211Z-0cd42739,172,white,206,v3,Kf8,g8f8,7.606,0.434836,7.671164,,,,
20260904T230211Z-0cd42739,172,white,207,Storm v4,Kd8,c7d8,6.899,0.010253,7.388747,7,12471,31989,2362
20260904T230211Z-0cd42739,172,white,208,v3,Kg8,f8g8,7.671,0.13833099999999998,8.032669,,,,
20260904T230211Z-0cd42739,172,white,209,Storm v4,Ke7,d8e7,7.389,0.001398,7.887602,1,33,31991,1067
20260904T230211Z-0cd42739,172,white,210,v3,Kg7,g8g7,8.033,0.399473,8.133527,,,,
20260904T230211Z-0cd42739,172,white,211,Storm v4,Rd6,d7d6,7.888,0.0017130000000000001,8.386287,3,340,31993,1402
20260904T230211Z-0cd42739,172,white,212,v3,Kh8,g7h8,8.133,0.028939,8.604061,,,,
20260904T230211Z-0cd42739,172,white,213,Storm v4,Ke6,e7e6,8.386,0.001653,8.884347,2,111,31991,2116
20260904T230211Z-0cd42739,172,white,214,v3,Kg7,h8g7,8.604,0.47968,8.624319999999999,,,,
20260904T230211Z-0cd42739,172,white,215,Storm v4,Kf5,e6f5,8.884,0.009229,9.374771,7,11681,31987,2743
20260904T230211Z-0cd42739,172,white,216,v3,Kf7,g7f7,8.625,0.470265,8.654735,,,,
20260904T230211Z-0cd42739,172,white,217,Storm v4,Rd7+,d6d7,9.375,0.00235,9.87265,4,1124,31989,1925
20260904T230211Z-0cd42739,172,white,218,v3,Ke8,f7e8,8.654,0.510451,8.643548999999998,,,,
20260904T230211Z-0cd42739,172,white,219,Storm v4,Ke6,f5e6,9.872,0.0016899999999999999,10.37031,1,49,31991,1338
20260904T230211Z-0cd42739,172,white,220,v3,Kf8,e8f8,8.644,0.206623,8.937377,,,,
20260904T230211Z-0cd42739,172,white,221,Storm v4,Ra7,d7a7,10.371,0.0015129999999999998,10.869487,1,42,31993,1392
20260904T230211Z-0cd42739,172,white,222,v3,Kg8,f8g8,8.937,0.00279,9.434209999999998,,,,
20260904T230211Z-0cd42739,172,white,223,Storm v4,Kf6,e6f6,10.869,0.00139,11.36761,1,44,31995,1446
20260904T230211Z-0cd42739,172,white,224,v3,Kh8,g8h8,9.434,0.000888,9.933112,,,,
20260904T230211Z-0cd42739,172,white,225,Storm v4,Kg6,f6g6,11.368,0.0016,11.8664,1,46,31997,1501
20260904T230211Z-0cd42739,172,white,226,v3,Kg8,h8g8,9.934,0.000846,10.433154,,,,
20260904T230211Z-0cd42739,172,white,227,Storm v4,Ra8#,a7a8,11.866,0.001261,12.364739,1,34,31999,1555
20260904T230211Z-0cd42739,172,black,0,Storm v4,Qh4+,d8h4,120.0,5.104201,115.395799,14,4014050,83,4602
20260904T230211Z-0cd42739,172,black,1,v3,Kd2,e1d2,120.0,3.6023110000000003,116.897689,,,,
20260904T230211Z-0cd42739,172,black,2,Storm v4,Bc5,f8c5,115.395,2.169243,113.725757,14,1759273,83,2638
20260904T230211Z-0cd42739,172,black,3,v3,Kc2,d2c2,116.897,5.818302,111.578698,,,,
20260904T230211Z-0cd42739,172,black,4,Storm v4,Ne7,g8e7,113.726,4.59091,109.63508999999999,15,3749096,60,2628
20260904T230211Z-0cd42739,172,black,5,v3,Nf3,g1f3,111.579,4.737051999999999,107.341948,,,,
20260904T230211Z-0cd42739,172,black,6,Storm v4,Bxf3,g4f3,109.635,2.4191619999999996,107.715838,14,1866144,60,2579
20260904T230211Z-0cd42739,172,black,7,v3,exf3,e2f3,107.342,5.138568,102.703432,,,,
20260904T230211Z-0cd42739,172,black,8,Storm v4,a5,a7a5,107.716,2.321046,105.894954,13,1935774,60,2640
20260904T230211Z-0cd42739,172,black,9,v3,Bg2,f1g2,102.703,4.989935999999999,98.213064,,,,
20260904T230211Z-0cd42739,172,black,10,Storm v4,Nbc6,b8c6,105.895,4.057582,102.337418,14,3491825,79,4014
20260904T230211Z-0cd42739,172,black,11,v3,Qe1,d1e1,98.213,3.3251619999999997,95.387838,,,,
20260904T230211Z-0cd42739,172,black,12,Storm v4,Bf2,c5f2,102.337,3.0699,99.7671,15,2572573,107,2650
20260904T230211Z-0cd42739,172,black,13,v3,Qe2,e1e2,95.388,3.320052,92.567948,,,,
20260904T230211Z-0cd42739,172,black,14,Storm v4,O-O-O,e8c8,99.767,1.8534110000000001,98.413589,14,1490446,98,2683
20260904T230211Z-0cd42739,172,black,15,v3,Rf1,h1f1,92.568,4.242972,88.825028,,,,
20260904T230211Z-0cd42739,172,black,16,Storm v4,Bb6,f2b6,98.414,2.527729,96.386271,14,2110221,153,2535
20260904T230211Z-0cd42739,172,black,17,v3,h3,h2h3,88.825,3.0273470000000002,86.29765300000001,,,,
20260904T230211Z-0cd42739,172,black,18,Storm v4,Qg3,h4g3,96.386,2.027894,94.858106,15,1771807,160,2521
20260904T230211Z-0cd42739,172,black,19,v3,Rd1,f1d1,86.297,4.138514,82.65848600000001,,,,
20260904T230211Z-0cd42739,172,black,20,Storm v4,Ng6,e7g6,94.858,3.046005,92.311995,15,2657992,209,2530
20260904T230211Z-0cd42739,172,black,21,v3,Bf1,g2f1,82.659,4.145066,79.01393399999999,,,,
20260904T230211Z-0cd42739,172,black,22,Storm v4,Nxf4,g6f4,92.312,4.233270999999999,88.57872900000001,17,3664834,237,2471
20260904T230211Z-0cd42739,172,black,23,v3,Qe1,e2e1,79.014,3.804405,75.70959500000001,,,,
20260904T230211Z-0cd42739,172,black,24,Storm v4,Qxf3,g3f3,88.579,2.6085949999999998,86.470405,17,2210474,228,2543
20260904T230211Z-0cd42739,172,black,25,v3,Nd2,b1d2,75.709,4.038271,72.17072900000001,,,,
20260904T230211Z-0cd42739,172,black,26,Storm v4,Qh5,f3h5,86.47,1.980778,84.989222,16,1631944,216,2560
20260904T230211Z-0cd42739,172,black,27,v3,Nc4,d2c4,72.171,3.85848,68.81252,,,,
20260904T230211Z-0cd42739,172,black,28,Storm v4,dxc4,d5c4,84.989,2.695976,82.793024,15,2001365,206,2520
20260904T230211Z-0cd42739,172,black,29,v3,Bxf4,c1f4,68.812,3.720299,65.591701,,,,
20260904T230211Z-0cd42739,172,black,30,Storm v4,Qf3,h5f3,82.793,3.151447,80.141553,14,2260172,206,2440
20260904T230211Z-0cd42739,172,black,31,v3,Bh2,f4h2,65.592,2.831827,63.260173,,,,
20260904T230211Z-0cd42739,172,black,32,Storm v4,Be3,b6e3,80.142,2.359886,78.282114,12,1721340,206,2398
20260904T230211Z-0cd42739,172,black,33,v3,Bxc4,f1c4,63.26,1.903467,61.856533000000006,,,,
20260904T230211Z-0cd42739,172,black,34,Storm v4,f4,f5f4,78.282,4.574604,74.20739599999999,12,3163237,277,4326
20260904T230211Z-0cd42739,172,black,35,v3,Qh1,e1h1,61.857,3.0251170000000003,59.331883000000005,,,,
20260904T230211Z-0cd42739,172,black,36,Storm v4,Qf2+,f3f2,74.207,4.308267,70.39873300000001,13,2952340,494,4476
20260904T230211Z-0cd42739,172,black,37,v3,Kb3,c2b3,59.331,1.918924,57.912076,,,,
20260904T230211Z-0cd42739,172,black,38,Storm v4,a4+,a5a4,70.399,5.59169,65.30731,13,3601428,602,5066
20260904T230211Z-0cd42739,172,black,39,v3,Ka3,b3a3,57.912,3.031174,55.380826,,,,
20260904T230211Z-0cd42739,172,black,40,Storm v4,Bc5+,e3c5,65.307,5.333879,60.473121,14,3332474,938,4798
20260904T230211Z-0cd42739,172,black,41,v3,b4,b2b4,55.381,1.96536,53.915639999999996,,,,
20260904T230211Z-0cd42739,172,black,42,Storm v4,axb3+,a4b3,60.473,4.256643,56.716357,14,2753368,907,4369
20260904T230211Z-0cd42739,172,black,43,v3,Ka4,a3a4,53.916,3.11857,51.29743,,,,
20260904T230211Z-0cd42739,172,black,44,Storm v4,b2,b3b2,56.716,7.85472,49.36128,13,5090121,1014,4461
20260904T230211Z-0cd42739,172,black,45,v3,Rxd8+,d1d8,51.297,1.801424,49.995576,,,,
20260904T230211Z-0cd42739,172,black,46,Storm v4,Rxd8,h8d8,49.361,1.8411389999999999,48.019861,13,1178850,1076,2010
20260904T230211Z-0cd42739,172,black,47,v3,Rd1,a1d1,49.996,1.49071,49.00529,,,,
20260904T230211Z-0cd42739,172,black,48,Storm v4,Qc2+,f2c2,48.02,9.045645,39.474354999999996,12,4102415,31985,4246
20260904T230211Z-0cd42739,172,black,49,v3,Bb3,c4b3,49.005,2.376259,47.128741000000005,,,,
20260904T230211Z-0cd42739,172,black,50,Storm v4,Qxc3,c2c3,39.475,0.526583,39.448417,9,255050,31987,4968
20260904T230211Z-0cd42739,172,black,51,v3,Rxd8+,d1d8,47.129,2.648946,44.980054,,,,
20260904T230211Z-0cd42739,172,black,52,Storm v4,Nxd8,c6d8,39.448,0.001529,39.946470999999995,1,24,31989,2800
20260904T230211Z-0cd42739,172,black,53,v3,Qe4,h1e4,44.98,2.412022,43.067978000000004,,,,
20260904T230211Z-0cd42739,172,black,54,Storm v4,b1=Q,b2b1q,39.946,0.008369,40.437631,4,3984,31991,4750
20260904T230211Z-0cd42739,172,black,55,v3,Qxf4,e4f4,43.068,1.792951,41.775048999999996,,,,
20260904T230211Z-0cd42739,172,black,56,Storm v4,Qcxb3+,c3b3,40.438,0.002713,40.935286999999995,1,136,31993,2588
20260904T230211Z-0cd42739,172,black,57,v3,axb3,a2b3,41.775,0.10082899999999999,42.174171,,,,
20260904T230211Z-0cd42739,172,black,58,Storm v4,Qa2+,b1a2,40.935,0.0019890000000000003,41.433011,1,94,31995,3098
20260904T230211Z-0cd42739,172,black,59,v3,Kb5,a4b5,42.174,0.001296,42.672703999999996,,,,
20260904T230211Z-0cd42739,172,black,60,Storm v4,Qxb3+,a2b3,41.433,0.0020800000000000003,41.93092,1,99,31997,3194
20260904T230211Z-0cd42739,172,black,61,v3,Kxc5,b5c5,42.672,0.001608,43.170392,,,,
20260904T230211Z-0cd42739,172,black,62,Storm v4,Ne6#,d8e6,41.931,0.00186,42.42914,1,118,31999,3347
20260904T230211Z-0cd42739,173,white,0,v3,Nf6,g8f6,120.0,6.105569,114.394431,,,,
20260904T230211Z-0cd42739,173,white,1,Storm v4,Ng3,e2g3,120.0,2.937038,117.562962,13,2662033,12,3302
20260904T230211Z-0cd42739,173,white,2,v3,O-O,e8g8,114.394,5.6298010000000005,109.26419899999999,,,,
20260904T230211Z-0cd42739,173,white,3,Storm v4,Be2,f1e2,117.562,2.797185,115.264815,13,2677745,14,2743
20260904T230211Z-0cd42739,173,white,4,v3,exd5,e6d5,109.264,5.342372,104.421628,,,,
20260904T230211Z-0cd42739,173,white,5,Storm v4,Nb3,d2b3,115.265,3.717513,112.04748699999999,15,3704854,26,4055
20260904T230211Z-0cd42739,173,white,6,v3,c6,c7c6,104.422,2.859827,102.062173,,,,
20260904T230211Z-0cd42739,173,white,7,Storm v4,Nxc5,b3c5,112.048,2.682238,109.865762,15,2827553,14,2879
20260904T230211Z-0cd42739,173,white,8,v3,Qa5+,d8a5,102.062,3.343488,99.218512,,,,
20260904T230211Z-0cd42739,173,white,9,Storm v4,c3,c2c3,109.865,2.594443,107.770557,17,2523063,21,2903
20260904T230211Z-0cd42739,173,white,10,v3,Qxc5,a5c5,99.218,4.234442,95.483558,,,,
20260904T230211Z-0cd42739,173,white,11,Storm v4,e5,e4e5,107.771,3.017362,105.25363800000001,17,3078291,21,2668
20260904T230211Z-0cd42739,173,white,12,v3,Ne4,f6e4,95.484,4.572378,91.41162200000001,,,,
20260904T230211Z-0cd42739,173,white,13,Storm v4,O-O,e1g1,105.253,1.8683219999999998,103.884678,16,1865488,17,2705
20260904T230211Z-0cd42739,173,white,14,v3,Nxg3,e4g3,91.411,4.556253,87.354747,,,,
20260904T230211Z-0cd42739,173,white,15,Storm v4,hxg3,h2g3,103.885,2.78186,101.60314,17,2771767,34,2768
20260904T230211Z-0cd42739,173,white,16,v3,Qe7,c5e7,87.355,4.76878,83.08622,,,,
20260904T230211Z-0cd42739,173,white,17,Storm v4,Bf4,c1f4,101.603,2.108757,99.994243,16,2283649,27,2829
20260904T230211Z-0cd42739,173,white,18,v3,Na6,b8a6,83.086,2.703541,80.882459,,,,
20260904T230211Z-0cd42739,173,white,19,Storm v4,Bd3,e2d3,99.994,1.992385,98.501615,14,1982376,40,2776
20260904T230211Z-0cd42739,173,white,20,v3,Nc5,a6c5,80.882,2.614606,78.767394,,,,
20260904T230211Z-0cd42739,173,white,21,Storm v4,Bc2,d3c2,98.502,2.372804,96.629196,16,2240745,31,2695
20260904T230211Z-0cd42739,173,white,22,v3,Ne6,c5e6,78.768,4.026706,75.241294,,,,
20260904T230211Z-0cd42739,173,white,23,Storm v4,Be3,f4e3,96.629,2.182502,94.946498,15,2087478,21,2762
20260904T230211Z-0cd42739,173,white,24,v3,Re8,f8e8,75.241,3.181529,72.559471,,,,
20260904T230211Z-0cd42739,173,white,25,Storm v4,Qh5,d1h5,94.946,2.387857,93.058143,14,2247676,33,2680
20260904T230211Z-0cd42739,173,white,26,v3,h6,h7h6,72.559,4.0482130000000005,69.010787,,,,
20260904T230211Z-0cd42739,173,white,27,Storm v4,Rad1,a1d1,93.059,2.582876,90.976124,14,2405559,23,2815
20260904T230211Z-0cd42739,173,white,28,v3,b6,b7b6,69.011,2.785058,66.72594199999999,,,,
20260904T230211Z-0cd42739,173,white,29,Storm v4,Rfe1,f1e1,90.976,2.556096,88.91990399999999,12,2213053,25,2675
20260904T230211Z-0cd42739,173,white,30,v3,Bb7,c8b7,66.726,2.8166979999999997,64.409302,,,,
20260904T230211Z-0cd42739,173,white,31,Storm v4,Qg4,h5g4,88.919,2.061438,87.357562,13,1881623,24,2668
20260904T230211Z-0cd42739,173,white,32,v3,d6,d7d6,64.409,2.923242,61.985758000000004,,,,
20260904T230211Z-0cd42739,173,white,33,Storm v4,exd6,e5d6,87.358,2.31837,85.53963,15,1978192,100,2599
20260904T230211Z-0cd42739,173,white,34,v3,Qxd6,e7d6,61.986,3.1462719999999997,59.339728,,,,
20260904T230211Z-0cd42739,173,white,35,Storm v4,Bxh6,e3h6,85.54,6.213126,79.82687399999999,16,5012907,92,5718
20260904T230211Z-0cd42739,173,white,36,v3,Re7,e8e7,59.34,2.9804079999999997,56.859592,,,,
20260904T230211Z-0cd42739,173,white,37,Storm v4,Qf5,g4f5,79.826,3.069694,77.256306,13,2356441,92,2987
20260904T230211Z-0cd42739,173,white,38,v3,Nf8,e6f8,56.859,2.2777950000000002,55.081205000000004,,,,
20260904T230211Z-0cd42739,173,white,39,Storm v4,Bf4,h6f4,77.257,2.476775,75.280225,16,2085869,92,2604
20260904T230211Z-0cd42739,173,white,40,v3,Qd8,d6d8,55.081,2.214092,53.366908,,,,
20260904T230211Z-0cd42739,173,white,41,Storm v4,Qg4,f5g4,75.28,4.032933,71.747067,14,3380663,95,2997
20260904T230211Z-0cd42739,173,white,42,v3,Qe8,d8e8,53.367,2.666022,51.200978000000006,,,,
20260904T230211Z-0cd42739,173,white,43,Storm v4,Bd2,f4d2,71.747,2.170291,70.07670900000001,15,1850859,94,2311
20260904T230211Z-0cd42739,173,white,44,v3,Bc8,b7c8,51.201,2.178859,49.522141000000005,,,,
20260904T230211Z-0cd42739,173,white,45,Storm v4,Qh5,g4h5,70.076,3.60284,66.97316000000001,15,3202319,91,3539
20260904T230211Z-0cd42739,173,white,46,v3,Rxe1+,e7e1,49.522,2.476439,47.545561,,,,
20260904T230211Z-0cd42739,173,white,47,Storm v4,Rxe1,d1e1,66.974,2.787126,64.686874,16,2492974,88,2533
20260904T230211Z-0cd42739,173,white,48,v3,Be6,c8e6,47.546,1.791725,46.254275,,,,
20260904T230211Z-0cd42739,173,white,49,Storm v4,f4,f2f4,64.686,3.8120079999999996,61.373992,15,3672418,84,3083
20260904T230211Z-0cd42739,173,white,50,v3,f5,f7f5,46.254,2.210474,44.543526,,,,
20260904T230211Z-0cd42739,173,white,51,Storm v4,Qxe8,h5e8,61.374,2.0929949999999997,59.781005,17,2289483,124,2345
20260904T230211Z-0cd42739,173,white,52,v3,Rxe8,a8e8,44.544,2.0612109999999997,42.982789,,,,
20260904T230211Z-0cd42739,173,white,53,Storm v4,Bxf5,c2f5,59.781,2.059733,58.221267,18,2399097,126,3047
20260904T230211Z-0cd42739,173,white,54,v3,Kf7,g8f7,42.982,1.374982,42.107018,,,,
20260904T230211Z-0cd42739,173,white,55,Storm v4,Bc2,f5c2,58.221,3.6385189999999996,55.082481,17,4053850,125,4655
20260904T230211Z-0cd42739,173,white,56,v3,Bg4,e6g4,42.107,1.522926,41.084074,,,,
20260904T230211Z-0cd42739,173,white,57,Storm v4,Rxe8,e1e8,55.083,2.920531,52.662468999999994,18,3366468,116,2915
20260904T230211Z-0cd42739,173,white,58,v3,Kxe8,f7e8,41.084,1.923937,39.660063,,,,
20260904T230211Z-0cd42739,173,white,59,Storm v4,b4,b2b4,52.662,5.261408,47.900591999999996,17,6301137,112,3510
20260904T230211Z-0cd42739,173,white,60,v3,Nd7,f8d7,39.66,1.572676,38.587324,,,,
20260904T230211Z-0cd42739,173,white,61,Storm v4,Ba4,c2a4,47.901,4.062652,44.338347999999996,19,4835650,118,3224
20260904T230211Z-0cd42739,173,white,62,v3,b5,b6b5,38.588,1.5533599999999999,37.534639999999996,,,,
20260904T230211Z-0cd42739,173,white,63,Storm v4,Bc2,a4c2,44.338,3.613665,41.224334999999996,19,4465595,115,3054
20260904T230211Z-0cd42739,173,white,64,v3,Nf6,d7f6,37.534,1.398982,36.635017999999995,,,,
20260904T230211Z-0cd42739,173,white,65,Storm v4,Be3,d2e3,41.224,1.961179,39.762820999999995,19,2521112,111,2870
20260904T230211Z-0cd42739,173,white,66,v3,a6,a7a6,36.635,1.530294,35.604706,,,,
20260904T230211Z-0cd42739,173,white,67,Storm v4,Bd4,e3d4,39.763,2.74694,37.516059999999996,19,3602822,117,2724
20260904T230211Z-0cd42739,173,white,68,v3,Kf7,e8f7,35.605,2.024769,34.080231,,,,
20260904T230211Z-0cd42739,173,white,69,Storm v4,a4,a2a4,37.516,4.916997,33.099002999999996,22,6542364,110,2645
20260904T230211Z-0cd42739,173,white,70,v3,g6,g7g6,34.08,1.192641,33.387359,,,,
20260904T230211Z-0cd42739,173,white,71,Storm v4,Bxf6,d4f6,33.099,2.557456,31.041544000000002,21,3450321,115,2327
20260904T230211Z-0cd42739,173,white,72,v3,Kxf6,f7f6,33.387,1.1023669999999999,32.784633,,,,
20260904T230211Z-0cd42739,173,white,73,Storm v4,Kf2,g1f2,31.042,4.7671090000000005,26.774891,21,6459268,147,5872
20260904T230211Z-0cd42739,173,white,74,v3,Bf5,g4f5,32.785,1.150971,32.134029,,,,
20260904T230211Z-0cd42739,173,white,75,Storm v4,Bxf5,c2f5,26.775,4.153627999999999,23.121372,22,5142843,206,3508
20260904T230211Z-0cd42739,173,white,76,v3,Kxf5,f6f5,32.134,1.3876600000000001,31.24634,,,,
20260904T230211Z-0cd42739,173,white,77,Storm v4,axb5,a4b5,23.121,2.1495610000000003,21.471439,21,2604450,253,4276
20260904T230211Z-0cd42739,173,white,78,v3,axb5,a6b5,31.246,1.041394,30.704606,,,,
20260904T230211Z-0cd42739,173,white,79,Storm v4,Kf3,f2f3,21.471,2.894576,19.076424,22,3367946,274,1916
20260904T230211Z-0cd42739,173,white,80,v3,Ke6,f5e6,30.705,1.3861590000000001,29.818841,,,,
20260904T230211Z-0cd42739,173,white,81,Storm v4,g4,g3g4,19.077,1.519957,18.057043,20,1808207,274,1720
20260904T230211Z-0cd42739,173,white,82,v3,Kf7,e6f7,29.818,1.4993219999999998,28.818678,,,,
20260904T230211Z-0cd42739,173,white,83,Storm v4,g5,g4g5,18.057,2.558376,15.998624,20,2935308,362,3249
20260904T230211Z-0cd42739,173,white,84,v3,Ke7,f7e7,28.819,1.709529,27.609471000000003,,,,
20260904T230211Z-0cd42739,173,white,85,Storm v4,g4,g2g4,15.998,3.463894,13.034106,21,3617155,464,3266
20260904T230211Z-0cd42739,173,white,86,v3,Ke6,e7e6,27.609,1.705676,26.403324,,,,
20260904T230211Z-0cd42739,173,white,87,Storm v4,Ke3,f3e3,13.034,1.793302,11.740698,21,1791861,491,2459
20260904T230211Z-0cd42739,173,white,88,v3,Kf7,e6f7,26.404,1.12907,25.77493,,,,
20260904T230211Z-0cd42739,173,white,89,Storm v4,Kd4,e3d4,11.741,2.0632759999999997,10.177724,22,2290635,604,2476
20260904T230211Z-0cd42739,173,white,90,v3,Kg8,f7g8,25.775,1.544626,24.730374,,,,
20260904T230211Z-0cd42739,173,white,91,Storm v4,f5,f4f5,10.178,1.6144049999999999,9.063595,21,1846188,927,2415
20260904T230211Z-0cd42739,173,white,92,v3,Kf8,g8f8,24.73,1.479208,23.750792,,,,
20260904T230211Z-0cd42739,173,white,93,Storm v4,Kc5,d4c5,9.063,2.734483,6.828517,21,3221501,745,1983
20260904T230211Z-0cd42739,173,white,94,v3,Ke8,f8e8,23.751,1.411342,22.839658,,,,
20260904T230211Z-0cd42739,173,white,95,Storm v4,Kd6,c5d6,6.829,2.0914119999999996,5.237588,20,2602909,956,2236
20260904T230211Z-0cd42739,173,white,96,v3,gxf5,g6f5,22.839,1.076008,22.262991999999997,,,,
20260904T230211Z-0cd42739,173,white,97,Storm v4,gxf5,g4f5,5.237,2.90083,2.83617,18,2554880,956,585
20260904T230211Z-0cd42739,173,white,98,v3,Kf7,e8f7,22.263,1.0854860000000002,21.677514,,,,
20260904T230211Z-0cd42739,173,white,99,Storm v4,Kxc6,d6c6,2.836,1.300196,2.035804,16,1669003,1068,831
20260904T230211Z-0cd42739,173,white,100,v3,d4,d5d4,21.678,0.906391,21.271609,,,,
20260904T230211Z-0cd42739,173,white,101,Storm v4,g6+,g5g6,2.036,0.33608899999999997,2.199911,15,385733,1072,619
20260904T230211Z-0cd42739,173,white,102,v3,Kg8,f7g8,21.271,0.84677,20.924229999999998,,,,
20260904T230211Z-0cd42739,173,white,103,Storm v4,cxd4,c3d4,2.2,0.552986,2.147014,17,688292,1820,819
20260904T230211Z-0cd42739,173,white,104,v3,Kg7,g8g7,20.925,1.380617,20.044383000000003,,,,
20260904T230211Z-0cd42739,173,white,105,Storm v4,d5,d4d5,2.147,0.730253,1.9167469999999998,16,805955,31983,758
20260904T230211Z-0cd42739,173,white,106,v3,Kh6,g7h6,20.044,0.828751,19.715249,,,,
20260904T230211Z-0cd42739,173,white,107,Storm v4,d6,d5d6,1.917,0.088422,2.328578,13,87551,31987,763
20260904T230211Z-0cd42739,173,white,108,v3,Kg7,h6g7,19.715,0.76655,19.44845,,,,
20260904T230211Z-0cd42739,173,white,109,Storm v4,d7,d6d7,2.328,0.001696,2.826304,5,686,31985,845
20260904T230211Z-0cd42739,173,white,110,v3,Kh6,g7h6,19.448,0.745051,19.202949,,,,
20260904T230211Z-0cd42739,173,white,111,Storm v4,d8=Q,d7d8q,2.827,0.001282,3.3257179999999997,1,28,31987,590
20260904T230211Z-0cd42739,173,white,112,v3,Kg7,h6g7,19.203,0.699111,19.003889,,,,
20260904T230211Z-0cd42739,173,white,113,Storm v4,Qe7+,d8e7,3.325,0.001936,3.823064,1,64,31989,601
20260904T230211Z-0cd42739,173,white,114,v3,Kh6,g7h6,19.004,0.047983,19.456017,,,,
20260904T230211Z-0cd42739,173,white,115,Storm v4,Kxb5,c6b5,3.823,0.00191,4.32109,1,77,31991,649
20260904T230211Z-0cd42739,173,white,116,v3,Kh5,h6h5,19.456,0.70804,19.24796,,,,
20260904T230211Z-0cd42739,173,white,117,Storm v4,g7,g6g7,4.321,0.00183,4.81917,1,60,31993,697
20260904T230211Z-0cd42739,173,white,118,v3,Kg4,h5g4,19.248,0.011719,19.736280999999998,,,,
20260904T230211Z-0cd42739,173,white,119,Storm v4,Qe4+,e7e4,4.819,0.001643,5.317357,1,60,31995,746
20260904T230211Z-0cd42739,173,white,120,v3,Kh5,g4h5,19.736,0.004534,20.231466,,,,
20260904T230211Z-0cd42739,173,white,121,Storm v4,g8=Q,g7g8q,5.318,0.0020510000000000003,5.815949,3,311,31997,992
20260904T230211Z-0cd42739,173,white,122,v3,Kh6,h5h6,20.232,0.0011339999999999998,20.730866000000002,,,,
20260904T230211Z-0cd42739,173,white,123,Storm v4,Qh4#,e4h4,5.816,0.00231,6.313689999999999,1,93,31999,765
20260904T230211Z-0cd42739,173,black,0,Storm v4,Nf6,g8f6,120.0,3.1768850000000004,117.323115,12,2621080,-9,3385
20260904T230211Z-0cd42739,173,black,1,v3,Ng3,e2g3,120.0,3.3167750000000003,117.18322500000001,,,,
20260904T230211Z-0cd42739,173,black,2,Storm v4,O-O,e8g8,117.323,2.515705,115.307295,12,2091221,-28,2862
20260904T230211Z-0cd42739,173,black,3,v3,Be2,f1e2,117.183,4.275268,113.40773200000001,,,,
20260904T230211Z-0cd42739,173,black,4,Storm v4,exd5,e6d5,115.307,4.097895,111.709105,14,3983119,-10,4057
20260904T230211Z-0cd42739,173,black,5,v3,exd5,e4d5,113.407,5.073771,108.833229,,,,
20260904T230211Z-0cd42739,173,black,6,Storm v4,c6,c7c6,111.709,2.82571,109.38328999999999,14,2656209,-12,2757
20260904T230211Z-0cd42739,173,black,7,v3,Nde4,d2e4,108.834,5.182823,104.15117699999999,,,,
20260904T230211Z-0cd42739,173,black,8,Storm v4,cxd5,c6d5,109.383,3.513769,106.369231,15,3240628,-6,2667
20260904T230211Z-0cd42739,173,black,9,v3,Nxc5,e4c5,104.151,3.6897539999999998,100.961246,,,,
20260904T230211Z-0cd42739,173,black,10,Storm v4,Qa5+,d8a5,106.369,2.202451,104.666549,15,1952917,-15,2591
20260904T230211Z-0cd42739,173,black,11,v3,c3,c2c3,100.961,4.186794,97.274206,,,,
20260904T230211Z-0cd42739,173,black,12,Storm v4,Qxc5,a5c5,104.667,3.364303,101.802697,16,2947383,-18,2579
20260904T230211Z-0cd42739,173,black,13,v3,Be3,c1e3,97.274,3.3926950000000002,94.381305,,,,
20260904T230211Z-0cd42739,173,black,14,Storm v4,Qd6,c5d6,101.802,2.831984,99.470016,16,2481929,-12,2587
20260904T230211Z-0cd42739,173,black,15,v3,O-O,e1g1,94.381,3.306559,91.57444100000001,,,,
20260904T230211Z-0cd42739,173,black,16,Storm v4,Nc6,b8c6,99.47,1.7977560000000001,98.172244,15,1559784,-12,2560
20260904T230211Z-0cd42739,173,black,17,v3,Bg5,e3g5,91.575,4.07432,88.00067999999999,,,,
20260904T230211Z-0cd42739,173,black,18,Storm v4,Ne7,c6e7,98.173,4.9048549999999995,93.768145,16,4500897,-15,3898
20260904T230211Z-0cd42739,173,black,19,v3,c4,c3c4,88.0,3.978678,84.521322,,,,
20260904T230211Z-0cd42739,173,black,20,Storm v4,h6,h7h6,93.768,4.019259,90.248741,16,3839961,-18,2588
20260904T230211Z-0cd42739,173,black,21,v3,Bxf6,g5f6,84.521,4.010699,81.01030100000001,,,,
20260904T230211Z-0cd42739,173,black,22,Storm v4,Qxf6,d6f6,90.248,1.998335,88.749665,17,1907604,-23,2592
20260904T230211Z-0cd42739,173,black,23,v3,cxd5,c4d5,81.011,4.650024,76.860976,,,,
20260904T230211Z-0cd42739,173,black,24,Storm v4,Qxb2,f6b2,88.75,2.004368,87.245632,16,1780852,-23,2508
20260904T230211Z-0cd42739,173,black,25,v3,d6,d5d6,76.861,4.040573,73.320427,,,,
20260904T230211Z-0cd42739,173,black,26,Storm v4,Ng6,e7g6,87.246,3.931922,83.814078,15,3297550,-19,2524
20260904T230211Z-0cd42739,173,black,27,v3,Bf3,e2f3,73.32,3.045554,70.774446,,,,
20260904T230211Z-0cd42739,173,black,28,Storm v4,Re8,f8e8,83.814,2.153538,82.160462,15,1748459,-14,2469
20260904T230211Z-0cd42739,173,black,29,v3,Nf5,g3f5,70.774,3.685775,67.58822500000001,,,,
20260904T230211Z-0cd42739,173,black,30,Storm v4,Qc3,b2c3,82.16,3.26648,79.39352000000001,13,2537766,-27,3713
20260904T230211Z-0cd42739,173,black,31,v3,Rb1,a1b1,67.589,1.9223240000000001,66.16667600000001,,,,
20260904T230211Z-0cd42739,173,black,32,Storm v4,Rb8,a8b8,79.393,2.432842,77.46015799999999,15,2194799,-31,2408
20260904T230211Z-0cd42739,173,black,33,v3,Re1,f1e1,66.166,3.001794,63.664206,,,,
20260904T230211Z-0cd42739,173,black,34,Storm v4,Rxe1+,e8e1,77.461,1.803982,76.157018,16,1602615,-38,2402
20260904T230211Z-0cd42739,173,black,35,v3,Qxe1,d1e1,63.664,2.362787,61.801213000000004,,,,
20260904T230211Z-0cd42739,173,black,36,Storm v4,Qxe1+,c3e1,76.157,4.152162000000001,72.504838,19,4439526,-77,2864
20260904T230211Z-0cd42739,173,black,37,v3,Rxe1,b1e1,61.802,2.275855,60.026145,,,,
20260904T230211Z-0cd42739,173,black,38,Storm v4,Kf8,g8f8,72.504,2.411251,70.592749,19,2587130,-61,3255
20260904T230211Z-0cd42739,173,black,39,v3,g3,g2g3,60.026,2.8506199999999997,57.67538,,,,
20260904T230211Z-0cd42739,173,black,40,Storm v4,b5,b7b5,70.593,2.5908510000000002,68.502149,19,2806451,-61,3111
20260904T230211Z-0cd42739,173,black,41,v3,h4,h2h4,57.675,2.8878850000000003,55.287115,,,,
20260904T230211Z-0cd42739,173,black,42,Storm v4,Rb6,b8b6,68.502,5.010372,63.991628,18,5513023,-51,7405
20260904T230211Z-0cd42739,173,black,43,v3,h5,h4h5,55.287,1.613796,54.173204,,,,
20260904T230211Z-0cd42739,173,black,44,Storm v4,Nh8,g6h8,63.992,4.061027999999999,60.430972000000004,20,4882115,-55,3081
20260904T230211Z-0cd42739,173,black,45,v3,Rc1,e1c1,54.173,2.6492139999999997,52.023786,,,,
20260904T230211Z-0cd42739,173,black,46,Storm v4,Ba6,c8a6,60.431,3.095678,57.835322,21,3473847,-65,2856
20260904T230211Z-0cd42739,173,black,47,v3,Rc7,c1c7,52.024,2.038771,50.485229,,,,
20260904T230211Z-0cd42739,173,black,48,Storm v4,g6,g7g6,57.835,3.041261,55.293739,21,3317514,-66,2815
20260904T230211Z-0cd42739,173,black,49,v3,Nxh6,f5h6,50.485,2.5985650000000002,48.386435,,,,
20260904T230211Z-0cd42739,173,black,50,Storm v4,Rxd6,b6d6,55.294,2.475146,53.318854,20,2573304,-66,2740
20260904T230211Z-0cd42739,173,black,51,v3,Rxa7,c7a7,48.386,2.580851,46.305149,,,,
20260904T230211Z-0cd42739,173,black,52,Storm v4,b4,b5b4,53.318,3.832888,49.985112,19,4020583,-72,2808
20260904T230211Z-0cd42739,173,black,53,v3,Ra8+,a7a8,46.306,2.437331,44.368669000000004,,,,
20260904T230211Z-0cd42739,173,black,54,Storm v4,Kg7,f8g7,49.986,2.696071,47.789929,19,3033107,-68,2814
20260904T230211Z-0cd42739,173,black,55,v3,Rxh8,a8h8,44.368,2.358266,42.509733999999995,,,,
20260904T230211Z-0cd42739,173,black,56,Storm v4,Rf6,d6f6,47.789,1.8847170000000002,46.40428300000001,18,2106267,-70,2693
20260904T230211Z-0cd42739,173,black,57,v3,Nxf7,h6f7,42.51,2.301439,40.708561,,,,
20260904T230211Z-0cd42739,173,black,58,Storm v4,Rxf7,f6f7,46.405,3.430069,43.474931,19,3858373,-55,2750
20260904T230211Z-0cd42739,173,black,59,v3,Ra8,h8a8,40.708,1.9586810000000001,39.249319,,,,
20260904T230211Z-0cd42739,173,black,60,Storm v4,Bc4,a6c4,43.475,5.176268,38.798732,19,5575834,-64,2673
20260904T230211Z-0cd42739,173,black,61,v3,Bg4,f3g4,39.25,1.943909,37.806091,,,,
20260904T230211Z-0cd42739,173,black,62,Storm v4,Re7,f7e7,38.798,2.038896,37.259104,17,2246963,-44,2526
20260904T230211Z-0cd42739,173,black,63,v3,Ra4,a8a4,37.806,1.90093,36.40507,,,,
20260904T230211Z-0cd42739,173,black,64,Storm v4,Re1+,e7e1,37.259,2.9628609999999997,34.796139000000004,16,3219005,-33,3569
20260904T230211Z-0cd42739,173,black,65,v3,Kg2,g1g2,36.405,1.960327,34.944673,,,,
20260904T230211Z-0cd42739,173,black,66,Storm v4,gxh5,g6h5,34.796,2.446459,32.849540999999995,17,2754243,-37,2178
20260904T230211Z-0cd42739,173,black,67,v3,Bxh5,g4h5,34.944,1.2158959999999999,34.228104,,,,
20260904T230211Z-0cd42739,173,black,68,Storm v4,Rb1,e1b1,32.85,2.287636,31.062364000000002,16,2509658,-22,2144
20260904T230211Z-0cd42739,173,black,69,v3,Bf3,h5f3,34.228,1.8313599999999999,32.89664,,,,
20260904T230211Z-0cd42739,173,black,70,Storm v4,d5,d7d5,31.062,2.050619,29.511381,16,2146749,-19,2001
20260904T230211Z-0cd42739,173,black,71,v3,Ra5,a4a5,32.897,1.434304,31.962696,,,,
20260904T230211Z-0cd42739,173,black,72,Storm v4,Ra1,b1a1,29.512,4.215925,25.796075000000002,16,4544281,-12,4477
20260904T230211Z-0cd42739,173,black,73,v3,Ra7+,a5a7,31.963,1.8801780000000001,30.582822,,,,
20260904T230211Z-0cd42739,173,black,74,Storm v4,Kf6,g7f6,25.796,2.114998,24.181002,17,2324746,21,1860
20260904T230211Z-0cd42739,173,black,75,v3,Ra4,a7a4,30.582,1.387016,29.694984,,,,
20260904T230211Z-0cd42739,173,black,76,Storm v4,Rb1,a1b1,24.181,2.7720059999999997,21.908994,18,2983019,0,2636
20260904T230211Z-0cd42739,173,black,77,v3,Ra8,a4a8,29.695,1.708323,28.486677,,,,
20260904T230211Z-0cd42739,173,black,78,Storm v4,Rb2,b1b2,21.909,1.217091,21.191909,14,1338218,29,1506
20260904T230211Z-0cd42739,173,black,79,v3,Rf8+,a8f8,28.487,1.515257,27.471743,,,,
20260904T230211Z-0cd42739,173,black,80,Storm v4,Ke5,f6e5,21.191,3.7539279999999997,17.937072,16,4100607,54,2792
20260904T230211Z-0cd42739,173,black,81,v3,Re8+,f8e8,27.472,1.602173,26.369827,,,,
20260904T230211Z-0cd42739,173,black,82,Storm v4,Kd6,e5d6,17.937,1.127353,17.309647000000002,16,1228992,67,1356
20260904T230211Z-0cd42739,173,black,83,v3,Rd8+,e8d8,26.369,1.58046,25.28854,,,,
20260904T230211Z-0cd42739,173,black,84,Storm v4,Kc6,d6c6,17.31,1.272562,16.537438,16,1356686,63,1306
20260904T230211Z-0cd42739,173,black,85,v3,g4,g3g4,25.289,1.3448989999999998,24.444101,,,,
20260904T230211Z-0cd42739,173,black,86,Storm v4,Rxa2,b2a2,16.537,4.314583,12.722417000000002,17,4045787,85,2308
20260904T230211Z-0cd42739,173,black,87,v3,g5,g4g5,24.444,1.620659,23.323341,,,,
20260904T230211Z-0cd42739,173,black,88,Storm v4,Kc7,c6c7,12.723,0.996112,12.226888,16,883930,93,937
20260904T230211Z-0cd42739,173,black,89,v3,Rf8,d8f8,23.323,1.5617249999999998,22.261275,,,,
20260904T230211Z-0cd42739,173,black,90,Storm v4,b3,b4b3,12.227,1.745974,10.981026,14,1492544,96,1807
20260904T230211Z-0cd42739,173,black,91,v3,g6,g5g6,22.262,0.874433,21.887567,,,,
20260904T230211Z-0cd42739,173,black,92,Storm v4,b2,b3b2,10.981,0.554388,10.926611999999999,13,432256,101,829
20260904T230211Z-0cd42739,173,black,93,v3,Rf7+,f8f7,21.887,1.376508,21.010492,,,,
20260904T230211Z-0cd42739,173,black,94,Storm v4,Kc6,c7c6,10.926,0.81812,10.60788,14,590030,389,892
20260904T230211Z-0cd42739,173,black,95,v3,g7,g6g7,21.011,1.078327,20.432672999999998,,,,
20260904T230211Z-0cd42739,173,black,96,Storm v4,b1=Q,b2b1q,10.608,1.373112,9.734888,14,971124,399,804
20260904T230211Z-0cd42739,173,black,97,v3,g8=Q,g7g8q,20.432,0.866304,20.065696,,,,
20260904T230211Z-0cd42739,173,black,98,Storm v4,Qf1+,b1f1,9.735,1.148155,9.086844999999999,13,835783,399,612
20260904T230211Z-0cd42739,173,black,99,v3,Kg3,g2g3,20.066,1.306751,19.259249,,,,
20260904T230211Z-0cd42739,173,black,100,Storm v4,Qxf2+,f1f2,9.087,2.1317150000000002,7.455285,13,1475170,415,610
20260904T230211Z-0cd42739,173,black,101,v3,Kf4,g3f4,19.259,1.15,18.609,,,,
20260904T230211Z-0cd42739,173,black,102,Storm v4,Qd2+,f2d2,7.455,0.541319,7.413681,10,324036,415,520
20260904T230211Z-0cd42739,173,black,103,v3,Kg4,f4g4,18.609,1.065339,18.043661,,,,
20260904T230211Z-0cd42739,173,black,104,Storm v4,Qg2+,d2g2,7.414,1.572239,6.341761,10,996643,415,518
20260904T230211Z-0cd42739,173,black,105,v3,Bxg2,f3g2,18.044,1.204018,17.339982,,,,
20260904T230211Z-0cd42739,173,black,106,Storm v4,Rxg2+,a2g2,6.341,0.376253,6.464747,13,398132,434,515
20260904T230211Z-0cd42739,173,black,107,v3,Kh5,g4h5,17.34,1.14679,16.69321,,,,
20260904T230211Z-0cd42739,173,black,108,Storm v4,Rxg8,g2g8,6.465,0.541852,6.423148,15,634738,447,529
20260904T230211Z-0cd42739,173,black,109,v3,Rf6+,f7f6,16.693,0.925107,16.267893,,,,
20260904T230211Z-0cd42739,173,black,110,Storm v4,Kc5,c6c5,6.423,0.902054,6.020946,17,1083190,538,1215
20260904T230211Z-0cd42739,173,black,111,v3,Rf5,f6f5,16.268,1.100566,15.667434,,,,
20260904T230211Z-0cd42739,173,black,112,Storm v4,Kb4,c5b4,6.021,1.059209,5.461791,16,1200069,701,1258
20260904T230211Z-0cd42739,173,black,113,v3,Rf4,f5f4,15.667,0.7166119999999999,15.450388,,,,
20260904T230211Z-0cd42739,173,black,114,Storm v4,Rd8,g8d8,5.462,1.235932,4.726068000000001,15,1298679,770,1120
20260904T230211Z-0cd42739,173,black,115,v3,Rd4,f4d4,15.45,1.1583430000000001,14.791656999999999,,,,
20260904T230211Z-0cd42739,173,black,116,Storm v4,Kc3,b4c3,4.726,0.8918959999999999,4.334104,17,1014443,846,482
20260904T230211Z-0cd42739,173,black,117,v3,Rf4,d4f4,14.792,0.685372,14.606628,,,,
20260904T230211Z-0cd42739,173,black,118,Storm v4,d4,d5d4,4.334,0.31263799999999997,4.521362,17,330803,849,453
20260904T230211Z-0cd42739,173,black,119,v3,Kg6,h5g6,14.607,0.746994,14.360006,,,,
20260904T230211Z-0cd42739,173,black,120,Storm v4,d3,d4d3,4.521,0.664829,4.356171000000001,17,738753,850,461
20260904T230211Z-0cd42739,173,black,121,v3,Rf3,f4f3,14.36,0.901918,13.958082000000001,,,,
20260904T230211Z-0cd42739,173,black,122,Storm v4,Kb4,c3b4,4.356,0.5256470000000001,4.330353,16,585355,851,451
20260904T230211Z-0cd42739,173,black,123,v3,Rf1,f3f1,13.958,0.749914,13.708086,,,,
20260904T230211Z-0cd42739,173,black,124,Storm v4,d2,d3d2,4.331,0.31899099999999997,4.512009,15,404300,854,452
20260904T230211Z-0cd42739,173,black,125,v3,Rd1,f1d1,13.708,0.987332,13.220668,,,,
20260904T230211Z-0cd42739,173,black,126,Storm v4,Bb3,c4b3,4.512,1.641059,3.3709409999999997,15,2166719,865,1224
20260904T230211Z-0cd42739,173,black,127,v3,Rf1,d1f1,13.22,0.951755,12.768245,,,,
20260904T230211Z-0cd42739,173,black,128,Storm v4,d1=Q,d2d1q,3.371,1.2736210000000001,2.597379,14,1457146,865,391
20260904T230211Z-0cd42739,173,black,129,v3,Rxd1,f1d1,12.768,0.9126369999999999,12.355362999999999,,,,
20260904T230211Z-0cd42739,173,black,130,Storm v4,Rxd1,d8d1,2.597,0.6298339999999999,2.467166,14,1016938,866,345
20260904T230211Z-0cd42739,173,black,131,v3,Kg5,g6g5,12.356,0.9037569999999999,11.952243000000001,,,,
20260904T230211Z-0cd42739,173,black,132,Storm v4,Re1,d1e1,2.467,0.27775900000000003,2.689241,11,451103,866,343
20260904T230211Z-0cd42739,173,black,133,v3,Kg6,g5g6,11.952,0.900107,11.551893,,,,
20260904T230211Z-0cd42739,173,black,134,Storm v4,Rf1,e1f1,2.689,0.456857,2.732143,12,731254,866,358
20260904T230211Z-0cd42739,173,black,135,v3,Kg5,g6g5,11.552,0.8884930000000001,11.163507,,,,
20260904T230211Z-0cd42739,173,black,136,Storm v4,Kc5,b4c5,2.732,1.6645429999999999,1.567457,13,2599647,892,817
20260904T230211Z-0cd42739,173,black,137,v3,Kg6,g5g6,11.163,0.631422,11.031578,,,,
20260904T230211Z-0cd42739,173,black,138,Storm v4,Kd6,c5d6,1.568,0.392495,1.675505,12,566522,31987,885
20260904T230211Z-0cd42739,173,black,139,v3,Kg5,g6g5,11.032,0.8736130000000001,10.658387000000001,,,,
20260904T230211Z-0cd42739,173,black,140,Storm v4,Be6,b3e6,1.675,0.0019,2.1731,1,87,31989,442
20260904T230211Z-0cd42739,173,black,141,v3,Kg6,g5g6,10.658,0.693669,10.464331,,,,
20260904T230211Z-0cd42739,173,black,142,Storm v4,Ke5,d6e5,2.173,0.002009,2.670991,1,60,31991,493
20260904T230211Z-0cd42739,173,black,143,v3,Kg5,g6g5,10.464,0.476662,10.487338,,,,
20260904T230211Z-0cd42739,173,black,144,Storm v4,Rg1+,f1g1,2.671,0.001814,3.1691860000000003,1,55,31993,544
20260904T230211Z-0cd42739,173,black,145,v3,Kh5,g5h5,10.488,0.053678,10.934322,,,,
20260904T230211Z-0cd42739,173,black,146,Storm v4,Kf6,e5f6,3.169,0.001832,3.667168,1,62,31995,595
20260904T230211Z-0cd42739,173,black,147,v3,Kh4,h5h4,10.934,0.004122,11.429878,,,,
20260904T230211Z-0cd42739,173,black,148,Storm v4,Rg2,g1g2,3.668,0.001648,4.166352,1,58,31997,647
20260904T230211Z-0cd42739,173,black,149,v3,Kh5,h4h5,11.43,0.000953,11.929047,,,,
20260904T230211Z-0cd42739,173,black,150,Storm v4,Rh2#,g2h2,4.166,0.0015589999999999998,4.664441,1,59,31999,698
20260904T230211Z-0cd42739,174,white,0,v3,Ngf6,g8f6,120.0,3.624939,116.875061,,,,
20260904T230211Z-0cd42739,174,white,1,Storm v4,Nc3,b1c3,120.0,1.953905,118.54609500000001,13,2038131,36,2741
20260904T230211Z-0cd42739,174,white,2,v3,g6,g7g6,116.875,6.104863999999999,111.270136,,,,
20260904T230211Z-0cd42739,174,white,3,Storm v4,Qc2,d1c2,118.546,4.0996999999999995,114.94630000000001,15,4367586,40,2754
20260904T230211Z-0cd42739,174,white,4,v3,Bg7,f8g7,111.27,3.237309,108.532691,,,,
20260904T230211Z-0cd42739,174,white,5,Storm v4,Nf3,g1f3,114.946,2.733198,112.712802,15,2725680,44,2667
20260904T230211Z-0cd42739,174,white,6,v3,O-O,e8g8,108.532,5.55246,103.47954,,,,
20260904T230211Z-0cd42739,174,white,7,Storm v4,O-O,e1g1,112.713,2.1979070000000003,111.015093,14,2236372,41,2632
20260904T230211Z-0cd42739,174,white,8,v3,Nc5,d7c5,103.48,4.9086170000000005,99.071383,,,,
20260904T230211Z-0cd42739,174,white,9,Storm v4,Rad1,a1d1,111.015,2.7556239999999996,108.759376,14,2647456,34,2686
20260904T230211Z-0cd42739,174,white,10,v3,e4,e5e4,99.071,4.406427,95.164573,,,,
20260904T230211Z-0cd42739,174,white,11,Storm v4,dxe4,d3e4,108.759,2.304884,106.954116,15,2164660,30,2630
20260904T230211Z-0cd42739,174,white,12,v3,fxe4,f5e4,95.164,4.394078,91.26992200000001,,,,
20260904T230211Z-0cd42739,174,white,13,Storm v4,Nd4,f3d4,106.954,2.638794,104.815206,16,2531650,41,2665
20260904T230211Z-0cd42739,174,white,14,v3,a5,a7a5,91.27,4.4972780000000006,87.27272199999999,,,,
20260904T230211Z-0cd42739,174,white,15,Storm v4,Nb3,d4b3,104.815,2.4950970000000003,102.81990300000001,16,2312421,47,2601
20260904T230211Z-0cd42739,174,white,16,v3,Nxb3,c5b3,87.273,4.316218,83.456782,,,,
20260904T230211Z-0cd42739,174,white,17,Storm v4,axb3,a2b3,102.82,2.294455,101.025545,16,2135391,47,2736
20260904T230211Z-0cd42739,174,white,18,v3,Re8,f8e8,83.457,2.991597,80.96540300000001,,,,
20260904T230211Z-0cd42739,174,white,19,Storm v4,h3,h2h3,101.025,2.064648,99.460352,16,1994548,49,2637
20260904T230211Z-0cd42739,174,white,20,v3,c6,c7c6,80.965,2.245631,79.219369,,,,
20260904T230211Z-0cd42739,174,white,21,Storm v4,Na4,c3a4,99.461,2.811165,97.14983500000001,16,2694538,70,2635
20260904T230211Z-0cd42739,174,white,22,v3,b6,b7b6,79.219,4.1452160000000005,75.573784,,,,
20260904T230211Z-0cd42739,174,white,23,Storm v4,Bc3,d2c3,97.149,1.994026,95.654974,15,1898927,76,2633
20260904T230211Z-0cd42739,174,white,24,v3,Rb8,a8b8,75.574,4.146059,71.927941,,,,
20260904T230211Z-0cd42739,174,white,25,Storm v4,Qd2,c2d2,95.655,2.221062,93.933938,15,2101840,61,2580
20260904T230211Z-0cd42739,174,white,26,v3,Bf8,g7f8,71.928,2.6201849999999998,69.807815,,,,
20260904T230211Z-0cd42739,174,white,27,Storm v4,f3,f2f3,93.934,2.218102,92.215898,14,1959275,61,2663
20260904T230211Z-0cd42739,174,white,28,v3,Nh5,f6h5,69.808,3.043235,67.264765,,,,
20260904T230211Z-0cd42739,174,white,29,Storm v4,Rf2,f1f2,92.216,3.5249319999999997,89.191068,13,2578840,135,4066
20260904T230211Z-0cd42739,174,white,30,v3,exf3,e4f3,67.265,1.9687080000000001,65.79629200000001,,,,
20260904T230211Z-0cd42739,174,white,31,Storm v4,Bxf3,e2f3,89.191,2.603013,87.087987,15,1981624,172,2612
20260904T230211Z-0cd42739,174,white,32,v3,Bd7,c8d7,65.796,2.986596,63.309404,,,,
20260904T230211Z-0cd42739,174,white,33,Storm v4,Bxh5,f3h5,87.088,4.516191,83.07180899999999,15,3495178,241,4466
20260904T230211Z-0cd42739,174,white,34,v3,gxh5,g6h5,63.309,2.137465,61.671535000000006,,,,
20260904T230211Z-0cd42739,174,white,35,Storm v4,Rxf8+,f2f8,83.072,2.33471,81.23728999999999,15,1868099,259,2621
20260904T230211Z-0cd42739,174,white,36,v3,Rxf8,e8f8,61.672,2.949544,59.222456,,,,
20260904T230211Z-0cd42739,174,white,37,Storm v4,Qxd6,d2d6,81.237,2.448106,79.288894,18,2051302,261,2665
20260904T230211Z-0cd42739,174,white,38,v3,Bg4,d7g4,59.222,3.050624,56.671376,,,,
20260904T230211Z-0cd42739,174,white,39,Storm v4,hxg4,h3g4,79.289,3.1227240000000003,76.666276,17,2438145,255,2742
20260904T230211Z-0cd42739,174,white,40,v3,Qxd6,d8d6,56.671,3.0174209999999997,54.153579,,,,
20260904T230211Z-0cd42739,174,white,41,Storm v4,Rxd6,d1d6,76.666,9.667609,67.498391,21,9897872,295,5961
20260904T230211Z-0cd42739,174,white,42,v3,hxg4,h5g4,54.154,1.733575,52.920425,,,,
20260904T230211Z-0cd42739,174,white,43,Storm v4,Rxc6,d6c6,67.499,4.377089,63.621911,20,4435954,295,3042
20260904T230211Z-0cd42739,174,white,44,v3,b5,b6b5,52.92,2.7876260000000004,50.632374,,,,
20260904T230211Z-0cd42739,174,white,45,Storm v4,cxb5,c4b5,63.621,4.121028,59.999972,18,4061408,303,2995
20260904T230211Z-0cd42739,174,white,46,v3,Rxb5,b8b5,50.633,1.951394,49.181606,,,,
20260904T230211Z-0cd42739,174,white,47,Storm v4,Nc5,a4c5,60.0,13.132325000000002,47.367675000000006,18,13064199,305,2851
20260904T230211Z-0cd42739,174,white,48,v3,g3,g4g3,49.181,2.656076,47.024924,,,,
20260904T230211Z-0cd42739,174,white,49,Storm v4,Ne4,c5e4,47.368,2.099042,45.768958,14,2016253,312,2927
20260904T230211Z-0cd42739,174,white,50,v3,Rxb3,b5b3,47.025,2.471486,45.053514,,,,
20260904T230211Z-0cd42739,174,white,51,Storm v4,Nxg3,e4g3,45.769,3.849532,42.419468,14,3700779,313,2362
20260904T230211Z-0cd42739,174,white,52,v3,Re8,f8e8,45.053,2.2373510000000003,43.315649,,,,
20260904T230211Z-0cd42739,174,white,53,Storm v4,Nf5,g3f5,42.419,1.8638219999999999,41.055178,14,1866687,348,2234
20260904T230211Z-0cd42739,174,white,54,v3,Rd8,e8d8,43.316,1.696741,42.119259,,,,
20260904T230211Z-0cd42739,174,white,55,Storm v4,Rf6,c6f6,41.055,3.397222,38.157778,13,3282184,354,5194
20260904T230211Z-0cd42739,174,white,56,v3,Rd3,d8d3,42.119,2.2548049999999997,40.364195,,,,
20260904T230211Z-0cd42739,174,white,57,Storm v4,Nh6+,f5h6,38.158,1.687893,36.970107000000006,13,1738779,367,2103
20260904T230211Z-0cd42739,174,white,58,v3,Kg7,g8g7,40.364,2.151752,38.712248,,,,
20260904T230211Z-0cd42739,174,white,59,Storm v4,Ra6+,f6a6,36.97,2.143207,35.326792999999995,14,2132637,372,2073
20260904T230211Z-0cd42739,174,white,60,v3,Kf8,g7f8,38.713,0.428794,38.784206,,,,
20260904T230211Z-0cd42739,174,white,61,Storm v4,Ra8+,a6a8,35.327,3.037785,32.789215,14,2926480,376,2050
20260904T230211Z-0cd42739,174,white,62,v3,Ke7,f8e7,38.784,2.22751,37.05649,,,,
20260904T230211Z-0cd42739,174,white,63,Storm v4,Rxa5,a8a5,32.789,1.453695,31.835305,14,1391830,376,1899
20260904T230211Z-0cd42739,174,white,64,v3,Rd1+,d3d1,37.056,1.971326,35.584674,,,,
20260904T230211Z-0cd42739,174,white,65,Storm v4,Kf2,g1f2,31.835,1.563776,30.771223999999997,13,1464473,376,1997
20260904T230211Z-0cd42739,174,white,66,v3,Rb7,b3b7,35.585,2.002578,34.082422,,,,
20260904T230211Z-0cd42739,174,white,67,Storm v4,Ke2,f2e2,30.772,6.355225000000001,24.916775,13,5983927,376,2202
20260904T230211Z-0cd42739,174,white,68,v3,Rg1,d1g1,34.082,1.9388889999999999,32.643111,,,,
20260904T230211Z-0cd42739,174,white,69,Storm v4,Nf5+,h6f5,24.916,2.122057,23.293943,11,2033394,381,1498
20260904T230211Z-0cd42739,174,white,70,v3,Kd7,e7d7,32.643,1.2653789999999998,31.877620999999998,,,,
20260904T230211Z-0cd42739,174,white,71,Storm v4,Kf3,e2f3,23.294,0.971937,22.822063,11,910768,380,1416
20260904T230211Z-0cd42739,174,white,72,v3,Rf1+,g1f1,31.878,1.6417190000000002,30.736280999999998,,,,
20260904T230211Z-0cd42739,174,white,73,Storm v4,Ke4,f3e4,22.822,1.216117,22.105883000000002,11,1132062,382,1501
20260904T230211Z-0cd42739,174,white,74,v3,Rf2,f1f2,30.736,1.698055,29.537945,,,,
20260904T230211Z-0cd42739,174,white,75,Storm v4,g3,g2g3,22.106,2.691987,19.914013,12,2510846,394,1366
20260904T230211Z-0cd42739,174,white,76,v3,Kc6,d7c6,29.538,1.683891,28.354109,,,,
20260904T230211Z-0cd42739,174,white,77,Storm v4,b4,b2b4,19.914,2.4526190000000003,17.961381000000003,12,2315476,438,3588
20260904T230211Z-0cd42739,174,white,78,v3,Rb8,b7b8,28.354,1.602831,27.251169,,,,
20260904T230211Z-0cd42739,174,white,79,Storm v4,Re5,a5e5,17.961,1.505761,16.955239000000002,11,1496899,441,1138
20260904T230211Z-0cd42739,174,white,80,v3,Rd8,b8d8,27.251,1.633385,26.117615,,,,
20260904T230211Z-0cd42739,174,white,81,Storm v4,b5+,b4b5,16.956,0.885971,16.570029,12,927325,457,1095
20260904T230211Z-0cd42739,174,white,82,v3,Kb7,c6b7,26.118,1.5887609999999999,25.029239,,,,
20260904T230211Z-0cd42739,174,white,83,Storm v4,Bd4,c3d4,16.57,2.499884,14.570116,14,2511921,503,2155
20260904T230211Z-0cd42739,174,white,84,v3,Rc2,f2c2,25.029,1.692116,23.836883999999998,,,,
20260904T230211Z-0cd42739,174,white,85,Storm v4,Re6,e5e6,14.57,0.98265,14.08735,14,950735,510,972
20260904T230211Z-0cd42739,174,white,86,v3,Rc1,c2c1,23.837,1.554461,22.782539,,,,
20260904T230211Z-0cd42739,174,white,87,Storm v4,Nd6+,f5d6,14.087,0.92186,13.66514,12,936639,529,949
20260904T230211Z-0cd42739,174,white,88,v3,Kb8,b7b8,22.782,1.474663,21.807337,,,,
20260904T230211Z-0cd42739,174,white,89,Storm v4,Be5,d4e5,13.665,0.790868,13.374132,13,805151,537,931
20260904T230211Z-0cd42739,174,white,90,v3,Ka8,b8a8,21.808,1.041738,21.266261999999998,,,,
20260904T230211Z-0cd42739,174,white,91,Storm v4,b6,b5b6,13.374,0.9318909999999999,12.942109,14,957878,541,904
20260904T230211Z-0cd42739,174,white,92,v3,Rd1,c1d1,21.266,1.38723,20.37877,,,,
20260904T230211Z-0cd42739,174,white,93,Storm v4,b7+,b6b7,12.942,1.486521,11.955478999999999,14,1557398,539,887
20260904T230211Z-0cd42739,174,white,94,v3,Kb8,a8b8,20.379,1.286318,19.592682,,,,
20260904T230211Z-0cd42739,174,white,95,Storm v4,Nf7+,d6f7,11.956,0.779588,11.676412000000001,15,909380,542,820
20260904T230211Z-0cd42739,174,white,96,v3,Kxb7,b8b7,19.592,1.307931,18.784069,,,,
20260904T230211Z-0cd42739,174,white,97,Storm v4,Nxd8+,f7d8,11.676,0.997158,11.178842000000001,15,1117903,550,821
20260904T230211Z-0cd42739,174,white,98,v3,Rxd8,d1d8,18.784,1.773588,17.510412,,,,
20260904T230211Z-0cd42739,174,white,99,Storm v4,Re7+,e6e7,11.179,1.774203,9.904797,15,2019875,552,864
20260904T230211Z-0cd42739,174,white,100,v3,Kc6,b7c6,17.511,1.044414,16.966586,,,,
20260904T230211Z-0cd42739,174,white,101,Storm v4,Rxh7,e7h7,9.905,1.965351,8.439649,15,2305792,598,2288
20260904T230211Z-0cd42739,174,white,102,v3,Rg8,d8g8,16.966,1.114541,16.351459000000002,,,,
20260904T230211Z-0cd42739,174,white,103,Storm v4,Rh8,h7h8,8.439,1.168549,7.770451,15,1491587,682,1505
20260904T230211Z-0cd42739,174,white,104,v3,Rxh8,g8h8,16.352,1.078559,15.773441,,,,
20260904T230211Z-0cd42739,174,white,105,Storm v4,Bxh8,e5h8,7.771,1.007391,7.263609000000001,22,1514329,1404,713
20260904T230211Z-0cd42739,174,white,106,v3,Kd7,c6d7,15.773,1.084044,15.188956000000001,,,,
20260904T230211Z-0cd42739,174,white,107,Storm v4,g4,g3g4,7.263,1.20201,6.560989999999999,21,2167621,1404,719
20260904T230211Z-0cd42739,174,white,108,v3,Ke8,d7e8,15.189,0.6400410000000001,15.048959,,,,
20260904T230211Z-0cd42739,174,white,109,Storm v4,Ba1,h8a1,6.561,1.090106,5.970894,22,1918107,1404,665
20260904T230211Z-0cd42739,174,white,110,v3,Kf8,e8f8,15.049,0.926198,14.622802,,,,
20260904T230211Z-0cd42739,174,white,111,Storm v4,Kf5,e4f5,5.971,0.42038099999999995,6.050618999999999,22,615372,1404,620
20260904T230211Z-0cd42739,174,white,112,v3,Kg8,f8g8,14.623,0.9560449999999999,14.166955,,,,
20260904T230211Z-0cd42739,174,white,113,Storm v4,g5,g4g5,6.051,1.777954,4.773046,19,1963918,31979,1957
20260904T230211Z-0cd42739,174,white,114,v3,Kh7,g8h7,14.166,1.309797,13.356202999999999,,,,
20260904T230211Z-0cd42739,174,white,115,Storm v4,g6+,g5g6,4.773,0.009103,5.263897,11,8774,31985,1209
20260904T230211Z-0cd42739,174,white,116,v3,Kg8,h7g8,13.357,0.5775950000000001,13.279405,,,,
20260904T230211Z-0cd42739,174,white,117,Storm v4,Ke6,f5e6,5.263,0.001625,5.761375,1,36,31987,863
20260904T230211Z-0cd42739,174,white,118,v3,Kf8,g8f8,13.279,0.5684539999999999,13.210546,,,,
20260904T230211Z-0cd42739,174,white,119,Storm v4,g7+,g6g7,5.762,0.0013180000000000002,6.260682,1,29,31989,921
20260904T230211Z-0cd42739,174,white,120,v3,Kg8,f8g8,13.21,0.228604,13.481396,,,,
20260904T230211Z-0cd42739,174,white,121,Storm v4,Bd4,a1d4,6.26,0.0012909999999999998,6.758709,1,30,31991,979
20260904T230211Z-0cd42739,174,white,122,v3,Kh7,g8h7,13.482,0.195811,13.786189,,,,
20260904T230211Z-0cd42739,174,white,123,Storm v4,Kf7,e6f7,6.759,0.001639,7.2573609999999995,1,40,31993,1037
20260904T230211Z-0cd42739,174,white,124,v3,Kh6,h7h6,13.786,0.0018369999999999999,14.284163000000001,,,,
20260904T230211Z-0cd42739,174,white,125,Storm v4,g8=Q,g7g8q,7.257,0.00141,7.75559,1,39,31995,1095
20260904T230211Z-0cd42739,174,white,126,v3,Kh5,h6h5,14.284,0.000843,14.783157,,,,
20260904T230211Z-0cd42739,174,white,127,Storm v4,Bf6,d4f6,7.756,0.001953,8.254046999999998,1,72,31997,997
20260904T230211Z-0cd42739,174,white,128,v3,Kh6,h5h6,14.783,0.001001,15.281998999999999,,,,
20260904T230211Z-0cd42739,174,white,129,Storm v4,Qh8#,g8h8,8.254,0.001778,8.752222,1,52,31999,1043
20260904T230211Z-0cd42739,174,black,0,Storm v4,g6,g7g6,120.0,3.737962,116.762038,15,3973895,-38,3323
20260904T230211Z-0cd42739,174,black,1,v3,Nf3,g1f3,120.0,4.726555,115.77344500000001,,,,
20260904T230211Z-0cd42739,174,black,2,Storm v4,e4,e5e4,116.761,2.534089,114.72691099999999,16,2504206,-19,3341
20260904T230211Z-0cd42739,174,black,3,v3,dxe4,d3e4,115.773,3.764565,112.50843499999999,,,,
20260904T230211Z-0cd42739,174,black,4,Storm v4,fxe4,f5e4,114.727,2.0171769999999998,113.209823,16,1811998,-10,2675
20260904T230211Z-0cd42739,174,black,5,v3,Nd4,f3d4,112.508,5.392716,107.615284,,,,
20260904T230211Z-0cd42739,174,black,6,Storm v4,Ne5,d7e5,113.21,3.210092,110.49990799999999,15,2792351,-9,2649
20260904T230211Z-0cd42739,174,black,7,v3,O-O,e1g1,107.615,4.016191,104.09880899999999,,,,
20260904T230211Z-0cd42739,174,black,8,Storm v4,Bg7,f8g7,110.5,2.711885,108.288115,15,2451663,-4,3183
20260904T230211Z-0cd42739,174,black,9,v3,Nc3,b1c3,104.099,5.109428,99.489572,,,,
20260904T230211Z-0cd42739,174,black,10,Storm v4,c5,c7c5,108.288,5.825931,102.962069,16,5273114,-8,2733
20260904T230211Z-0cd42739,174,black,11,v3,Nb3,d4b3,99.49,3.805424,96.184576,,,,
20260904T230211Z-0cd42739,174,black,12,Storm v4,Nf6,g8f6,102.962,2.009411,101.452589,15,1830258,1,2497
20260904T230211Z-0cd42739,174,black,13,v3,Qc2,d1c2,96.184,4.126757,92.557243,,,,
20260904T230211Z-0cd42739,174,black,14,Storm v4,Bf5,c8f5,101.453,2.3111129999999998,99.641887,15,2197791,9,2557
20260904T230211Z-0cd42739,174,black,15,v3,h3,h2h3,92.557,2.6338150000000002,90.423185,,,,
20260904T230211Z-0cd42739,174,black,16,Storm v4,h5,h7h5,99.641,2.988109,97.152891,15,2560458,15,2510
20260904T230211Z-0cd42739,174,black,17,v3,Nd5,c3d5,90.424,2.964814,87.959186,,,,
20260904T230211Z-0cd42739,174,black,18,Storm v4,Nxd5,f6d5,97.153,11.247062,86.40593799999999,15,8352929,15,8512
20260904T230211Z-0cd42739,174,black,19,v3,cxd5,c4d5,87.959,3.8858829999999998,84.573117,,,,
20260904T230211Z-0cd42739,174,black,20,Storm v4,Qh4,d8h4,86.406,4.257821,82.648179,13,2883339,33,5602
20260904T230211Z-0cd42739,174,black,21,v3,Bb5+,e2b5,84.573,4.3312219999999995,80.74177800000001,,,,
20260904T230211Z-0cd42739,174,black,22,Storm v4,Kf7,e8f7,82.648,2.634216,80.513784,13,1996523,98,2447
20260904T230211Z-0cd42739,174,black,23,v3,Bc3,d2c3,80.741,4.592099,76.648901,,,,
20260904T230211Z-0cd42739,174,black,24,Storm v4,Nf3+,e5f3,80.514,5.98225,75.03175,15,4065594,1074,5054
20260904T230211Z-0cd42739,174,black,25,v3,gxf3,g2f3,76.649,4.042366,73.106634,,,,
20260904T230211Z-0cd42739,174,black,26,Storm v4,exf3,e4f3,75.032,2.7709810000000004,72.761019,15,1884832,1192,4893
20260904T230211Z-0cd42739,174,black,27,v3,Rfc1,f1c1,73.107,3.38509,70.22191000000001,,,,
20260904T230211Z-0cd42739,174,black,28,Storm v4,Bxh3,f5h3,72.761,0.22157,73.03943,8,109388,31987,7159
20260904T230211Z-0cd42739,174,black,29,v3,Qxg6+,c2g6,70.222,2.1679589999999997,68.554041,,,,
20260904T230211Z-0cd42739,174,black,30,Storm v4,Kxg6,f7g6,73.039,0.0017250000000000002,73.537275,1,14,31989,3518
20260904T230211Z-0cd42739,174,black,31,v3,Be5,c3e5,68.554,3.503806,65.550194,,,,
20260904T230211Z-0cd42739,174,black,32,Storm v4,dxe5,d6e5,73.537,0.043781,73.993219,6,21104,31991,5783
20260904T230211Z-0cd42739,174,black,33,v3,Bd3+,b5d3,65.55,1.986286,64.063714,,,,
20260904T230211Z-0cd42739,174,black,34,Storm v4,Kh6,g6h6,73.993,0.001613,74.491387,1,19,31993,4072
20260904T230211Z-0cd42739,174,black,35,v3,Bf1,d3f1,64.064,1.8264529999999999,62.737547,,,,
20260904T230211Z-0cd42739,174,black,36,Storm v4,Qg5+,h4g5,74.492,0.005163999999999999,74.986836,4,2198,31995,8577
20260904T230211Z-0cd42739,174,black,37,v3,Kh2,g1h2,62.737,0.027256,63.209744,,,,
20260904T230211Z-0cd42739,174,black,38,Storm v4,Bxf1,h3f1,74.987,0.001958,75.485042,1,86,31997,3924
20260904T230211Z-0cd42739,174,black,39,v3,Nxc5,b3c5,63.21,0.002124,63.707876,,,,
20260904T230211Z-0cd42739,174,black,40,Storm v4,Qg2#,g5g2,75.485,0.001868,75.983132,1,83,31999,4108
20260904T230211Z-0cd42739,175,white,0,Storm v4,Nc3,b1c3,120.0,2.90602,117.59398,15,2620657,95,3125
20260904T230211Z-0cd42739,175,white,1,v3,Ng6,e7g6,120.0,3.932367,116.567633,,,,
20260904T230211Z-0cd42739,175,white,2,Storm v4,h4,h2h4,117.593,3.619597,114.473403,14,3334691,98,4827
20260904T230211Z-0cd42739,175,white,3,v3,h5,h7h5,116.567,3.657825,113.409175,,,,
20260904T230211Z-0cd42739,175,white,4,Storm v4,Nf3,g1f3,114.474,5.501493,109.472507,14,4711921,107,7033
20260904T230211Z-0cd42739,175,white,5,v3,Bd6,f8d6,113.409,4.354461000000001,109.554539,,,,
20260904T230211Z-0cd42739,175,white,6,Storm v4,Be3,c1e3,109.472,7.611117,102.360883,14,6157686,112,3165
20260904T230211Z-0cd42739,175,white,7,v3,a6,a7a6,109.555,4.660095,105.394905,,,,
20260904T230211Z-0cd42739,175,white,8,Storm v4,g3,g2g3,102.361,2.762955,100.098045,15,2379620,115,2466
20260904T230211Z-0cd42739,175,white,9,v3,Ne5,g6e5,105.394,3.337754,102.556246,,,,
20260904T230211Z-0cd42739,175,white,10,Storm v4,Bg2,f1g2,100.098,1.8760530000000002,98.721947,14,1632759,122,2417
20260904T230211Z-0cd42739,175,white,11,v3,Nc4,e5c4,102.557,4.619866,98.437134,,,,
20260904T230211Z-0cd42739,175,white,12,Storm v4,Qe2,d1e2,98.722,2.277324,96.944676,16,2026435,147,2512
20260904T230211Z-0cd42739,175,white,13,v3,Nxe3,c4e3,98.437,3.186963,95.75003699999999,,,,
20260904T230211Z-0cd42739,175,white,14,Storm v4,Qxe3,e2e3,96.945,2.149378,95.29562200000001,16,1813399,153,2446
20260904T230211Z-0cd42739,175,white,15,v3,O-O,e8g8,95.75,5.360457,90.889543,,,,
20260904T230211Z-0cd42739,175,white,16,Storm v4,Qg5,e3g5,95.295,2.622523,93.172477,15,2251162,165,2487
20260904T230211Z-0cd42739,175,white,17,v3,Re8,f8e8,90.889,4.7500290000000005,86.638971,,,,
20260904T230211Z-0cd42739,175,white,18,Storm v4,O-O-O,e1c1,93.173,2.927601,90.745399,15,2357355,161,2500
20260904T230211Z-0cd42739,175,white,19,v3,b5,b7b5,86.639,3.576571,83.56242900000001,,,,
20260904T230211Z-0cd42739,175,white,20,Storm v4,e5,e4e5,90.745,2.5717719999999997,88.67322800000001,16,1953309,213,2540
20260904T230211Z-0cd42739,175,white,21,v3,Be7,d6e7,83.563,2.320133,81.742867,,,,
20260904T230211Z-0cd42739,175,white,22,Storm v4,Qxh5,g5h5,88.673,3.339774,85.833226,17,2508211,207,3997
20260904T230211Z-0cd42739,175,white,23,v3,g6,g7g6,81.742,3.233734,79.008266,,,,
20260904T230211Z-0cd42739,175,white,24,Storm v4,Qg4,h5g4,85.833,2.4146739999999998,83.91832600000001,14,1644139,251,6814
20260904T230211Z-0cd42739,175,white,25,v3,b4,b5b4,79.009,3.7888479999999998,75.720152,,,,
20260904T230211Z-0cd42739,175,white,26,Storm v4,Ne4,c3e4,83.918,8.200869,76.217131,15,5495229,331,5479
20260904T230211Z-0cd42739,175,white,27,v3,Qxa2,a5a2,75.72,3.452298,72.767702,,,,
20260904T230211Z-0cd42739,175,white,28,Storm v4,h5,h4h5,76.218,5.429061,71.288939,15,3405842,337,2184
20260904T230211Z-0cd42739,175,white,29,v3,Kg7,g8g7,72.767,3.235,70.032,,,,
20260904T230211Z-0cd42739,175,white,30,Storm v4,hxg6,h5g6,71.288,8.643938,63.144062,14,5699396,769,5002
20260904T230211Z-0cd42739,175,white,31,v3,fxg6,f7g6,70.032,3.332933,67.199067,,,,
20260904T230211Z-0cd42739,175,white,32,Storm v4,Nf6,e4f6,63.144,4.596056,59.047944,14,3047844,940,4263
20260904T230211Z-0cd42739,175,white,33,v3,Qa1+,a2a1,67.199,2.263716,65.435284,,,,
20260904T230211Z-0cd42739,175,white,34,Storm v4,Kc2,c1c2,59.048,3.8233699999999997,55.72463,15,2638335,1099,3221
20260904T230211Z-0cd42739,175,white,35,v3,Qa4+,a1a4,65.436,3.8442779999999996,62.091722000000004,,,,
20260904T230211Z-0cd42739,175,white,36,Storm v4,Kd2,c2d2,55.725,4.893371,51.331629,11,2619517,1910,4507
20260904T230211Z-0cd42739,175,white,37,v3,Rg8,e8g8,62.091,3.446265,59.144735,,,,
20260904T230211Z-0cd42739,175,white,38,Storm v4,Qf4,g4f4,51.332,0.00244,51.82956,1,107,31987,2458
20260904T230211Z-0cd42739,175,white,39,v3,Qc2+,a4c2,59.145,2.1173420000000003,57.527658,,,,
20260904T230211Z-0cd42739,175,white,40,Storm v4,Kxc2,d2c2,51.829,0.00177,52.32723,1,12,31989,2708
20260904T230211Z-0cd42739,175,white,41,v3,b3+,b4b3,57.527,2.056743,55.970257,,,,
20260904T230211Z-0cd42739,175,white,42,Storm v4,Kc3,c2c3,52.327,0.001571,52.825429,1,17,31991,3012
20260904T230211Z-0cd42739,175,white,43,v3,Kf7,g7f7,55.971,2.3438890000000003,54.127111,,,,
20260904T230211Z-0cd42739,175,white,44,Storm v4,Rh7+,h1h7,52.826,0.0026669999999999997,53.323333,1,115,31993,2849
20260904T230211Z-0cd42739,175,white,45,v3,Rg7,g8g7,54.127,0.264036,54.362964,,,,
20260904T230211Z-0cd42739,175,white,46,Storm v4,Ng5+,f3g5,53.323,0.002755,53.820245,1,151,31995,2912
20260904T230211Z-0cd42739,175,white,47,v3,Kf8,f7f8,54.363,0.0011870000000000001,54.861813000000005,,,,
20260904T230211Z-0cd42739,175,white,48,Storm v4,Rh8+,h7h8,53.82,0.002765,54.317235000000004,1,102,31997,2977
20260904T230211Z-0cd42739,175,white,49,v3,Rg8,g7g8,54.861,0.001554,55.359446000000005,,,,
20260904T230211Z-0cd42739,175,white,50,Storm v4,Rxg8#,h8g8,54.317,0.002543,54.814457000000004,1,102,31999,3043
20260904T230211Z-0cd42739,175,black,0,v3,Nc3,b1c3,120.0,5.72401,114.77599000000001,,,,
20260904T230211Z-0cd42739,175,black,1,Storm v4,Ng6,e7g6,120.0,2.601623,117.898377,14,2454048,-94,2721
20260904T230211Z-0cd42739,175,black,2,v3,Nf3,g1f3,114.775,5.577894000000001,109.697106,,,,
20260904T230211Z-0cd42739,175,black,3,Storm v4,d6,d7d6,117.898,9.105418,109.292582,15,7957037,-85,4162
20260904T230211Z-0cd42739,175,black,4,v3,Bg5,c1g5,109.697,4.934578,105.262422,,,,
20260904T230211Z-0cd42739,175,black,5,Storm v4,h6,h7h6,109.292,2.117302,107.674698,14,1900651,-76,2560
20260904T230211Z-0cd42739,175,black,6,v3,Be3,g5e3,105.263,4.624304,101.138696,,,,
20260904T230211Z-0cd42739,175,black,7,Storm v4,Be7,f8e7,107.675,3.548931,104.626069,15,3254819,-74,2531
20260904T230211Z-0cd42739,175,black,8,v3,Be2,f1e2,101.138,4.642984,96.995016,,,,
20260904T230211Z-0cd42739,175,black,9,Storm v4,O-O,e8g8,104.626,2.303877,102.822123,14,2119599,-72,2500
20260904T230211Z-0cd42739,175,black,10,v3,Qc2,d1c2,96.995,3.298623,94.196377,,,,
20260904T230211Z-0cd42739,175,black,11,Storm v4,Bg4,c8g4,102.822,1.9792260000000002,101.342774,14,1788567,-59,2550
20260904T230211Z-0cd42739,175,black,12,v3,O-O-O,e1c1,94.197,4.268638,90.42836199999999,,,,
20260904T230211Z-0cd42739,175,black,13,Storm v4,Nd7,b8d7,101.343,2.4520880000000003,99.390912,15,2212531,-43,2505
20260904T230211Z-0cd42739,175,black,14,v3,Rhe1,h1e1,90.428,3.0041219999999997,87.923878,,,,
20260904T230211Z-0cd42739,175,black,15,Storm v4,Rad8,a8d8,99.391,3.515649,96.375351,15,3218352,-44,2641
20260904T230211Z-0cd42739,175,black,16,v3,Qb3,c2b3,87.924,3.5634050000000004,84.860595,,,,
20260904T230211Z-0cd42739,175,black,17,Storm v4,Bf6,e7f6,96.375,1.964067,94.910933,14,1659334,-6,2448
20260904T230211Z-0cd42739,175,black,18,v3,Kb1,c1b1,84.86,4.084219,81.27578100000001,,,,
20260904T230211Z-0cd42739,175,black,19,Storm v4,Bxf3,g4f3,94.911,2.533931,92.877069,17,2192499,6,2391
20260904T230211Z-0cd42739,175,black,20,v3,gxf3,g2f3,81.276,4.5699499999999995,77.20605,,,,
20260904T230211Z-0cd42739,175,black,21,Storm v4,a6,a7a6,92.877,6.48936,86.88764,16,5754471,-10,6183
20260904T230211Z-0cd42739,175,black,22,v3,f4,f3f4,77.206,3.563411,74.142589,,,,
20260904T230211Z-0cd42739,175,black,23,Storm v4,Rfe8,f8e8,86.887,2.5402240000000003,84.84677599999999,14,2059174,5,3630
20260904T230211Z-0cd42739,175,black,24,v3,Qc2,b3c2,74.143,2.776377,71.866623,,,,
20260904T230211Z-0cd42739,175,black,25,Storm v4,Nh4,g6h4,84.847,3.2019699999999998,82.14503,15,2864100,0,2374
20260904T230211Z-0cd42739,175,black,26,v3,Bd2,e3d2,71.866,2.590672,69.77532799999999,,,,
20260904T230211Z-0cd42739,175,black,27,Storm v4,Qc7,a5c7,82.145,1.84772,80.79728,15,1785389,20,2417
20260904T230211Z-0cd42739,175,black,28,v3,Rf1,e1f1,69.775,3.416125,66.858875,,,,
20260904T230211Z-0cd42739,175,black,29,Storm v4,b5,b7b5,80.797,2.663477,78.633523,16,2542313,26,2816
20260904T230211Z-0cd42739,175,black,30,v3,h3,h2h3,66.859,1.953719,65.405281,,,,
20260904T230211Z-0cd42739,175,black,31,Storm v4,Bd4,f6d4,78.634,4.730662000000001,74.403338,16,4724129,43,2248
20260904T230211Z-0cd42739,175,black,32,v3,Be3,d2e3,65.406,3.144748,62.761252,,,,
20260904T230211Z-0cd42739,175,black,33,Storm v4,Bxe3,d4e3,74.403,5.505468,69.39753200000001,19,5543542,151,2197
20260904T230211Z-0cd42739,175,black,34,v3,fxe3,f2e3,62.761,2.544181,60.716819,,,,
20260904T230211Z-0cd42739,175,black,35,Storm v4,Nf6,d7f6,69.398,10.577285,59.320715,18,9902080,151,2134
20260904T230211Z-0cd42739,175,black,36,v3,Rf2,f1f2,60.717,3.2264299999999997,57.99057,,,,
20260904T230211Z-0cd42739,175,black,37,Storm v4,Qe7,c7e7,59.32,2.2664050000000002,57.553595,16,2197455,173,1881
20260904T230211Z-0cd42739,175,black,38,v3,e5,e4e5,57.99,2.818526,55.671474,,,,
20260904T230211Z-0cd42739,175,black,39,Storm v4,dxe5,d6e5,57.554,1.400982,56.653017999999996,16,1268096,180,1877
20260904T230211Z-0cd42739,175,black,40,v3,e4,e3e4,55.671,1.944751,54.226249,,,,
20260904T230211Z-0cd42739,175,black,41,Storm v4,exf4,e5f4,56.653,4.227044,52.925956,17,3874026,226,3563
20260904T230211Z-0cd42739,175,black,42,v3,Rxf4,f2f4,54.227,2.797732,51.92926799999999,,,,
20260904T230211Z-0cd42739,175,black,43,Storm v4,Ng2,h4g2,52.926,2.125736,51.300264000000006,17,1890759,252,3016
20260904T230211Z-0cd42739,175,black,44,v3,Rf3,f4f3,51.929,1.706289,50.722711000000004,,,,
20260904T230211Z-0cd42739,175,black,45,Storm v4,Nxe4,f6e4,51.3,2.671011,49.128989000000004,17,2202793,268,1811
20260904T230211Z-0cd42739,175,black,46,v3,Qxe4,c2e4,50.723,2.721335,48.501665,,,,
20260904T230211Z-0cd42739,175,black,47,Storm v4,Qxe4+,e7e4,49.129,2.4387280000000002,47.190272,18,2375400,218,1748
20260904T230211Z-0cd42739,175,black,48,v3,Nxe4,c3e4,48.501,2.196047,46.804953000000005,,,,
20260904T230211Z-0cd42739,175,black,49,Storm v4,Rxe4,e8e4,47.19,1.8080340000000001,45.881966,19,1897535,223,2130
20260904T230211Z-0cd42739,175,black,50,v3,Bf1,e2f1,46.805,2.219081,45.085919000000004,,,,
20260904T230211Z-0cd42739,175,black,51,Storm v4,Ne3,g2e3,45.882,2.024686,44.357313999999995,19,2212606,219,2211
20260904T230211Z-0cd42739,175,black,52,v3,Re1,d1e1,45.086,2.380258,43.205742,,,,
20260904T230211Z-0cd42739,175,black,53,Storm v4,Nxf1,e3f1,44.357,5.313231,39.543769,20,5539330,220,2137
20260904T230211Z-0cd42739,175,black,54,v3,Rexf1,e1f1,43.206,2.3903339999999997,41.315666,,,,
20260904T230211Z-0cd42739,175,black,55,Storm v4,Rxd5,d8d5,39.544,1.606858,38.437142,18,1721268,220,2104
20260904T230211Z-0cd42739,175,black,56,v3,Rxf7,f3f7,41.315,1.4917049999999998,40.323295,,,,
20260904T230211Z-0cd42739,175,black,57,Storm v4,Rd2,d5d2,38.437,5.27482,33.66218,18,5474384,215,2240
20260904T230211Z-0cd42739,175,black,58,v3,R7f2,f7f2,40.323,2.2689850000000003,38.554015,,,,
20260904T230211Z-0cd42739,175,black,59,Storm v4,Rxf2,d2f2,33.662,2.077448,32.084552,17,2108437,215,1901
20260904T230211Z-0cd42739,175,black,60,v3,Rxf2,f1f2,38.554,2.1745569999999996,36.879443,,,,
20260904T230211Z-0cd42739,175,black,61,Storm v4,c4,c5c4,32.085,2.4823449999999996,30.102655,16,2883266,221,2253
20260904T230211Z-0cd42739,175,black,62,v3,a3,a2a3,36.88,2.023324,35.356676,,,,
20260904T230211Z-0cd42739,175,black,63,Storm v4,h5,h6h5,30.102,2.0728969999999998,28.529103,16,2569262,226,2554
20260904T230211Z-0cd42739,175,black,64,v3,Rd2,f2d2,35.356,1.288725,34.567275,,,,
20260904T230211Z-0cd42739,175,black,65,Storm v4,Rh4,e4h4,28.529,1.522153,27.506847,16,1905158,283,2009
20260904T230211Z-0cd42739,175,black,66,v3,Rd6,d2d6,34.568,1.603736,33.464264,,,,
20260904T230211Z-0cd42739,175,black,67,Storm v4,Rxh3,h4h3,27.507,2.394777,25.612222999999997,18,2875224,313,1963
20260904T230211Z-0cd42739,175,black,68,v3,Rxa6,d6a6,33.464,1.4886389999999998,32.475361,,,,
20260904T230211Z-0cd42739,175,black,69,Storm v4,h4,h5h4,25.612,4.415602,21.696398000000002,17,4955553,371,3847
20260904T230211Z-0cd42739,175,black,70,v3,Kc2,b1c2,32.475,1.817578,31.157422,,,,
20260904T230211Z-0cd42739,175,black,71,Storm v4,Rh2+,h3h2,21.697,1.349445,20.847555,17,1450104,376,1580
20260904T230211Z-0cd42739,175,black,72,v3,Kc3,c2c3,31.158,1.34013,30.31787,,,,
20260904T230211Z-0cd42739,175,black,73,Storm v4,h3,h4h3,20.847,2.95407,18.39293,18,3173676,420,3124
20260904T230211Z-0cd42739,175,black,74,v3,Ra8+,a6a8,30.317,1.3042449999999999,29.512755000000002,,,,
20260904T230211Z-0cd42739,175,black,75,Storm v4,Kh7,g8h7,18.393,7.231563,11.661437,18,7760896,456,2980
20260904T230211Z-0cd42739,175,black,76,v3,Rf8,a8f8,29.513,1.559127,28.453872999999998,,,,
20260904T230211Z-0cd42739,175,black,77,Storm v4,Rg2,h2g2,11.662,1.7275440000000002,10.434456,19,1839578,475,1601
20260904T230211Z-0cd42739,175,black,78,v3,Rf5,f8f5,28.454,1.4288409999999998,27.525159,,,,
20260904T230211Z-0cd42739,175,black,79,Storm v4,Rg3+,g2g3,10.434,1.6920719999999998,9.241928,16,1887234,447,1295
20260904T230211Z-0cd42739,175,black,80,v3,Kd4,c3d4,27.525,1.645122,26.379878,,,,
20260904T230211Z-0cd42739,175,black,81,Storm v4,g5,g7g5,9.242,1.47157,8.270430000000001,17,1480903,449,1291
20260904T230211Z-0cd42739,175,black,82,v3,Rf1,f5f1,26.38,1.590173,25.289827000000002,,,,
20260904T230211Z-0cd42739,175,black,83,Storm v4,g4,g5g4,8.27,3.0182510000000002,5.751749,16,3348398,544,2200
20260904T230211Z-0cd42739,175,black,84,v3,Rh1,f1h1,25.29,1.411858,24.378142,,,,
20260904T230211Z-0cd42739,175,black,85,Storm v4,Rg2,g3g2,5.752,1.387473,4.864527,14,1443164,575,1110
20260904T230211Z-0cd42739,175,black,86,v3,Ke3,d4e3,24.378,1.5544280000000001,23.323572,,,,
20260904T230211Z-0cd42739,175,black,87,Storm v4,h2,h3h2,4.864,2.272864,3.091136,15,2314621,724,1165
20260904T230211Z-0cd42739,175,black,88,v3,a4,a3a4,23.323,0.912967,22.910033,,,,
20260904T230211Z-0cd42739,175,black,89,Storm v4,bxa4,b5a4,3.091,1.1779659999999998,2.413034,16,1129696,811,758
20260904T230211Z-0cd42739,175,black,90,v3,Kf4,e3f4,22.91,0.9040199999999999,22.50598,,,,
20260904T230211Z-0cd42739,175,black,91,Storm v4,g3,g4g3,2.413,1.005591,1.9074090000000001,17,1083937,1146,821
20260904T230211Z-0cd42739,175,black,92,v3,Ke3,f4e3,22.506,1.485579,21.520421,,,,
20260904T230211Z-0cd42739,175,black,93,Storm v4,Rg1,g2g1,1.908,0.958237,1.449763,17,950417,1407,626
20260904T230211Z-0cd42739,175,black,94,v3,Kf3,e3f3,21.521,1.162738,20.858262,,,,
20260904T230211Z-0cd42739,175,black,95,Storm v4,Rxh1,g1h1,1.45,0.8517089999999999,1.0982910000000001,16,786409,1485,614
20260904T230211Z-0cd42739,175,black,96,v3,Kxg3,f3g3,20.858,2.050294,19.307706,,,,
20260904T230211Z-0cd42739,175,black,97,Storm v4,Rb1,h1b1,1.098,0.42315800000000003,1.1748420000000002,14,423689,1692,697
20260904T230211Z-0cd42739,175,black,98,v3,Kxh2,g3h2,19.308,1.308347,18.499653,,,,
20260904T230211Z-0cd42739,175,black,99,Storm v4,Rxb2+,b1b2,1.175,0.36169999999999997,1.3133,13,304706,2465,637
20260904T230211Z-0cd42739,175,black,100,v3,Kh3,h2h3,18.499,1.128266,17.870734,,,,
20260904T230211Z-0cd42739,175,black,101,Storm v4,c3,c4c3,1.313,0.31631099999999995,1.4966890000000002,12,285517,31985,871
20260904T230211Z-0cd42739,175,black,102,v3,Kg4,h3g4,17.871,1.263217,17.107782999999998,,,,
20260904T230211Z-0cd42739,175,black,103,Storm v4,c2,c3c2,1.497,0.008427,1.9885730000000001,7,6452,31985,680
20260904T230211Z-0cd42739,175,black,104,v3,Kg3,g4g3,17.108,0.743401,16.864599000000002,,,,
20260904T230211Z-0cd42739,175,black,105,Storm v4,c1=Q,c2c1q,1.988,0.0023090000000000003,2.4856909999999997,4,723,31985,717
20260904T230211Z-0cd42739,175,black,106,v3,Kf3,g3f3,16.864,0.683566,16.680434,,,,
20260904T230211Z-0cd42739,175,black,107,Storm v4,Qd1+,c1d1,2.486,0.002164,2.9838359999999997,1,70,31987,510
20260904T230211Z-0cd42739,175,black,108,v3,Ke4,f3e4,16.681,0.695349,16.485650999999997,,,,
20260904T230211Z-0cd42739,175,black,109,Storm v4,Rf2,b2f2,2.984,0.005822,3.4781779999999998,3,4598,31989,1096
20260904T230211Z-0cd42739,175,black,110,v3,Ke5,e4e5,16.485,0.17392,16.81108,,,,
20260904T230211Z-0cd42739,175,black,111,Storm v4,Rb2,f2b2,3.478,0.002474,3.975526,1,77,31991,596
20260904T230211Z-0cd42739,175,black,112,v3,Ke4,e5e4,16.811,0.0025459999999999997,17.308454,,,,
20260904T230211Z-0cd42739,175,black,113,Storm v4,Re2+,b2e2,3.975,0.040299999999999996,4.434699999999999,4,8354,31993,1306
20260904T230211Z-0cd42739,175,black,114,v3,Kf5,e4f5,17.309,0.214214,17.594786,,,,
20260904T230211Z-0cd42739,175,black,115,Storm v4,Qf1+,d1f1,4.435,0.025946,4.909054,1,81,31995,678
20260904T230211Z-0cd42739,175,black,116,v3,Kg5,f5g5,17.594,0.004916,18.089084,,,,
20260904T230211Z-0cd42739,175,black,117,Storm v4,Rg2+,e2g2,4.909,0.02145,5.38755,2,357,31997,1295
20260904T230211Z-0cd42739,175,black,118,v3,Kh5,g5h5,18.089,0.001218,18.587782,,,,
20260904T230211Z-0cd42739,175,black,119,Storm v4,Qh1#,f1h1,5.387,0.010766999999999999,5.876233,1,70,31999,762
20260904T230211Z-0cd42739,176,white,0,v3,e5,e7e5,120.0,4.259619,116.240381,,,,
20260904T230211Z-0cd42739,176,white,1,Storm v4,d4,d3d4,120.0,2.3264630000000004,118.173537,13,2499348,-9,2708
20260904T230211Z-0cd42739,176,white,2,v3,b4,b5b4,116.24,5.7343519999999994,111.00564800000001,,,,
20260904T230211Z-0cd42739,176,white,3,Storm v4,a3,a2a3,118.173,2.854111,115.818889,13,2873551,-9,2796
20260904T230211Z-0cd42739,176,white,4,v3,a5,a7a5,111.005,4.926171,106.578829,,,,
20260904T230211Z-0cd42739,176,white,5,Storm v4,Nf3,g1f3,115.819,2.834502,113.484498,13,2519881,-9,4073
20260904T230211Z-0cd42739,176,white,6,v3,Nf6,g8f6,106.579,4.17094,102.90805999999999,,,,
20260904T230211Z-0cd42739,176,white,7,Storm v4,d5,d4d5,113.484,3.999985,109.984015,14,3664094,-17,4037
20260904T230211Z-0cd42739,176,white,8,v3,Ne7,c6e7,102.908,2.918226,100.48977400000001,,,,
20260904T230211Z-0cd42739,176,white,9,Storm v4,c4,c2c4,109.984,2.749435,107.734565,15,2765618,-15,2625
20260904T230211Z-0cd42739,176,white,10,v3,c6,c7c6,100.49,4.001942,96.98805800000001,,,,
20260904T230211Z-0cd42739,176,white,11,Storm v4,axb4,a3b4,107.735,3.1858400000000002,105.04916,14,2975273,-38,2946
20260904T230211Z-0cd42739,176,white,12,v3,axb4,a5b4,96.988,3.088591,94.399409,,,,
20260904T230211Z-0cd42739,176,white,13,Storm v4,Rxa8,a1a8,105.049,3.17044,102.37856,19,3255183,-35,2574
20260904T230211Z-0cd42739,176,white,14,v3,Qxa8,d8a8,94.399,4.780604,90.11839599999999,,,,
20260904T230211Z-0cd42739,176,white,15,Storm v4,dxc6,d5c6,102.378,4.177176,98.700824,18,3991002,-40,2784
20260904T230211Z-0cd42739,176,white,16,v3,Nxc6,e7c6,90.119,3.389851,87.229149,,,,
20260904T230211Z-0cd42739,176,white,17,Storm v4,O-O,e1g1,98.701,1.845702,97.35529799999999,17,1903758,-40,2640
20260904T230211Z-0cd42739,176,white,18,v3,Be7,f8e7,87.229,4.766787999999999,82.962212,,,,
20260904T230211Z-0cd42739,176,white,19,Storm v4,Nbd2,b1d2,97.355,2.235826,95.619174,16,2281266,-40,2636
20260904T230211Z-0cd42739,176,white,20,v3,O-O,e8g8,82.962,3.929795,79.532205,,,,
20260904T230211Z-0cd42739,176,white,21,Storm v4,Bd3,e2d3,95.619,1.881362,94.237638,13,1834998,-25,2672
20260904T230211Z-0cd42739,176,white,22,v3,Nd8,c6d8,79.532,3.037609,76.99439100000001,,,,
20260904T230211Z-0cd42739,176,white,23,Storm v4,c5,c4c5,94.238,3.182047,91.55595299999999,17,3257855,-20,2618
20260904T230211Z-0cd42739,176,white,24,v3,Bg4,d7g4,76.994,2.9423670000000004,74.551633,,,,
20260904T230211Z-0cd42739,176,white,25,Storm v4,Nc4,d2c4,91.556,1.721028,90.334972,16,1782881,-19,2586
20260904T230211Z-0cd42739,176,white,26,v3,Bxf3,g4f3,74.552,3.81225,71.23975,,,,
20260904T230211Z-0cd42739,176,white,27,Storm v4,gxf3,g2f3,90.335,5.6575169999999995,85.17748300000001,18,5108049,-14,2699
20260904T230211Z-0cd42739,176,white,28,v3,dxc5,d6c5,71.24,4.002332,67.737668,,,,
20260904T230211Z-0cd42739,176,white,29,Storm v4,Nxe5,c4e5,85.177,2.237046,83.439954,17,2064781,-19,2662
20260904T230211Z-0cd42739,176,white,30,v3,Qc8,a8c8,67.737,3.4687449999999997,64.768255,,,,
20260904T230211Z-0cd42739,176,white,31,Storm v4,Qc2,d1c2,83.44,2.45289,81.48711,13,2064475,-29,2758
20260904T230211Z-0cd42739,176,white,32,v3,Nc6,d8c6,64.768,3.265248,62.002752,,,,
20260904T230211Z-0cd42739,176,white,33,Storm v4,Ng4,e5g4,81.487,4.178204,77.808796,16,3687538,-20,6068
20260904T230211Z-0cd42739,176,white,34,v3,g6,g7g6,62.003,3.1758539999999997,59.327146,,,,
20260904T230211Z-0cd42739,176,white,35,Storm v4,h3,h2h3,77.809,2.482585,75.826415,15,2127723,-28,2594
20260904T230211Z-0cd42739,176,white,36,v3,Rd8,f8d8,59.327,3.0877280000000003,56.739272,,,,
20260904T230211Z-0cd42739,176,white,37,Storm v4,Be2,d3e2,75.826,2.174879,74.151121,13,1818372,-28,2537
20260904T230211Z-0cd42739,176,white,38,v3,Kg7,g8g7,56.739,2.675034,54.563966,,,,
20260904T230211Z-0cd42739,176,white,39,Storm v4,Nxf6,g4f6,74.151,3.0486370000000003,71.602363,15,2527096,-12,2969
20260904T230211Z-0cd42739,176,white,40,v3,Kxf6,g7f6,54.564,2.196018,52.867982000000005,,,,
20260904T230211Z-0cd42739,176,white,41,Storm v4,b3,b2b3,71.603,2.399479,69.703521,15,1863680,-13,2503
20260904T230211Z-0cd42739,176,white,42,v3,Kg7,f6g7,52.868,2.6624470000000002,50.705553,,,,
20260904T230211Z-0cd42739,176,white,43,Storm v4,Bb2+,c1b2,69.703,2.184666,68.018334,15,1903862,-12,2485
20260904T230211Z-0cd42739,176,white,44,v3,Kg8,g7g8,50.706,2.234247,48.971753,,,,
20260904T230211Z-0cd42739,176,white,45,Storm v4,Kg2,g1g2,68.018,2.54667,65.97133,16,2219981,-3,2509
20260904T230211Z-0cd42739,176,white,46,v3,Qe6,c8e6,48.971,1.527492,47.943508,,,,
20260904T230211Z-0cd42739,176,white,47,Storm v4,Bc4,e2c4,65.972,2.6082199999999998,63.86378,17,2207944,-5,2441
20260904T230211Z-0cd42739,176,white,48,v3,Qd6,e6d6,47.944,2.539558,45.904442,,,,
20260904T230211Z-0cd42739,176,white,49,Storm v4,Qe4,c2e4,63.863,3.062068,61.300932,16,2523134,13,2502
20260904T230211Z-0cd42739,176,white,50,v3,Na5,c6a5,45.904,2.6552249999999997,43.748775,,,,
20260904T230211Z-0cd42739,176,white,51,Storm v4,Rd1,f1d1,61.301,3.745082,58.055918,19,3282245,226,3929
20260904T230211Z-0cd42739,176,white,52,v3,Qxd1,d6d1,43.749,1.7833350000000001,42.465665,,,,
20260904T230211Z-0cd42739,176,white,53,Storm v4,Qe5,e4e5,58.056,3.900824,54.655176,18,3432926,318,5411
20260904T230211Z-0cd42739,176,white,54,v3,Rd4,d8d4,42.466,2.241431,40.724569,,,,
20260904T230211Z-0cd42739,176,white,55,Storm v4,exd4,e3d4,54.655,6.430433,48.724567,17,6021789,373,4885
20260904T230211Z-0cd42739,176,white,56,v3,Nxc4,a5c4,40.724,1.940292,39.283708,,,,
20260904T230211Z-0cd42739,176,white,57,Storm v4,bxc4,b3c4,48.725,6.635432,42.589568,18,5616980,347,6933
20260904T230211Z-0cd42739,176,white,58,v3,Bh4,e7h4,39.284,2.098912,37.685088,,,,
20260904T230211Z-0cd42739,176,white,59,Storm v4,dxc5,d4c5,42.589,4.081339,39.007661,17,3356535,347,2181
20260904T230211Z-0cd42739,176,white,60,v3,f6,f7f6,37.685,1.2291189999999999,36.955881,,,,
20260904T230211Z-0cd42739,176,white,61,Storm v4,Qe6+,e5e6,39.008,2.350289,37.157711000000006,16,2010579,339,2160
20260904T230211Z-0cd42739,176,white,62,v3,Kf8,g8f8,36.956,1.417719,36.038281000000005,,,,
20260904T230211Z-0cd42739,176,white,63,Storm v4,Bxf6,b2f6,37.158,2.230047,35.427953,16,1906982,339,1969
20260904T230211Z-0cd42739,176,white,64,v3,Bxf6,h4f6,36.038,2.04909,34.488910000000004,,,,
20260904T230211Z-0cd42739,176,white,65,Storm v4,Qxf6+,e6f6,35.428,5.989298,29.938702000000003,15,6142834,332,3862
20260904T230211Z-0cd42739,176,white,66,v3,Ke8,f8e8,34.489,1.220747,33.768252999999994,,,,
20260904T230211Z-0cd42739,176,white,67,Storm v4,Qe6+,f6e6,29.938,3.1653960000000003,27.272603999999998,15,3370244,330,1773
20260904T230211Z-0cd42739,176,white,68,v3,Kd8,e8d8,33.768,1.615347,32.652653,,,,
20260904T230211Z-0cd42739,176,white,69,Storm v4,Qb6+,e6b6,27.273,4.167889,23.605111,15,4573989,317,3274
20260904T230211Z-0cd42739,176,white,70,v3,Kc8,d8c8,32.653,1.894095,31.258905,,,,
20260904T230211Z-0cd42739,176,white,71,Storm v4,Qa6+,b6a6,23.605,1.4707439999999998,22.634256,15,1604869,303,1548
20260904T230211Z-0cd42739,176,white,72,v3,Kc7,c8c7,31.258,1.0420619999999998,30.715938,,,,
20260904T230211Z-0cd42739,176,white,73,Storm v4,Qa7+,a6a7,22.634,2.123218,21.010782,15,2291098,313,2669
20260904T230211Z-0cd42739,176,white,74,v3,Kc8,c7c8,30.716,1.7685250000000001,29.447474999999997,,,,
20260904T230211Z-0cd42739,176,white,75,Storm v4,Qxh7,a7h7,21.011,1.361664,20.149335999999998,16,1435234,307,1289
20260904T230211Z-0cd42739,176,white,76,v3,Qc1,d1c1,29.448,1.22222,28.72578,,,,
20260904T230211Z-0cd42739,176,white,77,Storm v4,Qg8+,h7g8,20.149,4.211322,16.437678,14,3582078,907,2632
20260904T230211Z-0cd42739,176,white,78,v3,Kd7,c8d7,28.725,0.9503039999999999,28.274696,,,,
20260904T230211Z-0cd42739,176,white,79,Storm v4,Qf7+,g8f7,16.438,5.216698999999999,11.721300999999999,14,3924992,907,1052
20260904T230211Z-0cd42739,176,white,80,v3,Kd8,d7d8,28.275,1.627218,27.147782,,,,
20260904T230211Z-0cd42739,176,white,81,Storm v4,Qd5+,f7d5,11.721,4.005693,8.215307000000001,14,3270656,907,808
20260904T230211Z-0cd42739,176,white,82,v3,Ke7,d8e7,27.148,0.904906,26.743094,,,,
20260904T230211Z-0cd42739,176,white,83,Storm v4,c6,c5c6,8.215,2.294285,6.420715,15,2233684,1118,1158
20260904T230211Z-0cd42739,176,white,84,v3,Qf4,c1f4,26.743,1.328268,25.914732,,,,
20260904T230211Z-0cd42739,176,white,85,Storm v4,Qd7+,d5d7,6.421,0.615655,6.305345,14,551189,1125,542
20260904T230211Z-0cd42739,176,white,86,v3,Kf6,e7f6,25.915,0.896537,25.518463,,,,
20260904T230211Z-0cd42739,176,white,87,Storm v4,Qd8+,d7d8,6.305,1.134947,5.670053,14,1194738,1190,1135
20260904T230211Z-0cd42739,176,white,88,v3,Ke5,f6e5,25.518,1.6016,24.416400000000003,,,,
20260904T230211Z-0cd42739,176,white,89,Storm v4,Qb8+,d8b8,5.67,0.850102,5.319898,14,809802,1209,518
20260904T230211Z-0cd42739,176,white,90,v3,Kf5,e5f5,24.416,1.454032,23.461968000000002,,,,
20260904T230211Z-0cd42739,176,white,91,Storm v4,Qxf4+,b8f4,5.32,2.3636500000000003,3.45635,14,2838528,1303,1078
20260904T230211Z-0cd42739,176,white,92,v3,Kxf4,f5f4,23.462,0.81101,23.15099,,,,
20260904T230211Z-0cd42739,176,white,93,Storm v4,c7,c6c7,3.456,0.381985,3.5740149999999997,15,420846,1397,439
20260904T230211Z-0cd42739,176,white,94,v3,Ke5,f4e5,23.151,1.5008679999999999,22.150132000000003,,,,
20260904T230211Z-0cd42739,176,white,95,Storm v4,c8=Q,c7c8q,3.574,2.225593,1.8484070000000001,13,2435072,1397,448
20260904T230211Z-0cd42739,176,white,96,v3,Kd4,e5d4,22.15,1.234979,21.415021,,,,
20260904T230211Z-0cd42739,176,white,97,Storm v4,c5,c4c5,1.849,1.4498710000000001,0.899129,12,1537024,1730,300
20260904T230211Z-0cd42739,176,white,98,v3,b3,b4b3,21.415,1.298454,20.616546,,,,
20260904T230211Z-0cd42739,176,white,99,Storm v4,c6,c5c6,0.899,0.223993,1.1750070000000001,10,193971,31987,498
20260904T230211Z-0cd42739,176,white,100,v3,Kd5,d4d5,20.617,0.988171,20.128829000000003,,,,
20260904T230211Z-0cd42739,176,white,101,Storm v4,c7,c6c7,1.175,0.075595,1.599405,8,83567,31989,774
20260904T230211Z-0cd42739,176,white,102,v3,Kc6,d5c6,20.129,0.734225,19.894775000000003,,,,
20260904T230211Z-0cd42739,176,white,103,Storm v4,Qb8,c8b8,1.599,0.0033250000000000003,2.0956750000000004,4,1648,31991,968
20260904T230211Z-0cd42739,176,white,104,v3,Kd7,c6d7,19.894,0.246938,20.147062000000002,,,,
20260904T230211Z-0cd42739,176,white,105,Storm v4,c8=Q+,c7c8q,2.096,0.002696,2.5933040000000003,3,809,31995,603
20260904T230211Z-0cd42739,176,white,106,v3,Ke7,d7e7,20.147,0.001158,20.645842000000002,,,,
20260904T230211Z-0cd42739,176,white,107,Storm v4,Qf8+,c8f8,2.593,0.002258,3.090742,1,71,31997,511
20260904T230211Z-0cd42739,176,white,108,v3,Kd7,e7d7,20.646,0.0017620000000000001,21.144238,,,,
20260904T230211Z-0cd42739,176,white,109,Storm v4,Qfd6#,f8d6,3.091,0.002271,3.588729,1,65,31999,550
20260904T230211Z-0cd42739,176,black,0,Storm v4,Nf6,g8f6,120.0,4.638962,115.861038,15,4877589,18,3310
20260904T230211Z-0cd42739,176,black,1,v3,d4,d3d4,120.0,6.107786,114.39221400000001,,,,
20260904T230211Z-0cd42739,176,black,2,Storm v4,a6,a7a6,115.86,2.074561,114.285439,15,2119602,19,2654
20260904T230211Z-0cd42739,176,black,3,v3,Nf3,g1f3,114.392,4.387023,110.504977,,,,
20260904T230211Z-0cd42739,176,black,4,Storm v4,e5,e7e5,114.286,2.651652,112.134348,16,2624145,17,2666
20260904T230211Z-0cd42739,176,black,5,v3,O-O,e1g1,110.505,3.1666529999999997,107.838347,,,,
20260904T230211Z-0cd42739,176,black,6,Storm v4,e4,e5e4,112.134,1.757039,110.876961,15,1837835,18,2626
20260904T230211Z-0cd42739,176,black,7,v3,Nfd2,f3d2,107.838,2.997945,105.34005499999999,,,,
20260904T230211Z-0cd42739,176,black,8,Storm v4,Be7,f8e7,110.877,4.7272479999999995,106.649752,16,4850107,11,3193
20260904T230211Z-0cd42739,176,black,9,v3,d5,d4d5,105.34,5.353546000000001,100.486454,,,,
20260904T230211Z-0cd42739,176,black,10,Storm v4,Ne5,c6e5,106.65,2.081967,105.068033,15,2175779,14,2565
20260904T230211Z-0cd42739,176,black,11,v3,c4,c2c4,100.486,5.008101,95.97789900000001,,,,
20260904T230211Z-0cd42739,176,black,12,Storm v4,O-O,e8g8,105.068,2.2976900000000002,103.27031,15,2456390,16,2543
20260904T230211Z-0cd42739,176,black,13,v3,Nc3,b1c3,95.978,2.839076,93.638924,,,,
20260904T230211Z-0cd42739,176,black,14,Storm v4,c6,c7c6,103.27,2.7449920000000003,101.025008,16,2900238,7,2655
20260904T230211Z-0cd42739,176,black,15,v3,Ncxe4,c3e4,93.639,4.62746,89.51154,,,,
20260904T230211Z-0cd42739,176,black,16,Storm v4,Nxe4,f6e4,101.025,2.644295,98.880705,17,2917246,-4,2535
20260904T230211Z-0cd42739,176,black,17,v3,Nxe4,d2e4,89.511,3.797278,86.21372199999999,,,,
20260904T230211Z-0cd42739,176,black,18,Storm v4,Nxc4,e5c4,98.881,1.866296,97.514704,15,1854176,-4,2573
20260904T230211Z-0cd42739,176,black,19,v3,b3,b2b3,86.214,2.43424,84.27976,,,,
20260904T230211Z-0cd42739,176,black,20,Storm v4,Nb6,c4b6,97.514,4.756515,93.257485,16,4422747,-3,6814
20260904T230211Z-0cd42739,176,black,21,v3,dxc6,d5c6,84.28,2.5691100000000002,82.21089,,,,
20260904T230211Z-0cd42739,176,black,22,Storm v4,Bxc6,d7c6,93.258,1.968764,91.789236,16,1801218,-17,2759
20260904T230211Z-0cd42739,176,black,23,v3,Qd4,d1d4,82.211,4.494654000000001,78.216346,,,,
20260904T230211Z-0cd42739,176,black,24,Storm v4,Bxe4,c6e4,91.789,2.1231649999999997,90.165835,15,1835156,-12,2486
20260904T230211Z-0cd42739,176,black,25,v3,Qxe4,d4e4,78.216,2.723719,75.992281,,,,
20260904T230211Z-0cd42739,176,black,26,Storm v4,Bf6,e7f6,90.166,3.007948,87.658052,15,2619625,-14,4072
20260904T230211Z-0cd42739,176,black,27,v3,Rb1,a1b1,75.992,2.930527,73.56147299999999,,,,
20260904T230211Z-0cd42739,176,black,28,Storm v4,d5,d6d5,87.658,4.576242000000001,83.58175800000001,16,4013152,-19,3880
20260904T230211Z-0cd42739,176,black,29,v3,Qf5,e4f5,73.562,3.791565,70.27043499999999,,,,
20260904T230211Z-0cd42739,176,black,30,Storm v4,Qc8,d8c8,83.581,3.4957559999999996,80.585244,15,3042816,-23,2523
20260904T230211Z-0cd42739,176,black,31,v3,Qd3,f5d3,70.27,2.246588,68.523412,,,,
20260904T230211Z-0cd42739,176,black,32,Storm v4,Qc3,c8c3,80.586,4.223641,76.862359,15,3647596,-29,5834
20260904T230211Z-0cd42739,176,black,33,v3,Bd2,c1d2,68.523,3.8218919999999996,65.201108,,,,
20260904T230211Z-0cd42739,176,black,34,Storm v4,Qxd3,c3d3,76.862,2.036126,75.325874,15,1929774,-27,2350
20260904T230211Z-0cd42739,176,black,35,v3,Bxd3,e2d3,65.201,3.3625059999999998,62.338494,,,,
20260904T230211Z-0cd42739,176,black,36,Storm v4,Nd7,b6d7,75.326,2.765183,73.060817,14,2786212,-31,2898
20260904T230211Z-0cd42739,176,black,37,v3,Rfd1,f1d1,62.339,2.865361,59.973639000000006,,,,
20260904T230211Z-0cd42739,176,black,38,Storm v4,Be7,f6e7,73.06,7.161995,66.398005,16,7519734,-37,6787
20260904T230211Z-0cd42739,176,black,39,v3,Rbc1,b1c1,59.973,3.096388,57.376612,,,,
20260904T230211Z-0cd42739,176,black,40,Storm v4,Ne5,d7e5,66.398,3.23136,63.66664,15,3325031,-47,3608
20260904T230211Z-0cd42739,176,black,41,v3,Bf5,d3f5,57.377,2.965579,54.911421000000004,,,,
20260904T230211Z-0cd42739,176,black,42,Storm v4,b4,b5b4,63.667,1.861791,62.305209000000005,16,1930463,-45,2544
20260904T230211Z-0cd42739,176,black,43,v3,Be1,d2e1,54.911,1.728353,53.682646999999996,,,,
20260904T230211Z-0cd42739,176,black,44,Storm v4,Rfd8,f8d8,62.305,3.8870709999999997,58.917929,18,4063627,-58,2580
20260904T230211Z-0cd42739,176,black,45,v3,Rd4,d1d4,53.683,2.785611,51.397389000000004,,,,
20260904T230211Z-0cd42739,176,black,46,Storm v4,a5,a6a5,58.918,2.724791,56.693209,18,3083939,-53,2482
20260904T230211Z-0cd42739,176,black,47,v3,Rcd1,c1d1,51.397,2.482781,49.414218999999996,,,,
20260904T230211Z-0cd42739,176,black,48,Storm v4,g6,g7g6,56.693,2.938243,54.254757,18,3182745,-66,2604
20260904T230211Z-0cd42739,176,black,49,v3,Bh3,f5h3,49.414,1.8644,48.0496,,,,
20260904T230211Z-0cd42739,176,black,50,Storm v4,h5,h7h5,54.255,1.63223,53.122769999999996,16,1739295,-65,2361
20260904T230211Z-0cd42739,176,black,51,v3,Rxd5,d4d5,48.05,2.5986529999999997,45.951347,,,,
20260904T230211Z-0cd42739,176,black,52,Storm v4,Ng4,e5g4,53.123,6.258392,47.364608,16,6378293,-62,6247
20260904T230211Z-0cd42739,176,black,53,v3,g3,g2g3,45.951,1.397194,45.053805999999994,,,,
20260904T230211Z-0cd42739,176,black,54,Storm v4,Rxd5,d8d5,47.364,1.674741,46.189259,17,1745719,-60,2196
20260904T230211Z-0cd42739,176,black,55,v3,Rxd5,d1d5,45.054,2.1138310000000002,43.440169000000004,,,,
20260904T230211Z-0cd42739,176,black,56,Storm v4,a4,a5a4,46.189,2.371125,44.317875,17,2667700,-70,2585
20260904T230211Z-0cd42739,176,black,57,v3,bxa4,b3a4,43.44,1.928352,42.011648,,,,
20260904T230211Z-0cd42739,176,black,58,Storm v4,Rxa4,a8a4,44.318,2.33311,42.48489,18,2800721,-63,2482
20260904T230211Z-0cd42739,176,black,59,v3,Bxg4,h3g4,42.012,2.225275,40.286725,,,,
20260904T230211Z-0cd42739,176,black,60,Storm v4,hxg4,h5g4,42.485,1.751264,41.233736,19,2165769,-62,2503
20260904T230211Z-0cd42739,176,black,61,v3,Rd4,d5d4,40.287,1.3482319999999999,39.438767999999996,,,,
20260904T230211Z-0cd42739,176,black,62,Storm v4,Bc5,e7c5,41.234,2.526379,39.207620999999996,19,3183330,-69,2593
20260904T230211Z-0cd42739,176,black,63,v3,Rc4,d4c4,39.438,2.100271,37.837728999999996,,,,
20260904T230211Z-0cd42739,176,black,64,Storm v4,Bf8,c5f8,39.207,4.733270999999999,34.973729,18,5666998,-49,2466
20260904T230211Z-0cd42739,176,black,65,v3,Rf4,c4f4,37.838,2.1902660000000003,36.147734,,,,
20260904T230211Z-0cd42739,176,black,66,Storm v4,f5,f7f5,34.974,1.8099210000000001,33.664079,19,2269685,-52,2188
20260904T230211Z-0cd42739,176,black,67,v3,Bd2,e1d2,36.148,2.024476,34.623523999999996,,,,
20260904T230211Z-0cd42739,176,black,68,Storm v4,g5,g6g5,33.664,2.66682,31.49718,19,3225225,-49,2590
20260904T230211Z-0cd42739,176,black,69,v3,Rd4,f4d4,34.623,1.1843130000000002,33.938687,,,,
20260904T230211Z-0cd42739,176,black,70,Storm v4,Bc5,f8c5,31.497,1.805769,30.191231,19,1995719,-49,1989
20260904T230211Z-0cd42739,176,black,71,v3,Rc4,d4c4,33.939,1.261079,33.177921000000005,,,,
20260904T230211Z-0cd42739,176,black,72,Storm v4,Bf8,c5f8,30.191,1.81001,28.88099,19,2118303,-40,1915
20260904T230211Z-0cd42739,176,black,73,v3,Rc2,c4c2,33.178,1.983617,31.694383000000002,,,,
20260904T230211Z-0cd42739,176,black,74,Storm v4,Be7,f8e7,28.881,1.614258,27.766741999999997,19,1865329,-39,1845
20260904T230211Z-0cd42739,176,black,75,v3,Kg2,g1g2,31.694,1.781266,30.412734,,,,
20260904T230211Z-0cd42739,176,black,76,Storm v4,Kf7,g8f7,27.767,4.286755,23.980245,20,4885742,-37,1785
20260904T230211Z-0cd42739,176,black,77,v3,h3,h2h3,30.413,1.785223,29.127777000000002,,,,
20260904T230211Z-0cd42739,176,black,78,Storm v4,gxh3+,g4h3,23.98,1.327349,23.152651000000002,19,1558708,-38,1570
20260904T230211Z-0cd42739,176,black,79,v3,Kxh3,g2h3,29.127,1.390748,28.236252,,,,
20260904T230211Z-0cd42739,176,black,80,Storm v4,g4+,g5g4,23.153,1.406179,22.246821,20,1642737,-38,1513
20260904T230211Z-0cd42739,176,black,81,v3,Kh2,h3h2,28.237,1.769824,26.967176,,,,
20260904T230211Z-0cd42739,176,black,82,Storm v4,Ke6,f7e6,22.247,1.515001,21.231999,21,1822325,-38,1462
20260904T230211Z-0cd42739,176,black,83,v3,Kg2,h2g2,26.967,1.0610650000000001,26.405935000000003,,,,
20260904T230211Z-0cd42739,176,black,84,Storm v4,Kd5,e6d5,21.232,2.043036,19.688964,20,2312973,-37,1407
20260904T230211Z-0cd42739,176,black,85,v3,Kf1,g2f1,26.406,1.581928,25.324072,,,,
20260904T230211Z-0cd42739,176,black,86,Storm v4,Ra3,a4a3,19.689,2.3702069999999997,17.818793000000003,19,2640552,-38,1324
20260904T230211Z-0cd42739,176,black,87,v3,Bc1,d2c1,25.324,1.3340999999999998,24.489900000000002,,,,
20260904T230211Z-0cd42739,176,black,88,Storm v4,Ra4,a3a4,17.818,1.139648,17.178352,17,1317435,-38,1209
20260904T230211Z-0cd42739,176,black,89,v3,Ke2,f1e2,24.489,1.393802,23.595198,,,,
20260904T230211Z-0cd42739,176,black,90,Storm v4,Bc5,e7c5,17.179,0.964093,16.714907,18,1026013,-38,1173
20260904T230211Z-0cd42739,176,black,91,v3,Rd2+,c2d2,23.596,1.526406,22.569594000000002,,,,
20260904T230211Z-0cd42739,176,black,92,Storm v4,Ke4,d5e4,16.715,2.033468,15.181531999999999,19,2247868,-37,1241
20260904T230211Z-0cd42739,176,black,93,v3,Rb2,d2b2,22.569,1.446652,21.622348,,,,
20260904T230211Z-0cd42739,176,black,94,Storm v4,Kd5,e4d5,15.181,1.863941,13.817058999999999,20,2079214,-38,1059
20260904T230211Z-0cd42739,176,black,95,v3,Bd2,c1d2,21.622,1.2350530000000002,20.886947,,,,
20260904T230211Z-0cd42739,176,black,96,Storm v4,Bd6,c5d6,13.817,1.097022,13.219978,19,1169287,-38,981
20260904T230211Z-0cd42739,176,black,97,v3,Be1,d2e1,20.887,0.8361609999999999,20.550839,,,,
20260904T230211Z-0cd42739,176,black,98,Storm v4,Bc5,d6c5,13.22,1.012424,12.707576000000001,17,1097066,-38,947
20260904T230211Z-0cd42739,176,black,99,v3,Rc2,b2c2,20.551,1.305731,19.745269,,,,
20260904T230211Z-0cd42739,176,black,100,Storm v4,Ra3,a4a3,12.707,0.617344,12.589656,18,697663,-38,918
20260904T230211Z-0cd42739,176,black,101,v3,Bd2,e1d2,19.745,0.757626,19.487374,,,,
20260904T230211Z-0cd42739,176,black,102,Storm v4,Bd6,c5d6,12.59,1.184081,11.905918999999999,18,1341460,-38,911
20260904T230211Z-0cd42739,176,black,103,v3,Ke1,e2e1,19.488,0.889072,19.098928,,,,
20260904T230211Z-0cd42739,176,black,104,Storm v4,Ke4,d5e4,11.906,2.267916,10.138084,18,2480808,-1,2516
20260904T230211Z-0cd42739,176,black,105,v3,Rc6,c2c6,19.099,1.019834,18.579166,,,,
20260904T230211Z-0cd42739,176,black,106,Storm v4,Kf3,e4f3,10.138,0.621481,10.016519,17,682370,-20,863
20260904T230211Z-0cd42739,176,black,107,v3,Rxd6,c6d6,18.579,1.04107,18.03793,,,,
20260904T230211Z-0cd42739,176,black,108,Storm v4,b3,b4b3,10.017,1.427595,9.089405000000001,20,1609037,-18,810
20260904T230211Z-0cd42739,176,black,109,v3,Bc3,d2c3,18.038,0.9214990000000001,17.616501,,,,
20260904T230211Z-0cd42739,176,black,110,Storm v4,bxa2,b3a2,9.089,3.64148,5.947520000000001,19,3738624,-69,1757
20260904T230211Z-0cd42739,176,black,111,v3,Ba1,c3a1,17.616,1.192551,16.923449,,,,
20260904T230211Z-0cd42739,176,black,112,Storm v4,Rb3,a3b3,5.947,0.5796939999999999,5.867306,17,655351,-65,547
20260904T230211Z-0cd42739,176,black,113,v3,Rd1,d6d1,16.924,0.813316,16.610684000000003,,,,
20260904T230211Z-0cd42739,176,black,114,Storm v4,Rb8,b3b8,5.868,0.7132970000000001,5.654703,17,819335,-65,541
20260904T230211Z-0cd42739,176,black,115,v3,Kf1,e1f1,16.61,0.818708,16.291292,,,,
20260904T230211Z-0cd42739,176,black,116,Storm v4,Rb1,b8b1,5.654,0.646154,5.507846,19,699851,-65,528
20260904T230211Z-0cd42739,176,black,117,v3,Re1,d1e1,16.291,0.751679,16.039321,,,,
20260904T230211Z-0cd42739,176,black,118,Storm v4,Rb3,b1b3,5.508,0.348147,5.659853,20,411914,-65,519
20260904T230211Z-0cd42739,176,black,119,v3,Be5,a1e5,16.04,0.8222820000000001,15.717718000000001,,,,
20260904T230211Z-0cd42739,176,black,120,Storm v4,Rb1,b3b1,5.66,0.569423,5.590577000000001,20,623494,-65,528
20260904T230211Z-0cd42739,176,black,121,v3,Bh8,e5h8,15.717,0.71949,15.49751,,,,
20260904T230211Z-0cd42739,176,black,122,Storm v4,Rb3,b1b3,5.59,0.752965,5.337035,23,815486,-65,524
20260904T230211Z-0cd42739,176,black,123,v3,Bd4,h8d4,15.498,1.0569490000000001,14.941051,,,,
20260904T230211Z-0cd42739,176,black,124,Storm v4,Rb1,b3b1,5.337,0.466168,5.370832,23,557058,-65,509
20260904T230211Z-0cd42739,176,black,125,v3,Bg7,d4g7,14.941,0.8028759999999999,14.638124,,,,
20260904T230211Z-0cd42739,176,black,126,Storm v4,Rb3,b1b3,5.371,0.8911,4.9799,22,992500,-65,511
20260904T230211Z-0cd42739,176,black,127,v3,Bf6,g7f6,14.638,0.932363,14.205637000000001,,,,
20260904T230211Z-0cd42739,176,black,128,Storm v4,Rb1,b3b1,4.98,0.6866939999999999,4.793306,21,802436,-65,487
20260904T230211Z-0cd42739,176,black,129,v3,Bc3,f6c3,14.205,0.7593329999999999,13.945667,,,,
20260904T230211Z-0cd42739,176,black,130,Storm v4,Rb3,b1b3,4.793,2.362674,2.930326,23,2411520,-65,476
20260904T230211Z-0cd42739,176,black,131,v3,Ba1,c3a1,13.946,0.607467,13.838533,,,,
20260904T230211Z-0cd42739,176,black,132,Storm v4,Rb4,b3b4,2.931,0.346326,3.084674,17,383029,-14,364
20260904T230211Z-0cd42739,176,black,133,v3,e4,e3e4,13.839,0.9902179999999999,13.348782,,,,
20260904T230211Z-0cd42739,176,black,134,Storm v4,Rxe4,b4e4,3.084,0.353748,3.230252,17,366288,-14,399
20260904T230211Z-0cd42739,176,black,135,v3,Bh8,a1h8,13.348,0.890023,12.957977000000001,,,,
20260904T230211Z-0cd42739,176,black,136,Storm v4,Rxe1+,e4e1,3.23,0.385579,3.3444209999999996,20,461899,-31,418
20260904T230211Z-0cd42739,176,black,137,v3,Kxe1,f1e1,12.958,0.5764600000000001,12.881540000000001,,,,
20260904T230211Z-0cd42739,176,black,138,Storm v4,f4,f5f4,3.345,0.64259,3.20241,22,851765,-2,703
20260904T230211Z-0cd42739,176,black,139,v3,gxf4,g3f4,12.882,0.946287,12.435713,,,,
20260904T230211Z-0cd42739,176,black,140,Storm v4,Kxf4,f3f4,3.202,0.45278199999999996,3.249218,25,607775,0,408
20260904T230211Z-0cd42739,176,black,141,v3,Ba1,h8a1,12.435,0.851004,12.083995999999999,,,,
20260904T230211Z-0cd42739,176,black,142,Storm v4,Kf3,f4f3,3.249,0.4269,3.3221,27,526983,0,412
20260904T230211Z-0cd42739,176,black,143,v3,Kf1,e1f1,12.084,0.986361,11.597639,,,,
20260904T230211Z-0cd42739,176,black,144,Storm v4,g3,g4g3,3.322,0.339364,3.482636,28,449293,0,417
20260904T230211Z-0cd42739,176,black,145,v3,fxg3,f2g3,11.598,0.521257,11.576743,,,,
20260904T230211Z-0cd42739,176,black,146,Storm v4,Kxg3,f3g3,3.483,0.447898,3.5351019999999997,36,722030,0,430
20260904T230211Z-0cd42739,176,black,147,v3,Ke2,f1e2,11.577,0.638839,11.438161000000001,,,,
20260904T230211Z-0cd42739,176,black,148,Storm v4,Kf4,g3f4,3.535,0.505946,3.529054,41,930829,0,434
20260904T230211Z-0cd42739,176,black,149,v3,Bc3,a1c3,11.438,0.714121,11.223879,,,,
20260904T230211Z-0cd42739,176,black,150,Storm v4,a1=Q,a2a1q,3.529,0.328736,3.700264,64,512628,0,433
20260904T230211Z-0cd42739,176,black,151,v3,Bxa1,c3a1,11.224,0.20621899999999999,11.517781000000001,,,,
20260904T230211Z-0cd42739,177,white,0,Storm v4,Kc3,d4c3,120.0,2.057866,118.44213400000001,13,1658020,-115,3085
20260904T230211Z-0cd42739,177,white,1,v3,Qh4,d8h4,120.0,4.996434,115.503566,,,,
20260904T230211Z-0cd42739,177,white,2,Storm v4,Be3,c1e3,118.442,3.328051,115.61394899999999,14,2509396,-142,3005
20260904T230211Z-0cd42739,177,white,3,v3,Nf6,g8f6,115.503,5.107742,110.895258,,,,
20260904T230211Z-0cd42739,177,white,4,Storm v4,d4,d3d4,115.613,4.6863649999999994,111.42663499999999,14,3388018,-118,4092
20260904T230211Z-0cd42739,177,white,5,v3,Ng4,f6g4,110.895,5.055683,106.339317,,,,
20260904T230211Z-0cd42739,177,white,6,Storm v4,Nf3,g1f3,111.427,5.516309000000001,106.410691,14,4112626,-142,7142
20260904T230211Z-0cd42739,177,white,7,v3,Nxf2,g4f2,106.339,4.171663,102.667337,,,,
20260904T230211Z-0cd42739,177,white,8,Storm v4,Qe1,d1e1,106.411,4.92704,101.98396000000001,15,3536048,-162,2617
20260904T230211Z-0cd42739,177,white,9,v3,Ne4+,f2e4,102.668,5.329203000000001,97.838797,,,,
20260904T230211Z-0cd42739,177,white,10,Storm v4,Kb3,c3b3,101.984,4.818881,97.665119,16,3542787,-163,7159
20260904T230211Z-0cd42739,177,white,11,v3,Qxe1,h4e1,97.838,4.910902,93.427098,,,,
20260904T230211Z-0cd42739,177,white,12,Storm v4,Nxe1,f3e1,97.665,2.086304,96.078696,16,1790496,-162,2565
20260904T230211Z-0cd42739,177,white,13,v3,a5,a7a5,93.428,3.732566,90.19543399999999,,,,
20260904T230211Z-0cd42739,177,white,14,Storm v4,bxa5,b4a5,96.078,8.011242,88.56675800000001,15,6606491,-168,2829
20260904T230211Z-0cd42739,177,white,15,v3,Rxa5,a8a5,90.195,3.079737,87.61526300000001,,,,
20260904T230211Z-0cd42739,177,white,16,Storm v4,Nc3,b1c3,88.567,6.812779000000001,82.254221,15,5403709,-187,4103
20260904T230211Z-0cd42739,177,white,17,v3,d5,d6d5,87.615,2.4448649999999996,85.67013499999999,,,,
20260904T230211Z-0cd42739,177,white,18,Storm v4,Nxe4,c3e4,82.254,4.026374,78.727626,15,3571671,-213,5287
20260904T230211Z-0cd42739,177,white,19,v3,Rb5+,a5b5,85.67,4.389145,81.780855,,,,
20260904T230211Z-0cd42739,177,white,20,Storm v4,Kc3,b3c3,78.728,2.608853,76.619147,18,2214504,-249,2802
20260904T230211Z-0cd42739,177,white,21,v3,Bb4+,f8b4,81.781,4.19859,78.08241000000001,,,,
20260904T230211Z-0cd42739,177,white,22,Storm v4,Kd3,c3d3,76.619,5.496537999999999,71.622462,18,4562343,-309,6457
20260904T230211Z-0cd42739,177,white,23,v3,dxe4+,d5e4,78.082,1.671672,76.91032799999999,,,,
20260904T230211Z-0cd42739,177,white,24,Storm v4,Kc4,d3c4,71.622,0.000828,72.121172,,,,
20260904T230211Z-0cd42739,177,white,25,v3,Ba3,b4a3,76.911,3.7477460000000002,73.663254,,,,
20260904T230211Z-0cd42739,177,white,26,Storm v4,Rd1,a1d1,72.121,6.747643,65.873357,15,5430247,-293,5169
20260904T230211Z-0cd42739,177,white,27,v3,Rb4+,b5b4,73.663,3.5784830000000003,70.58451699999999,,,,
20260904T230211Z-0cd42739,177,white,28,Storm v4,Kc3,c4c3,65.874,2.535184,63.838816,19,2209093,-273,2422
20260904T230211Z-0cd42739,177,white,29,v3,exd4+,e5d4,70.584,2.9656979999999997,68.118302,,,,
20260904T230211Z-0cd42739,177,white,30,Storm v4,Bxd4,e3d4,63.838,2.4491300000000003,61.888870000000004,20,2244792,-274,2447
20260904T230211Z-0cd42739,177,white,31,v3,Na6,b8a6,68.119,3.435376,65.183624,,,,
20260904T230211Z-0cd42739,177,white,32,Storm v4,e3,e2e3,61.889,2.57819,59.81081,19,2328365,-274,2180
20260904T230211Z-0cd42739,177,white,33,v3,Bb2+,a3b2,65.183,2.610027,63.072973,,,,
20260904T230211Z-0cd42739,177,white,34,Storm v4,Kd2,c3d2,59.811,0.000995,60.310005,,,,
20260904T230211Z-0cd42739,177,white,35,v3,Bxd4,b2d4,63.073,2.73845,60.83455,,,,
20260904T230211Z-0cd42739,177,white,36,Storm v4,exd4,e3d4,60.31,2.430354,58.379646,17,2328171,-278,2304
20260904T230211Z-0cd42739,177,white,37,v3,Rxd4+,b4d4,60.835,2.885216,58.449784,,,,
20260904T230211Z-0cd42739,177,white,38,Storm v4,Kc1,d2c1,58.38,3.492208,55.387792000000005,18,3231529,-274,2490
20260904T230211Z-0cd42739,177,white,39,v3,Ra4,d4a4,58.449,2.3468780000000002,56.602122,,,,
20260904T230211Z-0cd42739,177,white,40,Storm v4,Kb2,c1b2,55.387,3.363254,52.523746,17,3199785,-283,2331
20260904T230211Z-0cd42739,177,white,41,v3,O-O,e8g8,56.602,1.762421,55.339579,,,,
20260904T230211Z-0cd42739,177,white,42,Storm v4,c4,c2c4,52.524,2.2199619999999998,50.804038,16,2109675,-283,2138
20260904T230211Z-0cd42739,177,white,43,v3,Re8,f8e8,55.34,2.079987,53.760013,,,,
20260904T230211Z-0cd42739,177,white,44,Storm v4,Be2,f1e2,50.804,1.397649,49.906351,14,1198359,-283,2109
20260904T230211Z-0cd42739,177,white,45,v3,Nc5,a6c5,53.76,2.766766,51.493233999999994,,,,
20260904T230211Z-0cd42739,177,white,46,Storm v4,Nc2,e1c2,49.906,3.473592,46.932408,15,3067230,-281,2783
20260904T230211Z-0cd42739,177,white,47,v3,e3,e4e3,51.493,2.7633389999999998,49.229661,,,,
20260904T230211Z-0cd42739,177,white,48,Storm v4,Rhe1,h1e1,46.933,3.433472,43.999528,15,2924349,-269,2092
20260904T230211Z-0cd42739,177,white,49,v3,Ra6,a4a6,49.23,2.146966,47.583034,,,,
20260904T230211Z-0cd42739,177,white,50,Storm v4,Bf3,e2f3,43.999,2.709699,41.789301,15,2598748,-216,2439
20260904T230211Z-0cd42739,177,white,51,v3,Bxf3,c6f3,47.583,2.112551,45.970449,,,,
20260904T230211Z-0cd42739,177,white,52,Storm v4,gxf3,g2f3,41.789,1.9162190000000001,40.372781,16,1852520,-217,1993
20260904T230211Z-0cd42739,177,white,53,v3,Rea8,e8a8,45.97,1.63061,44.83939,,,,
20260904T230211Z-0cd42739,177,white,54,Storm v4,Rd5,d1d5,40.373,3.225992,37.647008,15,2947298,-212,4758
20260904T230211Z-0cd42739,177,white,55,v3,Rxa2+,a6a2,44.839,2.2421860000000002,43.096814,,,,
20260904T230211Z-0cd42739,177,white,56,Storm v4,Kb1,b2b1,37.647,2.340317,35.806683,17,2129739,-214,2077
20260904T230211Z-0cd42739,177,white,57,v3,b6,b7b6,43.097,1.925163,41.671837,,,,
20260904T230211Z-0cd42739,177,white,58,Storm v4,Rxe3,e1e3,35.807,2.245031,34.061969,17,2062450,-215,1867
20260904T230211Z-0cd42739,177,white,59,v3,R2a4,a2a4,41.672,1.4410340000000001,40.730966,,,,
20260904T230211Z-0cd42739,177,white,60,Storm v4,Rc3,e3c3,34.062,1.781093,32.780907,16,1729761,-218,1827
20260904T230211Z-0cd42739,177,white,61,v3,g6,g7g6,40.731,1.8105060000000002,39.420494,,,,
20260904T230211Z-0cd42739,177,white,62,Storm v4,h4,h2h4,32.781,3.154166,30.126834,16,2860449,-216,1770
20260904T230211Z-0cd42739,177,white,63,v3,Rc8,a8c8,39.42,1.540073,38.379927,,,,
20260904T230211Z-0cd42739,177,white,64,Storm v4,Ne3,c2e3,30.126,4.176493000000001,26.449506999999997,14,3857380,-224,4346
20260904T230211Z-0cd42739,177,white,65,v3,Rb4+,a4b4,38.38,2.108078,36.771921999999996,,,,
20260904T230211Z-0cd42739,177,white,66,Storm v4,Kc1,b1c1,26.45,1.1969,25.7531,15,1026977,-225,1602
20260904T230211Z-0cd42739,177,white,67,v3,Re8,c8e8,36.772,1.783985,35.488015,,,,
20260904T230211Z-0cd42739,177,white,68,Storm v4,Nc2,e3c2,25.753,1.240232,25.012768,14,1137158,-229,1464
20260904T230211Z-0cd42739,177,white,69,v3,Ra4,b4a4,35.488,1.5344179999999998,34.453582000000004,,,,
20260904T230211Z-0cd42739,177,white,70,Storm v4,Rd2,d5d2,25.013,0.985355,24.527645,14,910052,-226,1393
20260904T230211Z-0cd42739,177,white,71,v3,Kg7,g8g7,34.453,1.140246,33.812754,,,,
20260904T230211Z-0cd42739,177,white,72,Storm v4,Kb1,c1b1,24.527,1.241979,23.785021,16,1176333,-222,1379
20260904T230211Z-0cd42739,177,white,73,v3,Kf6,g7f6,33.813,1.958175,32.354825,,,,
20260904T230211Z-0cd42739,177,white,74,Storm v4,Ne3,c2e3,23.785,2.075466,22.209533999999998,14,1762596,-217,1343
20260904T230211Z-0cd42739,177,white,75,v3,h6,h7h6,32.355,1.642007,31.212992999999997,,,,
20260904T230211Z-0cd42739,177,white,76,Storm v4,Rd5,d2d5,22.21,2.171156,20.538844,14,1895158,-222,1585
20260904T230211Z-0cd42739,177,white,77,v3,Rb4+,a4b4,31.213,1.112318,30.600682,,,,
20260904T230211Z-0cd42739,177,white,78,Storm v4,Kc2,b1c2,20.538,3.0267150000000003,18.011285,14,2531419,-230,1295
20260904T230211Z-0cd42739,177,white,79,v3,Ra8,e8a8,30.601,1.783557,29.317443,,,,
20260904T230211Z-0cd42739,177,white,80,Storm v4,Kd2,c2d2,18.012,1.048886,17.463114,13,914198,-230,1061
20260904T230211Z-0cd42739,177,white,81,v3,Rb1,b4b1,29.317,1.714614,28.102386,,,,
20260904T230211Z-0cd42739,177,white,82,Storm v4,h5,h4h5,17.463,2.177223,15.785777,12,1877941,-254,2210
20260904T230211Z-0cd42739,177,white,83,v3,g5,g6g5,28.102,1.7318099999999998,26.870189999999997,,,,
20260904T230211Z-0cd42739,177,white,84,Storm v4,Ke2,d2e2,15.786,2.727646,13.558354,12,2370508,-278,2594
20260904T230211Z-0cd42739,177,white,85,v3,Rh1,b1h1,26.87,1.016742,26.353258,,,,
20260904T230211Z-0cd42739,177,white,86,Storm v4,Kf2,e2f2,13.558,0.795861,13.262139,12,673694,-286,861
20260904T230211Z-0cd42739,177,white,87,v3,Rxh5,h1h5,26.354,1.2693969999999999,25.584602999999998,,,,
20260904T230211Z-0cd42739,177,white,88,Storm v4,Rd1,d5d1,13.262,0.8324170000000001,12.929583000000001,11,609947,-293,1064
20260904T230211Z-0cd42739,177,white,89,v3,Ra2+,a8a2,25.584,1.578444,24.505556000000002,,,,
20260904T230211Z-0cd42739,177,white,90,Storm v4,Kg1,f2g1,12.929,0.732596,12.696404000000001,13,634769,-307,936
20260904T230211Z-0cd42739,177,white,91,v3,Ne6,c5e6,24.506,0.951455,24.054544999999997,,,,
20260904T230211Z-0cd42739,177,white,92,Storm v4,Ng4+,e3g4,12.697,0.555526,12.641474,12,461314,-306,811
20260904T230211Z-0cd42739,177,white,93,v3,Kg7,f6g7,24.054,1.488645,23.065355,,,,
20260904T230211Z-0cd42739,177,white,94,Storm v4,Rcd3,c3d3,12.641,0.643755,12.497245000000001,14,570799,-317,827
20260904T230211Z-0cd42739,177,white,95,v3,Rh3,h5h3,23.066,1.456107,22.109893,,,,
20260904T230211Z-0cd42739,177,white,96,Storm v4,Nf2,g4f2,12.497,1.3042660000000001,11.692734,14,1083498,-360,1852
20260904T230211Z-0cd42739,177,white,97,v3,Rh4,h3h4,22.109,1.023747,21.585253,,,,
20260904T230211Z-0cd42739,177,white,98,Storm v4,Ng4,f2g4,11.693,1.043192,11.149808,14,897516,-373,1328
20260904T230211Z-0cd42739,177,white,99,v3,h5,h6h5,21.586,1.3714739999999999,20.714526000000003,,,,
20260904T230211Z-0cd42739,177,white,100,Storm v4,Ne3,g4e3,11.15,0.657672,10.992327999999999,14,582279,-397,842
20260904T230211Z-0cd42739,177,white,101,v3,Rf4,h4f4,20.714,0.998561,20.215439,,,,
20260904T230211Z-0cd42739,177,white,102,Storm v4,Nd5,e3d5,10.992,0.709102,10.782898,14,645436,-395,728
20260904T230211Z-0cd42739,177,white,103,v3,Rxc4,f4c4,20.215,1.368993,19.346007,,,,
20260904T230211Z-0cd42739,177,white,104,Storm v4,Ne3,d5e3,10.783,0.867303,10.415697,14,772721,-405,763
20260904T230211Z-0cd42739,177,white,105,v3,Rc5,c4c5,19.346,1.189807,18.656193,,,,
20260904T230211Z-0cd42739,177,white,106,Storm v4,R3d2,d3d2,10.416,0.9873959999999999,9.928604,14,913925,-425,871
20260904T230211Z-0cd42739,177,white,107,v3,Rxd2,a2d2,18.657,1.228353,17.928647,,,,
20260904T230211Z-0cd42739,177,white,108,Storm v4,Rxd2,d1d2,9.928,1.072057,9.355943,14,1058562,-430,737
20260904T230211Z-0cd42739,177,white,109,v3,Rc1+,c5c1,17.928,1.1014680000000001,17.326532,,,,
20260904T230211Z-0cd42739,177,white,110,Storm v4,Kf2,g1f2,9.356,1.7896569999999998,8.066343,15,1801904,-442,814
20260904T230211Z-0cd42739,177,white,111,v3,h4,h5h4,17.327,1.170918,16.656082,,,,
20260904T230211Z-0cd42739,177,white,112,Storm v4,Nf5+,e3f5,8.066,3.1081329999999996,5.457867,14,3024110,-459,1649
20260904T230211Z-0cd42739,177,white,113,v3,Kf6,g7f6,16.656,1.042242,16.113758,,,,
20260904T230211Z-0cd42739,177,white,114,Storm v4,Ne3,f5e3,5.458,1.251625,4.706375,15,1234899,-458,510
20260904T230211Z-0cd42739,177,white,115,v3,Nf4,e6f4,16.113,0.892294,15.720706,,,,
20260904T230211Z-0cd42739,177,white,116,Storm v4,Rd8,d2d8,4.707,0.848605,4.358395000000001,14,826979,-465,481
20260904T230211Z-0cd42739,177,white,117,v3,h3,h4h3,15.721,1.024649,15.196351,,,,
20260904T230211Z-0cd42739,177,white,118,Storm v4,Kg3,f2g3,4.358,0.788796,4.069204,13,772204,-457,552
20260904T230211Z-0cd42739,177,white,119,v3,Ke7,f6e7,15.196,1.08844,14.60756,,,,
20260904T230211Z-0cd42739,177,white,120,Storm v4,Rd1,d8d1,4.069,0.775306,3.793694,12,759782,-459,656
20260904T230211Z-0cd42739,177,white,121,v3,Rc5,c1c5,14.608,0.6675220000000001,14.440477999999999,,,,
20260904T230211Z-0cd42739,177,white,122,Storm v4,Re1,d1e1,3.794,0.775278,3.518722,13,775296,-457,500
20260904T230211Z-0cd42739,177,white,123,v3,Kf6,e7f6,14.44,0.714252,14.225748,,,,
20260904T230211Z-0cd42739,177,white,124,Storm v4,Rd1,e1d1,3.518,0.418688,3.599312,13,453185,-465,411
20260904T230211Z-0cd42739,177,white,125,v3,Kg7,f6g7,14.226,0.924058,13.801941999999999,,,,
20260904T230211Z-0cd42739,177,white,126,Storm v4,Rd2,d1d2,3.6,0.360317,3.739683,12,384765,-464,405
20260904T230211Z-0cd42739,177,white,127,v3,b5,b6b5,13.802,0.7597780000000001,13.542221999999999,,,,
20260904T230211Z-0cd42739,177,white,128,Storm v4,Ng4,e3g4,3.739,0.5670259999999999,3.671974,12,638103,-462,532
20260904T230211Z-0cd42739,177,white,129,v3,Rc1,c5c1,13.542,0.824612,13.217388000000001,,,,
20260904T230211Z-0cd42739,177,white,130,Storm v4,Rb2,d2b2,3.672,0.426891,3.745109,13,449918,-477,549
20260904T230211Z-0cd42739,177,white,131,v3,b4,b5b4,13.217,0.865515,12.851485,,,,
20260904T230211Z-0cd42739,177,white,132,Storm v4,Kh2,g3h2,3.745,0.6607390000000001,3.584261,14,698731,-564,693
20260904T230211Z-0cd42739,177,white,133,v3,c5,c7c5,12.852,0.882375,12.469625,,,,
20260904T230211Z-0cd42739,177,white,134,Storm v4,Nf2,g4f2,3.585,0.602968,3.4820320000000002,14,626334,-626,992
20260904T230211Z-0cd42739,177,white,135,v3,c4,c5c4,12.469,0.903246,12.065754,,,,
20260904T230211Z-0cd42739,177,white,136,Storm v4,Nxh3,f2h3,3.482,0.66628,3.3157200000000002,16,692654,-682,656
20260904T230211Z-0cd42739,177,white,137,v3,c3,c4c3,12.066,0.752656,11.813344,,,,
20260904T230211Z-0cd42739,177,white,138,Storm v4,Rxb4,b2b4,3.315,0.30784500000000004,3.5071549999999996,16,321262,-683,387
20260904T230211Z-0cd42739,177,white,139,v3,Rc2+,c1c2,11.813,0.511731,11.801269,,,,
20260904T230211Z-0cd42739,177,white,140,Storm v4,Kh1,h2h1,3.507,0.818712,3.188288,17,762743,-785,720
20260904T230211Z-0cd42739,177,white,141,v3,Nxh3,f4h3,11.802,0.928575,11.373425,,,,
20260904T230211Z-0cd42739,177,white,142,Storm v4,Rc4,b4c4,3.189,0.593495,3.095505,16,547040,-819,847
20260904T230211Z-0cd42739,177,white,143,v3,Nf2+,h3f2,11.373,0.742534,11.130466,,,,
20260904T230211Z-0cd42739,177,white,144,Storm v4,Kg1,h1g1,3.095,0.799413,2.795587,16,759698,-884,1021
20260904T230211Z-0cd42739,177,white,145,v3,Nd3,f2d3,11.131,0.554242,11.076758,,,,
20260904T230211Z-0cd42739,177,white,146,Storm v4,Rc8,c4c8,2.796,0.400351,2.8956489999999997,15,406327,-901,394
20260904T230211Z-0cd42739,177,white,147,v3,Rc1+,c2c1,11.076,0.626201,10.949798999999999,,,,
20260904T230211Z-0cd42739,177,white,148,Storm v4,Kh2,g1h2,2.895,0.28312200000000004,3.1118780000000004,17,283727,-913,411
20260904T230211Z-0cd42739,177,white,149,v3,c2,c3c2,10.95,0.730491,10.719509,,,,
20260904T230211Z-0cd42739,177,white,150,Storm v4,Rc7,c8c7,3.112,0.42139699999999997,3.190603,16,465067,-912,376
20260904T230211Z-0cd42739,177,white,151,v3,Ne1,d3e1,10.719,0.840477,10.378523,,,,
20260904T230211Z-0cd42739,177,white,152,Storm v4,Kg3,h2g3,3.191,0.611274,3.079726,16,708171,-930,385
20260904T230211Z-0cd42739,177,white,153,v3,Rd1,c1d1,10.379,0.830647,10.048352999999999,,,,
20260904T230211Z-0cd42739,177,white,154,Storm v4,Kg4,g3g4,3.079,0.7842480000000001,2.794752,15,1054529,-933,380
20260904T230211Z-0cd42739,177,white,155,v3,c1=Q,c2c1q,10.048,0.7054940000000001,9.842506,,,,
20260904T230211Z-0cd42739,177,white,156,Storm v4,Rxc1,c7c1,2.795,0.27105799999999997,3.023942,14,362636,-943,364
20260904T230211Z-0cd42739,177,white,157,v3,Rxc1,d1c1,9.843,0.645409,9.697591000000001,,,,
20260904T230211Z-0cd42739,177,white,158,Storm v4,Kxg5,g4g5,3.024,0.582115,2.941885,13,806479,-950,397
20260904T230211Z-0cd42739,177,white,159,v3,Nxf3+,e1f3,9.697,0.6973630000000001,9.499637,,,,
20260904T230211Z-0cd42739,177,white,160,Storm v4,Kf4,g5f4,2.942,0.341337,3.100663,13,444414,-947,433
20260904T230211Z-0cd42739,177,white,161,v3,Nd4,f3d4,9.5,0.787092,9.212907999999999,,,,
20260904T230211Z-0cd42739,177,white,162,Storm v4,Ke5,f4e5,3.1,0.36598200000000003,3.234018,11,499198,-947,396
20260904T230211Z-0cd42739,177,white,163,v3,Rd1,c1d1,9.213,0.7632140000000001,8.949786,,,,
20260904T230211Z-0cd42739,177,white,164,Storm v4,Kd5,e5d5,3.234,0.296725,3.437275,10,403810,-959,425
20260904T230211Z-0cd42739,177,white,165,v3,Kf6,g7f6,8.949,0.758275,8.690725,,,,
20260904T230211Z-0cd42739,177,white,166,Storm v4,Ke4,d5e4,3.438,0.8107000000000001,3.1273,12,1140690,-1039,771
20260904T230211Z-0cd42739,177,white,167,v3,Kg5,f6g5,8.691,0.5191209999999999,8.671879,,,,
20260904T230211Z-0cd42739,177,white,168,Storm v4,Kd5,e4d5,3.127,1.2765060000000001,2.350494,13,1434768,-1475,1260
20260904T230211Z-0cd42739,177,white,169,v3,f5,f7f5,8.672,0.567902,8.604098,,,,
20260904T230211Z-0cd42739,177,white,170,Storm v4,Kd6,d5d6,2.35,0.530096,2.319904,13,472198,-31986,998
20260904T230211Z-0cd42739,177,white,171,v3,f4,f5f4,8.604,0.47730399999999995,8.626695999999999,,,,
20260904T230211Z-0cd42739,177,white,172,Storm v4,Ke7,d6e7,2.32,0.452817,2.367183,13,388569,-31988,333
20260904T230211Z-0cd42739,177,white,173,v3,f3,f4f3,8.627,0.927723,8.199277,,,,
20260904T230211Z-0cd42739,177,white,174,Storm v4,Kd7,e7d7,2.367,0.3795,2.4875,13,318844,-31990,337
20260904T230211Z-0cd42739,177,white,175,v3,f2,f3f2,8.199,0.468549,8.230451,,,,
20260904T230211Z-0cd42739,177,white,176,Storm v4,Ke8,d7e8,2.488,0.367147,2.620853,23,389097,-31992,345
20260904T230211Z-0cd42739,177,white,177,v3,f1=Q,f2f1q,8.23,0.445899,8.284100999999998,,,,
20260904T230211Z-0cd42739,177,white,178,Storm v4,Kd8,e8d8,2.621,0.13993,2.9810700000000003,64,153832,-31994,339
20260904T230211Z-0cd42739,177,white,179,v3,Ne6+,d4e6,8.284,0.13292099999999998,8.651079,,,,
20260904T230211Z-0cd42739,177,white,180,Storm v4,Kc8,d8c8,2.981,0.006571,3.474429,64,5732,-31996,387
20260904T230211Z-0cd42739,177,white,181,v3,Qa6+,f1a6,8.651,0.00611,9.14489,,,,
20260904T230211Z-0cd42739,177,white,182,Storm v4,Kb8,c8b8,3.474,0.000372,3.973628,,,,
20260904T230211Z-0cd42739,177,white,183,v3,Rd8#,d1d8,9.145,0.002617,9.642383,,,,
20260904T230211Z-0cd42739,177,black,0,v3,Kc3,d4c3,120.0,5.559899000000001,114.940101,,,,
20260904T230211Z-0cd42739,177,black,1,Storm v4,Qh4,d8h4,120.0,2.5153499999999998,117.98464999999999,13,1912518,138,2714
20260904T230211Z-0cd42739,177,black,2,v3,Be3,c1e3,114.94,3.293815,112.146185,,,,
20260904T230211Z-0cd42739,177,black,3,Storm v4,Nf6,g8f6,117.984,2.389989,116.094011,13,1858981,137,2718
20260904T230211Z-0cd42739,177,black,4,v3,d4,d3d4,112.146,5.48569,107.16031,,,,
20260904T230211Z-0cd42739,177,black,5,Storm v4,Nd5+,f6d5,116.094,5.839621,110.754379,12,4328986,117,8720
20260904T230211Z-0cd42739,177,black,6,v3,Kb3,c3b3,107.16,4.961288,102.698712,,,,
20260904T230211Z-0cd42739,177,black,7,Storm v4,Nxe3,d5e3,110.754,2.1469,109.1071,12,1659655,131,2590
20260904T230211Z-0cd42739,177,black,8,v3,fxe3,f2e3,102.699,4.129441,99.069559,,,,
20260904T230211Z-0cd42739,177,black,9,Storm v4,a5,a7a5,109.107,2.229244,107.37775599999999,12,1688625,150,2738
20260904T230211Z-0cd42739,177,black,10,v3,Nf3,g1f3,99.069,4.6557569999999995,94.91324300000001,,,,
20260904T230211Z-0cd42739,177,black,11,Storm v4,Qf2,h4f2,107.378,6.806894000000001,101.071106,13,4866136,138,7045
20260904T230211Z-0cd42739,177,black,12,v3,d5,d4d5,94.913,4.494183,90.91881699999999,,,,
20260904T230211Z-0cd42739,177,black,13,Storm v4,Qxe3+,f2e3,101.071,2.303684,99.26731600000001,13,1624023,157,2544
20260904T230211Z-0cd42739,177,black,14,v3,c3,c2c3,90.919,3.675667,87.74333299999999,,,,
20260904T230211Z-0cd42739,177,black,15,Storm v4,Bd7,c6d7,99.267,2.872971,96.89402899999999,14,2125190,155,2529
20260904T230211Z-0cd42739,177,black,16,v3,Qd2,d1d2,87.743,4.385441,83.857559,,,,
20260904T230211Z-0cd42739,177,black,17,Storm v4,Qb6,e3b6,96.894,2.727929,94.666071,13,2016078,153,2531
20260904T230211Z-0cd42739,177,black,18,v3,e4,e2e4,83.858,4.148665,80.20933500000001,,,,
20260904T230211Z-0cd42739,177,black,19,Storm v4,Na6,b8a6,94.666,3.8157979999999996,91.35020200000001,14,2999486,168,3055
20260904T230211Z-0cd42739,177,black,20,v3,Bxa6,f1a6,80.209,3.979849,76.729151,,,,
20260904T230211Z-0cd42739,177,black,21,Storm v4,Qxa6,b6a6,91.351,2.500308,89.350692,14,2016637,172,2493
20260904T230211Z-0cd42739,177,black,22,v3,Re1,h1e1,76.729,4.134173,73.09482700000001,,,,
20260904T230211Z-0cd42739,177,black,23,Storm v4,Be7,f8e7,89.35,3.202426,86.64757399999999,14,2652167,169,2495
20260904T230211Z-0cd42739,177,black,24,v3,Kb2,b3b2,73.095,4.260979,69.33402099999999,,,,
20260904T230211Z-0cd42739,177,black,25,Storm v4,c6,c7c6,86.648,3.2112420000000004,83.936758,13,2666239,175,3765
20260904T230211Z-0cd42739,177,black,26,v3,Qe2,d2e2,69.334,2.5907750000000003,67.24322500000001,,,,
20260904T230211Z-0cd42739,177,black,27,Storm v4,Qxe2+,a6e2,83.936,2.207472,82.22852800000001,15,2193269,184,2485
20260904T230211Z-0cd42739,177,black,28,v3,Rxe2,e1e2,67.243,2.303728,65.439272,,,,
20260904T230211Z-0cd42739,177,black,29,Storm v4,cxd5,c6d5,82.229,2.200545,80.52845500000001,17,2374593,193,2883
20260904T230211Z-0cd42739,177,black,30,v3,exd5,e4d5,65.439,3.433177,62.505823,,,,
20260904T230211Z-0cd42739,177,black,31,Storm v4,Bb5,d7b5,80.528,5.262922,75.76507799999999,17,5139196,197,6192
20260904T230211Z-0cd42739,177,black,32,v3,Rd2,e2d2,62.506,2.2738850000000004,60.732115,,,,
20260904T230211Z-0cd42739,177,black,33,Storm v4,e4,e5e4,75.765,2.366303,73.898697,16,2431361,189,2893
20260904T230211Z-0cd42739,177,black,34,v3,Nd4,f3d4,60.732,2.2233539999999996,59.008646,,,,
20260904T230211Z-0cd42739,177,black,35,Storm v4,e3,e4e3,73.899,9.330718000000001,65.068282,17,9399713,167,6202
20260904T230211Z-0cd42739,177,black,36,v3,Rd1,d2d1,59.009,2.346783,57.162217,,,,
20260904T230211Z-0cd42739,177,black,37,Storm v4,Bc4,b5c4,65.068,1.663649,63.904351000000005,15,1684217,189,2473
20260904T230211Z-0cd42739,177,black,38,v3,Nc2,d4c2,57.162,2.240239,55.421761,,,,
20260904T230211Z-0cd42739,177,black,39,Storm v4,e2,e3e2,63.904,8.203794,56.200206,16,7992826,153,5534
20260904T230211Z-0cd42739,177,black,40,v3,Rd4,d1d4,55.422,2.732828,53.189172,,,,
20260904T230211Z-0cd42739,177,black,41,Storm v4,Ba6,c4a6,56.201,1.693829,55.007171,15,1665372,163,2291
20260904T230211Z-0cd42739,177,black,42,v3,Nba3,b1a3,53.189,1.622508,52.066492,,,,
20260904T230211Z-0cd42739,177,black,43,Storm v4,axb4,a5b4,55.007,2.965748,52.541252,15,2908618,152,3822
20260904T230211Z-0cd42739,177,black,44,v3,cxb4,c3b4,52.066,1.965711,50.600289,,,,
20260904T230211Z-0cd42739,177,black,45,Storm v4,Bf6,e7f6,52.541,1.691152,51.349848,14,1687811,152,2173
20260904T230211Z-0cd42739,177,black,46,v3,b5,b4b5,50.6,1.676778,49.423222,,,,
20260904T230211Z-0cd42739,177,black,47,Storm v4,O-O,e8g8,51.35,3.512572,48.337428,15,3504542,112,2165
20260904T230211Z-0cd42739,177,black,48,v3,Re1,a1e1,49.423,2.153548,47.769451999999994,,,,
20260904T230211Z-0cd42739,177,black,49,Storm v4,Rfe8,f8e8,48.337,1.841132,46.995868,15,1986858,80,2203
20260904T230211Z-0cd42739,177,black,50,v3,bxa6,b5a6,47.77,2.356989,45.913011,,,,
20260904T230211Z-0cd42739,177,black,51,Storm v4,Rxa6,a8a6,46.996,1.493398,46.002601999999996,15,1417966,82,2187
20260904T230211Z-0cd42739,177,black,52,v3,Nb5,a3b5,45.913,2.332111,44.080889000000006,,,,
20260904T230211Z-0cd42739,177,black,53,Storm v4,Ra5,a6a5,46.003,2.417057,44.085943,15,2449432,78,2132
20260904T230211Z-0cd42739,177,black,54,v3,Nxd6,b5d6,44.081,2.2843139999999997,42.296686,,,,
20260904T230211Z-0cd42739,177,black,55,Storm v4,Rd8,e8d8,44.085,2.349633,42.235367,15,2362843,105,2568
20260904T230211Z-0cd42739,177,black,56,v3,Ne4,d6e4,42.296,2.143516,40.652483999999994,,,,
20260904T230211Z-0cd42739,177,black,57,Storm v4,Bxd4+,f6d4,42.236,1.8761379999999999,40.859862,17,2012844,229,2065
20260904T230211Z-0cd42739,177,black,58,v3,Nxd4,c2d4,40.653,2.363029,38.789970999999994,,,,
20260904T230211Z-0cd42739,177,black,59,Storm v4,Ra4,a5a4,40.86,2.233653,39.126347,18,2348783,234,2293
20260904T230211Z-0cd42739,177,black,60,v3,Rxe2,e1e2,38.79,1.3955050000000002,37.894495,,,,
20260904T230211Z-0cd42739,177,black,61,Storm v4,Rxd4,a4d4,39.126,1.6685219999999998,37.957478,18,1742674,233,2241
20260904T230211Z-0cd42739,177,black,62,v3,Nc3,e4c3,37.894,1.713782,36.680218,,,,
20260904T230211Z-0cd42739,177,black,63,Storm v4,Rc8,d8c8,37.957,2.6820399999999998,35.77496,18,2883259,234,2286
20260904T230211Z-0cd42739,177,black,64,v3,a4,a2a4,36.68,1.217047,35.962953,,,,
20260904T230211Z-0cd42739,177,black,65,Storm v4,Rd3,d4d3,35.775,2.035889,34.239110999999994,18,2309541,247,2139
20260904T230211Z-0cd42739,177,black,66,v3,Rc2,e2c2,35.963,1.400419,35.062581,,,,
20260904T230211Z-0cd42739,177,black,67,Storm v4,h5,h7h5,34.239,1.353184,33.385816,18,1471410,250,2056
20260904T230211Z-0cd42739,177,black,68,v3,Kb3,b2b3,35.063,1.312212,34.250788,,,,
20260904T230211Z-0cd42739,177,black,69,Storm v4,Kh7,g8h7,33.386,1.879386,32.006614,19,2114471,250,2009
20260904T230211Z-0cd42739,177,black,70,v3,g3,g2g3,34.25,1.85301,32.89699,,,,
20260904T230211Z-0cd42739,177,black,71,Storm v4,g5,g7g5,32.007,3.583134,28.923866,20,3878847,288,1934
20260904T230211Z-0cd42739,177,black,72,v3,Kb2,b3b2,32.897,1.9700440000000001,31.426955999999997,,,,
20260904T230211Z-0cd42739,177,black,73,Storm v4,Kg6,h7g6,28.923,3.866454,25.556545999999997,19,3924216,298,1811
20260904T230211Z-0cd42739,177,black,74,v3,Rc1,c2c1,31.427,1.7886579999999999,30.138342,,,,
20260904T230211Z-0cd42739,177,black,75,Storm v4,h4,h5h4,25.557,1.3380519999999998,24.718948,16,1377142,312,1620
20260904T230211Z-0cd42739,177,black,76,v3,gxh4,g3h4,30.139,1.7768920000000001,28.862108,,,,
20260904T230211Z-0cd42739,177,black,77,Storm v4,gxh4,g5h4,24.719,1.509232,23.709768,16,1586326,312,1585
20260904T230211Z-0cd42739,177,black,78,v3,Rc2,c1c2,28.862,1.71923,27.64277,,,,
20260904T230211Z-0cd42739,177,black,79,Storm v4,Kg7,g6g7,23.71,2.447849,21.762151,17,2540102,305,1549
20260904T230211Z-0cd42739,177,black,80,v3,h3,h2h3,27.642,1.399524,26.742476,,,,
20260904T230211Z-0cd42739,177,black,81,Storm v4,Rxh3,d3h3,21.762,2.124176,20.137824000000002,14,2166013,375,2921
20260904T230211Z-0cd42739,177,black,82,v3,d6,d5d6,26.743,1.3948369999999999,25.848163,,,,
20260904T230211Z-0cd42739,177,black,83,Storm v4,Rd3,h3d3,20.138,1.507985,19.130015,15,1486600,380,1330
20260904T230211Z-0cd42739,177,black,84,v3,Nb5,c3b5,25.848,0.88283,25.465169999999997,,,,
20260904T230211Z-0cd42739,177,black,85,Storm v4,Rxc2+,c8c2,19.129,2.15114,17.47786,18,2377922,721,1968
20260904T230211Z-0cd42739,177,black,86,v3,Kxc2,b2c2,25.465,1.568656,24.396344000000003,,,,
20260904T230211Z-0cd42739,177,black,87,Storm v4,h3,h4h3,17.478,3.535512,14.442487999999999,19,4202709,746,2708
20260904T230211Z-0cd42739,177,black,88,v3,Kxd3,c2d3,24.396,1.295442,23.600558,,,,
20260904T230211Z-0cd42739,177,black,89,Storm v4,h2,h3h2,14.443,4.80176,10.14124,19,5800522,769,1340
20260904T230211Z-0cd42739,177,black,90,v3,Kd4,d3d4,23.601,1.551937,22.549063,,,,
20260904T230211Z-0cd42739,177,black,91,Storm v4,h1=Q,h2h1q,10.141,4.65393,5.98707,17,6183936,769,939
20260904T230211Z-0cd42739,177,black,92,v3,Kc3,d4c3,22.549,1.079509,21.969491,,,,
20260904T230211Z-0cd42739,177,black,93,Storm v4,Kf6,g7f6,5.987,1.093163,5.3938369999999995,14,1744926,775,1301
20260904T230211Z-0cd42739,177,black,94,v3,Kb2,c3b2,21.969,0.9318540000000001,21.537146,,,,
20260904T230211Z-0cd42739,177,black,95,Storm v4,Qd1,h1d1,5.394,0.390471,5.503529,15,506048,799,534
20260904T230211Z-0cd42739,177,black,96,v3,Ka3,b2a3,21.537,0.9280700000000001,21.10893,,,,
20260904T230211Z-0cd42739,177,black,97,Storm v4,Qb1,d1b1,5.503,0.644182,5.358818,17,824036,807,525
20260904T230211Z-0cd42739,177,black,98,v3,Nc3,b5c3,21.109,0.944871,20.664129,,,,
20260904T230211Z-0cd42739,177,black,99,Storm v4,Qd3,b1d3,5.359,0.7474270000000001,5.111573,17,833720,816,519
20260904T230211Z-0cd42739,177,black,100,v3,Kb2,a3b2,20.664,0.954509,20.209491000000003,,,,
20260904T230211Z-0cd42739,177,black,101,Storm v4,Ke6,f6e6,5.112,0.45772,5.15428,16,546860,817,497
20260904T230211Z-0cd42739,177,black,102,v3,Nb5,c3b5,20.21,1.271099,19.438901,,,,
20260904T230211Z-0cd42739,177,black,103,Storm v4,Kd5,e6d5,5.154,0.788365,4.865635,14,929366,900,1524
20260904T230211Z-0cd42739,177,black,104,v3,d7,d6d7,19.439,0.985831,18.953169000000003,,,,
20260904T230211Z-0cd42739,177,black,105,Storm v4,Kc4,d5c4,4.865,0.5372480000000001,4.827752,15,618094,914,495
20260904T230211Z-0cd42739,177,black,106,v3,Na3+,b5a3,18.953,1.1451259999999999,18.307873999999998,,,,
20260904T230211Z-0cd42739,177,black,107,Storm v4,Kc5,c4c5,4.828,1.250065,4.077935,16,1723381,937,542
20260904T230211Z-0cd42739,177,black,108,v3,d8=Q,d7d8q,18.308,1.19903,17.608970000000003,,,,
20260904T230211Z-0cd42739,177,black,109,Storm v4,Qxd8,d3d8,4.078,0.373567,4.204433,16,459060,941,410
20260904T230211Z-0cd42739,177,black,110,v3,Nc2,a3c2,17.609,1.169408,16.939592,,,,
20260904T230211Z-0cd42739,177,black,111,Storm v4,Qd3,d8d3,4.204,0.412646,4.291353999999999,15,570916,949,449
20260904T230211Z-0cd42739,177,black,112,v3,a5,a4a5,16.939,0.9064909999999999,16.532508999999997,,,,
20260904T230211Z-0cd42739,177,black,113,Storm v4,Qb5+,d3b5,4.292,1.1002159999999999,3.691784,15,1504799,1024,1413
20260904T230211Z-0cd42739,177,black,114,v3,Kc3,b2c3,16.533,0.948557,16.084443,,,,
20260904T230211Z-0cd42739,177,black,115,Storm v4,Qxa5+,b5a5,3.691,0.48673700000000003,3.704263,15,615179,1080,869
20260904T230211Z-0cd42739,177,black,116,v3,Kd3,c3d3,16.084,1.006402,15.577598,,,,
20260904T230211Z-0cd42739,177,black,117,Storm v4,Qa6+,a5a6,3.705,0.568387,3.636613,15,733415,1094,425
20260904T230211Z-0cd42739,177,black,118,v3,Kd2,d3d2,15.578,1.129704,14.948296000000001,,,,
20260904T230211Z-0cd42739,177,black,119,Storm v4,Qd6+,a6d6,3.636,0.555224,3.5807759999999997,15,709342,1119,814
20260904T230211Z-0cd42739,177,black,120,v3,Ke2,d2e2,14.948,1.03966,14.40834,,,,
20260904T230211Z-0cd42739,177,black,121,Storm v4,b5,b7b5,3.581,0.409037,3.6719630000000003,15,472247,1128,412
20260904T230211Z-0cd42739,177,black,122,v3,Ne1,c2e1,14.408,0.808685,14.099315,,,,
20260904T230211Z-0cd42739,177,black,123,Storm v4,b4,b5b4,3.672,1.2777429999999999,2.894257,14,1940078,1222,926
20260904T230211Z-0cd42739,177,black,124,v3,Nf3,e1f3,14.099,1.026237,13.572762999999998,,,,
20260904T230211Z-0cd42739,177,black,125,Storm v4,b3,b4b3,2.894,0.845665,2.5483350000000002,13,891294,1311,813
20260904T230211Z-0cd42739,177,black,126,v3,Nd2,f3d2,13.573,0.620109,13.452891,,,,
20260904T230211Z-0cd42739,177,black,127,Storm v4,Qd5,d6d5,2.548,1.010502,2.0374980000000003,13,1136460,1810,833
20260904T230211Z-0cd42739,177,black,128,v3,Ke3,e2e3,13.453,0.818861,13.134139,,,,
20260904T230211Z-0cd42739,177,black,129,Storm v4,b2,b3b2,2.038,1.5436320000000001,0.9943679999999999,12,1337344,2054,711
20260904T230211Z-0cd42739,177,black,130,v3,Ke2,e3e2,13.134,1.213038,12.420962,,,,
20260904T230211Z-0cd42739,177,black,131,Storm v4,Kd4,c5d4,0.994,0.0023769999999999998,1.4916230000000001,1,117,31987,425
20260904T230211Z-0cd42739,177,black,132,v3,Kf2,e2f2,12.421,0.812457,12.108543,,,,
20260904T230211Z-0cd42739,177,black,133,Storm v4,Qf5+,d5f5,1.492,0.0019470000000000002,1.990053,1,69,31989,425
20260904T230211Z-0cd42739,177,black,134,v3,Kg3,f2g3,12.108,0.609638,11.998361999999998,,,,
20260904T230211Z-0cd42739,177,black,135,Storm v4,Qg5+,f5g5,1.99,0.00204,2.48796,1,69,31991,469
20260904T230211Z-0cd42739,177,black,136,v3,Kh3,g3h3,11.999,0.524057,11.974943,,,,
20260904T230211Z-0cd42739,177,black,137,Storm v4,Qxd2,g5d2,2.488,0.002137,2.9858629999999997,1,64,31993,515
20260904T230211Z-0cd42739,177,black,138,v3,Kh4,h3h4,11.975,0.134797,12.340202999999999,,,,
20260904T230211Z-0cd42739,177,black,139,Storm v4,b1=Q,b2b1q,2.986,0.004549,3.481451,4,2598,31995,852
20260904T230211Z-0cd42739,177,black,140,v3,Kh5,h4h5,12.34,0.006059999999999999,12.83394,,,,
20260904T230211Z-0cd42739,177,black,141,Storm v4,Qg6+,b1g6,3.481,0.0030009999999999998,3.9779989999999996,2,477,31997,1046
20260904T230211Z-0cd42739,177,black,142,v3,Kh4,h5h4,12.834,0.001307,13.332692999999999,,,,
20260904T230211Z-0cd42739,177,black,143,Storm v4,Qdh6#,d2h6,3.978,0.0025139999999999997,4.475486,1,112,31999,620
20260904T230211Z-0cd42739,178,white,0,Storm v4,c3,c2c3,120.0,2.578156,117.921844,13,2573480,28,2714
20260904T230211Z-0cd42739,178,white,1,v3,Nf6,g8f6,120.0,5.137295,115.362705,,,,
20260904T230211Z-0cd42739,178,white,2,Storm v4,Nf3,g1f3,117.921,2.972801,115.44819899999999,14,3297368,34,2707
20260904T230211Z-0cd42739,178,white,3,v3,c6,c7c6,115.362,4.051968,111.810032,,,,
20260904T230211Z-0cd42739,178,white,4,Storm v4,Bd3,b5d3,115.448,2.1626480000000003,113.785352,15,2116219,44,2664
20260904T230211Z-0cd42739,178,white,5,v3,Be7,f8e7,111.81,5.368622,106.941378,,,,
20260904T230211Z-0cd42739,178,white,6,Storm v4,O-O,e1g1,113.786,2.229216,112.056784,14,2168751,44,2654
20260904T230211Z-0cd42739,178,white,7,v3,O-O,e8g8,106.941,3.8936529999999996,103.54734699999999,,,,
20260904T230211Z-0cd42739,178,white,8,Storm v4,h3,h2h3,112.056,2.287734,110.268266,13,2140385,40,2663
20260904T230211Z-0cd42739,178,white,9,v3,a5,a7a5,103.548,4.561336,99.486664,,,,
20260904T230211Z-0cd42739,178,white,10,Storm v4,a4,a2a4,110.269,3.614002,107.154998,14,3465411,39,3308
20260904T230211Z-0cd42739,178,white,11,v3,b6,b7b6,99.486,4.612171,95.373829,,,,
20260904T230211Z-0cd42739,178,white,12,Storm v4,Be3,c1e3,107.155,1.887778,105.76722199999999,14,1957561,37,2621
20260904T230211Z-0cd42739,178,white,13,v3,d5,d6d5,95.374,2.999973,92.874027,,,,
20260904T230211Z-0cd42739,178,white,14,Storm v4,Nbd2,b1d2,105.767,2.308967,103.958033,16,2180070,53,2681
20260904T230211Z-0cd42739,178,white,15,v3,exd4,e5d4,92.874,4.497944,88.87605599999999,,,,
20260904T230211Z-0cd42739,178,white,16,Storm v4,cxd4,c3d4,103.958,2.3052979999999996,102.152702,16,2219747,50,2586
20260904T230211Z-0cd42739,178,white,17,v3,dxe4,d5e4,88.876,4.569952,84.80604799999999,,,,
20260904T230211Z-0cd42739,178,white,18,Storm v4,Nxe4,d2e4,102.152,2.2990180000000002,100.352982,17,2195700,44,2651
20260904T230211Z-0cd42739,178,white,19,v3,Nxe4,f6e4,84.806,3.911288,81.394712,,,,
20260904T230211Z-0cd42739,178,white,20,Storm v4,Bxe4,d3e4,100.353,2.499425,98.35357499999999,17,2664325,43,2604
20260904T230211Z-0cd42739,178,white,21,v3,Ba6,c8a6,81.395,3.805193,78.08980700000001,,,,
20260904T230211Z-0cd42739,178,white,22,Storm v4,Bd3,e4d3,98.354,2.775637,96.078363,17,2541938,38,2699
20260904T230211Z-0cd42739,178,white,23,v3,Bxd3,a6d3,78.089,4.254191,74.33480899999999,,,,
20260904T230211Z-0cd42739,178,white,24,Storm v4,Qxd3,e2d3,96.078,6.630679,89.947321,17,5658872,35,2708
20260904T230211Z-0cd42739,178,white,25,v3,Qc7,d8c7,74.335,4.039541,70.79545900000001,,,,
20260904T230211Z-0cd42739,178,white,26,Storm v4,Qf5,d3f5,89.947,2.089788,88.357212,14,1980540,35,2569
20260904T230211Z-0cd42739,178,white,27,v3,g6,g7g6,70.796,1.9901099999999998,69.30589,,,,
20260904T230211Z-0cd42739,178,white,28,Storm v4,Qg4,f5g4,88.358,8.435165999999999,80.42283400000001,16,7586121,29,6068
20260904T230211Z-0cd42739,178,white,29,v3,Nf6,d7f6,69.305,2.0592260000000002,67.74577400000001,,,,
20260904T230211Z-0cd42739,178,white,30,Storm v4,Bf4,e3f4,80.422,2.0656849999999998,78.85631500000001,17,1793291,23,2407
20260904T230211Z-0cd42739,178,white,31,v3,Qd8,c7d8,67.746,2.459175,65.786825,,,,
20260904T230211Z-0cd42739,178,white,32,Storm v4,Qg5,g4g5,78.857,2.289565,77.067435,18,2242970,6,2423
20260904T230211Z-0cd42739,178,white,33,v3,Nd5,f6d5,65.787,2.433792,63.853208,,,,
20260904T230211Z-0cd42739,178,white,34,Storm v4,Qh6,g5h6,77.067,2.726022,74.840978,18,2807181,-1,2446
20260904T230211Z-0cd42739,178,white,35,v3,Nxf4,d5f4,63.853,2.111676,62.241324,,,,
20260904T230211Z-0cd42739,178,white,36,Storm v4,Qxf4,h6f4,74.841,3.42175,71.91925,17,3115653,-7,2451
20260904T230211Z-0cd42739,178,white,37,v3,Bd6,e7d6,62.241,2.940511,59.800489,,,,
20260904T230211Z-0cd42739,178,white,38,Storm v4,Qe4,f4e4,71.919,4.5169179999999995,67.902082,17,4149941,-10,2407
20260904T230211Z-0cd42739,178,white,39,v3,c5,c6c5,59.801,2.103559,58.197441,,,,
20260904T230211Z-0cd42739,178,white,40,Storm v4,Rfe1,f1e1,67.902,1.849097,66.552903,14,1641661,-10,2773
20260904T230211Z-0cd42739,178,white,41,v3,Qf6,d8f6,58.197,2.710951,55.986049,,,,
20260904T230211Z-0cd42739,178,white,42,Storm v4,b3,b2b3,66.553,3.1546089999999998,63.898391000000004,14,2924460,-15,3450
20260904T230211Z-0cd42739,178,white,43,v3,cxd4,c5d4,55.986,2.434679,54.051320999999994,,,,
20260904T230211Z-0cd42739,178,white,44,Storm v4,Qxd4,e4d4,63.898,1.7558399999999998,62.642160000000004,16,1663334,-23,2240
20260904T230211Z-0cd42739,178,white,45,v3,Qxd4,f6d4,54.051,2.614415,51.936585,,,,
20260904T230211Z-0cd42739,178,white,46,Storm v4,Nxd4,f3d4,62.642,2.46977,60.672230000000006,18,2614711,-26,2492
20260904T230211Z-0cd42739,178,white,47,v3,Rfe8,f8e8,51.937,2.741851,49.695149,,,,
20260904T230211Z-0cd42739,178,white,48,Storm v4,Kf1,g1f1,60.673,3.9164760000000003,57.256524,16,4274372,-21,3346
20260904T230211Z-0cd42739,178,white,49,v3,Bc5,d6c5,49.695,2.495297,47.699703,,,,
20260904T230211Z-0cd42739,178,white,50,Storm v4,Nc6,d4c6,57.256,2.546423,55.209576999999996,17,2747482,-28,2654
20260904T230211Z-0cd42739,178,white,51,v3,Kg7,g8g7,47.7,2.592623,45.607377,,,,
20260904T230211Z-0cd42739,178,white,52,Storm v4,Rad1,a1d1,55.21,2.168055,53.541945,16,2237619,-34,2699
20260904T230211Z-0cd42739,178,white,53,v3,Rxe1+,e8e1,45.607,1.63228,44.47472,,,,
20260904T230211Z-0cd42739,178,white,54,Storm v4,Rxe1,d1e1,53.542,3.663446,50.378554,20,3840535,-31,3058
20260904T230211Z-0cd42739,178,white,55,v3,Rc8,a8c8,44.475,2.4282880000000002,42.546712,,,,
20260904T230211Z-0cd42739,178,white,56,Storm v4,Ne5,c6e5,50.378,5.430122,45.447877999999996,20,5835300,-39,2986
20260904T230211Z-0cd42739,178,white,57,v3,Rd8,c8d8,42.546,2.4111599999999997,40.63484,,,,
20260904T230211Z-0cd42739,178,white,58,Storm v4,Nc4,e5c4,45.448,2.226787,43.721213000000006,19,2396266,-39,2715
20260904T230211Z-0cd42739,178,white,59,v3,Rd3,d8d3,40.635,1.3341020000000001,39.800898000000004,,,,
20260904T230211Z-0cd42739,178,white,60,Storm v4,Rb1,e1b1,43.721,2.288678,41.932322,19,2454610,-36,2700
20260904T230211Z-0cd42739,178,white,61,v3,Rc3,d3c3,39.801,1.9512260000000001,38.349774,,,,
20260904T230211Z-0cd42739,178,white,62,Storm v4,Rb2,b1b2,41.932,6.702954,35.729046000000004,18,6809049,-42,2682
20260904T230211Z-0cd42739,178,white,63,v3,Rc1+,c3c1,38.35,2.2051190000000003,36.644881,,,,
20260904T230211Z-0cd42739,178,white,64,Storm v4,Ke2,f1e2,35.729,0.000823,36.228177,,,,
20260904T230211Z-0cd42739,178,white,65,v3,h5,h7h5,36.645,2.0521469999999997,35.092853000000005,,,,
20260904T230211Z-0cd42739,178,white,66,Storm v4,h4,h3h4,36.228,2.595349,34.132650999999996,17,2776840,-35,2271
20260904T230211Z-0cd42739,178,white,67,v3,Rh1,c1h1,35.092,1.384827,34.207173000000004,,,,
20260904T230211Z-0cd42739,178,white,68,Storm v4,g3,g2g3,34.133,3.633686,30.999314,18,3995732,-30,2161
20260904T230211Z-0cd42739,178,white,69,v3,Rc1,h1c1,34.208,1.932401,32.775599,,,,
20260904T230211Z-0cd42739,178,white,70,Storm v4,Ne3,c4e3,30.999,2.228927,29.270073,18,2446628,-30,1961
20260904T230211Z-0cd42739,178,white,71,v3,Kf6,g7f6,32.775,1.190806,32.084194,,,,
20260904T230211Z-0cd42739,178,white,72,Storm v4,Kd3,e2d3,29.27,1.841827,27.928172999999997,17,2012662,-30,1862
20260904T230211Z-0cd42739,178,white,73,v3,Ke5,f6e5,32.084,1.852061,30.731938999999997,,,,
20260904T230211Z-0cd42739,178,white,74,Storm v4,Re2,b2e2,27.929,1.70355,26.725450000000002,15,1853473,-30,1786
20260904T230211Z-0cd42739,178,white,75,v3,Rb1,c1b1,30.732,1.083097,30.148902999999997,,,,
20260904T230211Z-0cd42739,178,white,76,Storm v4,Kc2,d3c2,26.725,1.644946,25.580054,14,1710753,-30,1717
20260904T230211Z-0cd42739,178,white,77,v3,Ra1,b1a1,30.149,1.051007,29.597993,,,,
20260904T230211Z-0cd42739,178,white,78,Storm v4,Kd3,c2d3,25.58,1.273098,24.806902,14,1396905,-30,1652
20260904T230211Z-0cd42739,178,white,79,v3,Kf6,e5f6,29.598,1.754191,28.343809,,,,
20260904T230211Z-0cd42739,178,white,80,Storm v4,Kc4,d3c4,24.807,2.1005160000000003,23.206484,16,2339094,-30,1608
20260904T230211Z-0cd42739,178,white,81,v3,Rb1,a1b1,28.344,1.635392,27.208608,,,,
20260904T230211Z-0cd42739,178,white,82,Storm v4,Kc3,c4c3,23.206,1.682838,22.023162,16,1808758,-30,1516
20260904T230211Z-0cd42739,178,white,83,v3,Rc1+,b1c1,27.208,0.898181,26.809819,,,,
20260904T230211Z-0cd42739,178,white,84,Storm v4,Kd3,c3d3,22.023,3.427261,19.095739000000002,17,3662072,-30,1565
20260904T230211Z-0cd42739,178,white,85,v3,Kg7,f6g7,26.81,1.345498,25.964502,,,,
20260904T230211Z-0cd42739,178,white,86,Storm v4,Kd2,d3d2,19.096,1.3251,18.2709,18,1620563,-29,1282
20260904T230211Z-0cd42739,178,white,87,v3,Rb1,c1b1,25.965,1.6398510000000002,24.825149,,,,
20260904T230211Z-0cd42739,178,white,88,Storm v4,Kc2,d2c2,18.271,2.1244560000000003,16.646544000000002,18,2310288,-29,1235
20260904T230211Z-0cd42739,178,white,89,v3,Rh1,b1h1,24.825,1.131037,24.193963,,,,
20260904T230211Z-0cd42739,178,white,90,Storm v4,Kd3,c2d3,16.646,1.866531,15.279469,17,2181316,-27,1763
20260904T230211Z-0cd42739,178,white,91,v3,Rg1,h1g1,24.194,0.872932,23.821068,,,,
20260904T230211Z-0cd42739,178,white,92,Storm v4,Rd2,e2d2,15.28,1.77777,14.002229999999999,17,2079969,-25,1627
20260904T230211Z-0cd42739,178,white,93,v3,Rb1,g1b1,23.821,1.52182,22.79918,,,,
20260904T230211Z-0cd42739,178,white,94,Storm v4,Kc4,d3c4,14.002,1.394388,13.107612000000001,18,1688933,-26,991
20260904T230211Z-0cd42739,178,white,95,v3,Re1,b1e1,22.799,1.33592,21.96308,,,,
20260904T230211Z-0cd42739,178,white,96,Storm v4,Nd5,e3d5,13.108,0.7439880000000001,12.864012,17,892474,-27,946
20260904T230211Z-0cd42739,178,white,97,v3,Rf1,e1f1,21.963,0.850383,21.612616999999997,,,,
20260904T230211Z-0cd42739,178,white,98,Storm v4,Ne3,d5e3,12.864,0.762895,12.601105,17,1003673,-29,938
20260904T230211Z-0cd42739,178,white,99,v3,Rc1+,f1c1,21.612,0.825406,21.286594,,,,
20260904T230211Z-0cd42739,178,white,100,Storm v4,Kd3,c4d3,12.601,1.2109459999999999,11.890054,19,1482423,-26,987
20260904T230211Z-0cd42739,178,white,101,v3,Ra1,c1a1,21.287,0.891972,20.895028,,,,
20260904T230211Z-0cd42739,178,white,102,Storm v4,Nd5,e3d5,11.89,1.630997,10.759003,17,1807776,-26,871
20260904T230211Z-0cd42739,178,white,103,v3,Rf1,a1f1,20.895,0.834324,20.560676,,,,
20260904T230211Z-0cd42739,178,white,104,Storm v4,Ne3,d5e3,10.759,0.995672,10.263328,17,1158133,-20,808
20260904T230211Z-0cd42739,178,white,105,v3,Rc1,f1c1,20.561,1.344472,19.716527999999997,,,,
20260904T230211Z-0cd42739,178,white,106,Storm v4,Nd5,e3d5,10.263,0.697976,10.065024,16,826382,-20,778
20260904T230211Z-0cd42739,178,white,107,v3,f5,f7f5,19.716,1.268846,18.947153999999998,,,,
20260904T230211Z-0cd42739,178,white,108,Storm v4,Ne3,d5e3,10.065,0.5216069999999999,10.043393,15,531128,-20,767
20260904T230211Z-0cd42739,178,white,109,v3,Kf6,g7f6,18.947,1.202705,18.244294999999997,,,,
20260904T230211Z-0cd42739,178,white,110,Storm v4,Nd5+,e3d5,10.043,0.67371,9.869290000000001,15,722804,-20,766
20260904T230211Z-0cd42739,178,white,111,v3,Ke6,f6e6,18.244,1.145975,17.598025,,,,
20260904T230211Z-0cd42739,178,white,112,Storm v4,Nf4+,d5f4,9.869,0.6205470000000001,9.748453,15,674012,-20,756
20260904T230211Z-0cd42739,178,white,113,v3,Kf7,e6f7,17.598,1.346385,16.751614999999997,,,,
20260904T230211Z-0cd42739,178,white,114,Storm v4,Nd5,f4d5,9.749,0.781802,9.467198,15,813205,-19,751
20260904T230211Z-0cd42739,178,white,115,v3,Ra1,c1a1,16.752,0.84404,16.40796,,,,
20260904T230211Z-0cd42739,178,white,116,Storm v4,Kc4,d3c4,9.467,0.490095,9.476905,14,519217,-19,733
20260904T230211Z-0cd42739,178,white,117,v3,Rf1,a1f1,16.408,0.784,16.124,,,,
20260904T230211Z-0cd42739,178,white,118,Storm v4,Ne3,d5e3,9.477,0.667717,9.309282999999999,14,740246,-19,733
20260904T230211Z-0cd42739,178,white,119,v3,Rc1+,f1c1,16.124,0.983852,15.640148,,,,
20260904T230211Z-0cd42739,178,white,120,Storm v4,Kd3,c4d3,9.309,0.61295,9.19605,15,654578,-19,782
20260904T230211Z-0cd42739,178,white,121,v3,Ke6,f7e6,15.64,1.08351,15.05649,,,,
20260904T230211Z-0cd42739,178,white,122,Storm v4,Re2,d2e2,9.196,1.097999,8.598001,15,1166317,-19,717
20260904T230211Z-0cd42739,178,white,123,v3,Rb1,c1b1,15.056,1.02315,14.53285,,,,
20260904T230211Z-0cd42739,178,white,124,Storm v4,Kc2,d3c2,8.598,0.803852,8.294148000000002,14,872598,-19,683
20260904T230211Z-0cd42739,178,white,125,v3,Ra1,b1a1,14.533,1.047268,13.985732,,,,
20260904T230211Z-0cd42739,178,white,126,Storm v4,Kd3,c2d3,8.294,0.613774,8.180226,13,656341,-19,666
20260904T230211Z-0cd42739,178,white,127,v3,Kf7,e6f7,13.986,0.97226,13.51374,,,,
20260904T230211Z-0cd42739,178,white,128,Storm v4,Rd2,e2d2,8.18,0.755126,7.924874,14,842053,-18,659
20260904T230211Z-0cd42739,178,white,129,v3,Kg7,f7g7,13.514,0.820977,13.193022999999998,,,,
20260904T230211Z-0cd42739,178,white,130,Storm v4,Re2,d2e2,7.925,1.09849,7.32651,15,1286265,-19,649
20260904T230211Z-0cd42739,178,white,131,v3,Rg1,a1g1,13.192,0.699948,12.992052,,,,
20260904T230211Z-0cd42739,178,white,132,Storm v4,Kc4,d3c4,7.327,0.5177809999999999,7.309219,14,626471,-19,611
20260904T230211Z-0cd42739,178,white,133,v3,Kf7,g7f7,12.992,0.912584,12.579415999999998,,,,
20260904T230211Z-0cd42739,178,white,134,Storm v4,Nd5,e3d5,7.309,1.403227,6.405773,15,1572253,-18,1443
20260904T230211Z-0cd42739,178,white,135,v3,Rf1,g1f1,12.58,0.553859,12.526140999999999,,,,
20260904T230211Z-0cd42739,178,white,136,Storm v4,Ne3,d5e3,6.406,0.477788,6.428211999999999,15,575153,-19,558
20260904T230211Z-0cd42739,178,white,137,v3,Rc1+,f1c1,12.526,0.614536,12.411464,,,,
20260904T230211Z-0cd42739,178,white,138,Storm v4,Kd3,c4d3,6.428,0.969294,5.958706,17,1095587,-19,604
20260904T230211Z-0cd42739,178,white,139,v3,Rg1,c1g1,12.411,0.928742,11.982258,,,,
20260904T230211Z-0cd42739,178,white,140,Storm v4,Kc4,d3c4,5.958,0.359966,6.098033999999999,13,399493,-19,533
20260904T230211Z-0cd42739,178,white,141,v3,Rh1,g1h1,11.983,0.55725,11.92575,,,,
20260904T230211Z-0cd42739,178,white,142,Storm v4,Rd2,e2d2,6.098,0.522153,6.0758469999999996,13,576029,-17,659
20260904T230211Z-0cd42739,178,white,143,v3,f4,f5f4,11.925,0.9442440000000001,11.480756,,,,
20260904T230211Z-0cd42739,178,white,144,Storm v4,Nd5,e3d5,6.076,0.701434,5.874566,14,762534,-19,573
20260904T230211Z-0cd42739,178,white,145,v3,fxg3,f4g3,11.481,0.860483,11.120517,,,,
20260904T230211Z-0cd42739,178,white,146,Storm v4,fxg3,f2g3,5.875,0.376384,5.998616,14,386939,-4,541
20260904T230211Z-0cd42739,178,white,147,v3,Rg1,h1g1,11.12,0.7387290000000001,10.881271,,,,
20260904T230211Z-0cd42739,178,white,148,Storm v4,Rd3,d2d3,5.998,0.452817,6.045183,14,476209,1,540
20260904T230211Z-0cd42739,178,white,149,v3,Bd6,c5d6,10.882,0.682157,10.699843000000001,,,,
20260904T230211Z-0cd42739,178,white,150,Storm v4,Nf4,d5f4,6.045,0.5858260000000001,5.959174,14,629429,2,551
20260904T230211Z-0cd42739,178,white,151,v3,Bxf4,d6f4,10.7,0.49468599999999996,10.705314,,,,
20260904T230211Z-0cd42739,178,white,152,Storm v4,gxf4,g3f4,5.959,0.5184930000000001,5.940506999999999,16,636305,15,563
20260904T230211Z-0cd42739,178,white,153,v3,Rf1,g1f1,10.705,0.5797920000000001,10.625208,,,,
20260904T230211Z-0cd42739,178,white,154,Storm v4,Kb5,c4b5,5.941,1.310854,5.130146,16,1528238,15,1068
20260904T230211Z-0cd42739,178,white,155,v3,Rxf4,f1f4,10.625,0.6516770000000001,10.473323,,,,
20260904T230211Z-0cd42739,178,white,156,Storm v4,Kxb6,b5b6,5.13,0.411127,5.218872999999999,15,461956,21,516
20260904T230211Z-0cd42739,178,white,157,v3,Rxh4,f4h4,10.473,1.508722,9.464278,,,,
20260904T230211Z-0cd42739,178,white,158,Storm v4,Kxa5,b6a5,5.219,1.7257159999999998,3.993284,14,1978352,27,522
20260904T230211Z-0cd42739,178,white,159,v3,Rg4,h4g4,9.464,0.7040890000000001,9.259911,,,,
20260904T230211Z-0cd42739,178,white,160,Storm v4,b4,b3b4,3.993,0.304409,4.188591000000001,14,341025,42,437
20260904T230211Z-0cd42739,178,white,161,v3,h4,h5h4,9.26,0.531691,9.228309,,,,
20260904T230211Z-0cd42739,178,white,162,Storm v4,b5,b4b5,4.189,0.319378,4.369622,14,376641,46,450
20260904T230211Z-0cd42739,178,white,163,v3,Rg3,g4g3,9.229,0.813297,8.915702999999999,,,,
20260904T230211Z-0cd42739,178,white,164,Storm v4,Rd2,d3d2,4.369,1.198231,3.6707690000000004,14,1205662,156,994
20260904T230211Z-0cd42739,178,white,165,v3,h3,h4h3,8.915,0.545509,8.869491,,,,
20260904T230211Z-0cd42739,178,white,166,Storm v4,b6,b5b6,3.671,0.612987,3.558013,15,612617,101,956
20260904T230211Z-0cd42739,178,white,167,v3,Rg2,g3g2,8.87,0.777221,8.592779,,,,
20260904T230211Z-0cd42739,178,white,168,Storm v4,b7,b6b7,3.558,0.296834,3.7611660000000002,13,292759,243,412
20260904T230211Z-0cd42739,178,white,169,v3,Rxd2,g2d2,8.592,0.589889,8.502111000000001,,,,
20260904T230211Z-0cd42739,178,white,170,Storm v4,b8=Q,b7b8q,3.761,0.304599,3.956401,12,304481,240,448
20260904T230211Z-0cd42739,178,white,171,v3,h2,h3h2,8.503,0.8079729999999999,8.195027,,,,
20260904T230211Z-0cd42739,178,white,172,Storm v4,Qf4+,b8f4,3.956,1.4946210000000002,2.961379,12,1451659,241,418
20260904T230211Z-0cd42739,178,white,173,v3,Kg7,f7g7,8.194,0.493236,8.200764,,,,
20260904T230211Z-0cd42739,178,white,174,Storm v4,Qe4,f4e4,2.962,0.997457,2.464543,12,956976,241,362
20260904T230211Z-0cd42739,178,white,175,v3,g5,g6g5,8.201,0.739875,7.961125,,,,
20260904T230211Z-0cd42739,178,white,176,Storm v4,Kb5,a5b5,2.464,0.546326,2.417674,10,536410,247,335
20260904T230211Z-0cd42739,178,white,177,v3,Rb2+,d2b2,7.961,0.458103,8.002897,,,,
20260904T230211Z-0cd42739,178,white,178,Storm v4,Ka6,b5a6,2.418,0.528916,2.389084,10,534431,246,545
20260904T230211Z-0cd42739,178,white,179,v3,Re2,b2e2,8.003,0.684554,7.818446,,,,
20260904T230211Z-0cd42739,178,white,180,Storm v4,Qd4+,e4d4,2.389,0.49726600000000004,2.391734,10,418224,248,331
20260904T230211Z-0cd42739,178,white,181,v3,Kg6,g7g6,7.819,0.735716,7.583284,,,,
20260904T230211Z-0cd42739,178,white,182,Storm v4,Qd3+,d4d3,2.392,0.31662,2.57538,11,311298,247,329
20260904T230211Z-0cd42739,178,white,183,v3,Kg7,g6g7,7.583,0.6582210000000001,7.424779,,,,
20260904T230211Z-0cd42739,178,white,184,Storm v4,Qc3+,d3c3,2.575,0.6215660000000001,2.453434,12,587972,247,340
20260904T230211Z-0cd42739,178,white,185,v3,Kg6,g7g6,7.425,0.717263,7.207737,,,,
20260904T230211Z-0cd42739,178,white,186,Storm v4,Qh3,c3h3,2.453,0.832413,2.120587,12,833179,244,339
20260904T230211Z-0cd42739,178,white,187,v3,Rb2,e2b2,7.207,0.703456,7.003544,,,,
20260904T230211Z-0cd42739,178,white,188,Storm v4,a5,a4a5,2.121,0.222322,2.398678,11,237272,243,316
20260904T230211Z-0cd42739,178,white,189,v3,Kf6,g6f6,7.004,0.678901,6.825099,,,,
20260904T230211Z-0cd42739,178,white,190,Storm v4,Qh8+,h3h8,2.399,0.238028,2.660972,11,232396,243,330
20260904T230211Z-0cd42739,178,white,191,v3,Kg6,f6g6,6.825,0.573661,6.751339,,,,
20260904T230211Z-0cd42739,178,white,192,Storm v4,Qe8+,h8e8,2.661,0.318909,2.842091,12,311819,243,344
20260904T230211Z-0cd42739,178,white,193,v3,Kf5,g6f5,6.751,0.405951,6.845049,,,,
20260904T230211Z-0cd42739,178,white,194,Storm v4,Qc8+,e8c8,2.842,0.446543,2.895457,12,451204,243,355
20260904T230211Z-0cd42739,178,white,195,v3,Kf4,f5f4,6.845,0.470353,6.8746469999999995,,,,
20260904T230211Z-0cd42739,178,white,196,Storm v4,Qc7+,c8c7,2.895,0.642207,2.752793,12,628090,244,359
20260904T230211Z-0cd42739,178,white,197,v3,Kg4,f4g4,6.875,0.6380629999999999,6.736937,,,,
20260904T230211Z-0cd42739,178,white,198,Storm v4,Qd7+,c7d7,2.753,0.36985700000000005,2.883143,12,374545,244,350
20260904T230211Z-0cd42739,178,white,199,v3,Kf4,g4f4,6.737,0.48937400000000003,6.747626,,,,
20260904T230211Z-0cd42739,178,white,200,Storm v4,Qd6+,d7d6,2.883,0.5801029999999999,2.8028969999999997,13,611241,244,357
20260904T230211Z-0cd42739,178,white,201,v3,Kg4,f4g4,6.747,0.60664,6.640359999999999,,,,
20260904T230211Z-0cd42739,178,white,202,Storm v4,Qe6+,d6e6,2.803,0.329973,2.973027,13,333018,244,353
20260904T230211Z-0cd42739,178,white,203,v3,Kg3,g4g3,6.64,0.71899,6.42101,,,,
20260904T230211Z-0cd42739,178,white,204,Storm v4,Qe5+,e6e5,2.973,0.5488930000000001,2.924107,12,604917,244,364
20260904T230211Z-0cd42739,178,white,205,v3,Kh3,g3h3,6.421,0.6431979999999999,6.277801999999999,,,,
20260904T230211Z-0cd42739,178,white,206,Storm v4,Qh8+,e5h8,2.924,0.565626,2.858374,13,644398,244,740
20260904T230211Z-0cd42739,178,white,207,v3,Kg3,h3g3,6.278,0.49751100000000004,6.280488999999999,,,,
20260904T230211Z-0cd42739,178,white,208,Storm v4,Ka7,a6a7,2.858,1.1425750000000001,2.215425,12,1114349,254,855
20260904T230211Z-0cd42739,178,white,209,v3,Rf2,b2f2,6.281,0.46904700000000005,6.311953,,,,
20260904T230211Z-0cd42739,178,white,210,Storm v4,Qe5+,h8e5,2.215,0.37565,2.33935,11,360608,246,335
20260904T230211Z-0cd42739,178,white,211,v3,Kh3,g3h3,6.312,0.60999,6.2020100000000005,,,,
20260904T230211Z-0cd42739,178,white,212,Storm v4,Qe3+,e5e3,2.34,1.019176,1.820824,12,975213,256,334
20260904T230211Z-0cd42739,178,white,213,v3,Kg4,h3g4,6.202,0.6759270000000001,6.026073,,,,
20260904T230211Z-0cd42739,178,white,214,Storm v4,Qe1,e3e1,1.821,0.439001,1.881999,12,407147,256,296
20260904T230211Z-0cd42739,178,white,215,v3,Kf3,g4f3,6.026,0.43335199999999996,6.0926480000000005,,,,
20260904T230211Z-0cd42739,178,white,216,Storm v4,a6,a5a6,1.882,0.281113,2.1008869999999997,10,279021,268,300
20260904T230211Z-0cd42739,178,white,217,v3,Kg2,f3g2,6.092,0.681508,5.9104920000000005,,,,
20260904T230211Z-0cd42739,178,white,218,Storm v4,Qe4+,e1e4,2.1,1.552877,1.047123,11,1530880,253,312
20260904T230211Z-0cd42739,178,white,219,v3,Kg3,g2g3,5.911,0.626049,5.784951,,,,
20260904T230211Z-0cd42739,178,white,220,Storm v4,Qe3+,e4e3,1.047,0.377134,1.169866,11,315104,271,340
20260904T230211Z-0cd42739,178,white,221,v3,Kg4,g3g4,5.785,0.656983,5.628017,,,,
20260904T230211Z-0cd42739,178,white,222,Storm v4,Qe1,e3e1,1.17,0.27544,1.39456,12,262597,270,278
20260904T230211Z-0cd42739,178,white,223,v3,Kh3,g4h3,5.628,0.693396,5.434604,,,,
20260904T230211Z-0cd42739,178,white,224,Storm v4,Kb6,a7b6,1.395,0.473947,1.421053,10,439614,289,280
20260904T230211Z-0cd42739,178,white,225,v3,Rf6+,f2f6,5.434,0.673544,5.2604560000000005,,,,
20260904T230211Z-0cd42739,178,white,226,Storm v4,Kb5,b6b5,1.421,0.21468600000000002,1.706314,10,211054,285,304
20260904T230211Z-0cd42739,178,white,227,v3,Rf5+,f6f5,5.261,0.657644,5.103356,,,,
20260904T230211Z-0cd42739,178,white,228,Storm v4,Kc4,b5c4,1.706,0.286425,1.919575,10,274167,270,343
20260904T230211Z-0cd42739,178,white,229,v3,Rf4+,f5f4,5.103,0.5384439999999999,5.0645560000000005,,,,
20260904T230211Z-0cd42739,178,white,230,Storm v4,Kd5,c4d5,1.92,0.283646,2.1363540000000003,10,247093,289,327
20260904T230211Z-0cd42739,178,white,231,v3,Rf5+,f4f5,5.064,0.497324,5.066676,,,,
20260904T230211Z-0cd42739,178,white,232,Storm v4,Kd4,d5d4,2.136,0.616154,2.019846,10,609252,287,418
20260904T230211Z-0cd42739,178,white,233,v3,Ra5,f5a5,5.067,0.592936,4.974064,,,,
20260904T230211Z-0cd42739,178,white,234,Storm v4,Qe3+,e1e3,2.02,0.46968099999999996,2.050319,10,453578,282,517
20260904T230211Z-0cd42739,178,white,235,v3,Kg4,h3g4,4.974,0.393861,5.080139,,,,
20260904T230211Z-0cd42739,178,white,236,Storm v4,Qe4+,e3e4,2.05,0.22467099999999998,2.3253289999999995,11,202736,284,312
20260904T230211Z-0cd42739,178,white,237,v3,Kg3,g4g3,5.08,0.38836200000000004,5.191638,,,,
20260904T230211Z-0cd42739,178,white,238,Storm v4,Qd3+,e4d3,2.325,0.251862,2.5731379999999997,11,233288,285,326
20260904T230211Z-0cd42739,178,white,239,v3,Kg4,g3g4,5.192,0.636649,5.055351,,,,
20260904T230211Z-0cd42739,178,white,240,Storm v4,Qh7,d3h7,2.573,1.6868789999999998,1.3861210000000002,12,1722368,285,339
20260904T230211Z-0cd42739,178,white,241,v3,Kg3,g4g3,5.055,0.829264,4.7257359999999995,,,,
20260904T230211Z-0cd42739,178,white,242,Storm v4,Qc7+,h7c7,1.387,0.20694800000000002,1.6800519999999999,11,209649,261,278
20260904T230211Z-0cd42739,178,white,243,v3,Kg4,g3g4,4.726,0.669158,4.5568420000000005,,,,
20260904T230211Z-0cd42739,178,white,244,Storm v4,Qxh2,c7h2,1.68,0.631886,1.548114,11,600874,636,299
20260904T230211Z-0cd42739,178,white,245,v3,Ra1,a5a1,4.557,0.387885,4.669115,,,,
20260904T230211Z-0cd42739,178,white,246,Storm v4,Qc7,h2c7,1.548,0.7499600000000001,1.2980399999999999,10,687174,767,999
20260904T230211Z-0cd42739,178,white,247,v3,Kh4,g4h4,4.669,0.396729,4.772271,,,,
20260904T230211Z-0cd42739,178,white,248,Storm v4,a7,a6a7,1.298,0.371418,1.4265819999999998,11,319748,856,280
20260904T230211Z-0cd42739,178,white,249,v3,g4,g5g4,4.772,0.5654640000000001,4.706536,,,,
20260904T230211Z-0cd42739,178,white,250,Storm v4,Qd8+,c7d8,1.426,0.537663,1.388337,12,610473,916,448
20260904T230211Z-0cd42739,178,white,251,v3,Kh3,h4h3,4.706,0.402812,4.8031880000000005,,,,
20260904T230211Z-0cd42739,178,white,252,Storm v4,Qh8+,d8h8,1.388,0.5764,1.3115999999999999,14,724768,1007,705
20260904T230211Z-0cd42739,178,white,253,v3,Kg3,h3g3,4.803,0.708,4.595,,,,
20260904T230211Z-0cd42739,178,white,254,Storm v4,a8=Q,a7a8q,1.312,0.8939819999999999,0.918018,14,1349547,1030,555
20260904T230211Z-0cd42739,178,white,255,v3,Rxa8,a1a8,4.595,0.791732,4.303268,,,,
20260904T230211Z-0cd42739,178,white,256,Storm v4,Qxa8,h8a8,0.918,0.283613,1.134387,13,426317,1060,516
20260904T230211Z-0cd42739,178,white,257,v3,Kf2,g3f2,4.304,0.581099,4.222901,,,,
20260904T230211Z-0cd42739,178,white,258,Storm v4,Qa2+,a8a2,1.134,0.526104,1.107896,11,558630,31981,732
20260904T230211Z-0cd42739,178,white,259,v3,Kf3,f2f3,4.222,0.569299,4.152701,,,,
20260904T230211Z-0cd42739,178,white,260,Storm v4,Qd5+,a2d5,1.108,0.001882,1.606118,1,66,31983,425
20260904T230211Z-0cd42739,178,white,261,v3,Kf4,f3f4,4.153,0.39118400000000003,4.261816,,,,
20260904T230211Z-0cd42739,178,white,262,Storm v4,Qe5+,d5e5,1.606,0.001874,2.1041260000000004,1,69,31985,435
20260904T230211Z-0cd42739,178,white,263,v3,Kf3,f4f3,4.262,0.455392,4.306608,,,,
20260904T230211Z-0cd42739,178,white,264,Storm v4,Qf5+,e5f5,2.104,0.002091,2.601909,1,57,31987,483
20260904T230211Z-0cd42739,178,white,265,v3,Kg3,f3g3,4.307,0.5045609999999999,4.302439000000001,,,,
20260904T230211Z-0cd42739,178,white,266,Storm v4,Ke3,d4e3,2.602,0.0019890000000000003,3.100011,1,60,31989,531
20260904T230211Z-0cd42739,178,white,267,v3,Kh3,g3h3,4.302,0.423286,4.3787139999999996,,,,
20260904T230211Z-0cd42739,178,white,268,Storm v4,Qg5,f5g5,3.1,0.001997,3.5980030000000003,1,66,31991,579
20260904T230211Z-0cd42739,178,white,269,v3,Kg3,h3g3,4.379,0.433265,4.445735000000001,,,,
20260904T230211Z-0cd42739,178,white,270,Storm v4,Qh5,g5h5,3.598,0.001657,4.096343,1,44,31993,627
20260904T230211Z-0cd42739,178,white,271,v3,Kg2,g3g2,4.445,0.025831,4.919169,,,,
20260904T230211Z-0cd42739,178,white,272,Storm v4,Qxg4+,h5g4,4.096,0.002761,4.593239,4,1236,31995,1014
20260904T230211Z-0cd42739,178,white,273,v3,Kh2,g2h2,4.919,0.003959,5.415041,,,,
20260904T230211Z-0cd42739,178,white,274,Storm v4,Kf3,e3f3,4.594,0.002118,5.091882,3,430,31997,1433
20260904T230211Z-0cd42739,178,white,275,v3,Kh1,h2h1,5.415,0.000939,5.914060999999999,,,,
20260904T230211Z-0cd42739,178,white,276,Storm v4,Qg2#,g4g2,5.092,0.00152,5.5904799999999994,1,48,31999,772
20260904T230211Z-0cd42739,178,black,0,v3,c3,c2c3,120.0,5.36674,115.13325999999999,,,,
20260904T230211Z-0cd42739,178,black,1,Storm v4,Nf6,g8f6,120.0,2.745335,117.75466499999999,14,2873775,-28,2708
20260904T230211Z-0cd42739,178,black,2,v3,Nf3,g1f3,115.133,3.17448,112.45852000000001,,,,
20260904T230211Z-0cd42739,178,black,3,Storm v4,c6,c7c6,117.754,1.7970570000000001,116.456943,13,1795050,-36,2703
20260904T230211Z-0cd42739,178,black,4,v3,Bd3,b5d3,112.458,4.5754719999999995,108.38252800000001,,,,
20260904T230211Z-0cd42739,178,black,5,Storm v4,g6,g7g6,116.457,3.4210160000000003,113.535984,14,3499247,-37,4861
20260904T230211Z-0cd42739,178,black,6,v3,Be3,c1e3,108.383,3.193072,105.689928,,,,
20260904T230211Z-0cd42739,178,black,7,Storm v4,Bg7,f8g7,113.536,2.643962,111.392038,14,2590373,-36,2689
20260904T230211Z-0cd42739,178,black,8,v3,Nbd2,b1d2,105.689,5.211666,100.977334,,,,
20260904T230211Z-0cd42739,178,black,9,Storm v4,O-O,e8g8,111.392,3.732556,108.15944400000001,14,3525621,-39,2678
20260904T230211Z-0cd42739,178,black,10,v3,O-O-O,e1c1,100.978,5.1164309999999995,96.361569,,,,
20260904T230211Z-0cd42739,178,black,11,Storm v4,b5,b7b5,108.159,2.977441,105.681559,14,2686693,-29,2624
20260904T230211Z-0cd42739,178,black,12,v3,Rhe1,h1e1,96.361,3.166059,93.694941,,,,
20260904T230211Z-0cd42739,178,black,13,Storm v4,Re8,f8e8,105.682,4.406172,101.77582799999999,14,3950896,-24,2588
20260904T230211Z-0cd42739,178,black,14,v3,Kb1,c1b1,93.695,3.684581,90.510419,,,,
20260904T230211Z-0cd42739,178,black,15,Storm v4,Bb7,c8b7,101.776,2.316595,99.959405,14,2049486,-23,2502
20260904T230211Z-0cd42739,178,black,16,v3,Bc2,d3c2,90.511,2.493986,88.51701399999999,,,,
20260904T230211Z-0cd42739,178,black,17,Storm v4,a6,a7a6,99.959,4.517301000000001,95.941699,15,4265618,-21,2511
20260904T230211Z-0cd42739,178,black,18,v3,a4,a2a4,88.516,3.2709409999999997,85.745059,,,,
20260904T230211Z-0cd42739,178,black,19,Storm v4,Qc7,d8c7,95.942,2.711627,93.730373,14,2404275,-19,2430
20260904T230211Z-0cd42739,178,black,20,v3,Bg5,e3g5,85.745,3.464089,82.78091099999999,,,,
20260904T230211Z-0cd42739,178,black,21,Storm v4,h6,h7h6,93.73,3.59769,90.63231,15,3341529,8,4052
20260904T230211Z-0cd42739,178,black,22,v3,Bh4,g5h4,82.781,3.519089,79.761911,,,,
20260904T230211Z-0cd42739,178,black,23,Storm v4,Nh5,f6h5,90.632,2.149159,88.982841,16,2123014,8,2342
20260904T230211Z-0cd42739,178,black,24,v3,Bg3,h4g3,79.762,3.4400619999999997,76.82193799999999,,,,
20260904T230211Z-0cd42739,178,black,25,Storm v4,Rad8,a8d8,88.983,2.25123,87.23177,16,2244339,8,2363
20260904T230211Z-0cd42739,178,black,26,v3,axb5,a4b5,76.822,2.24348,75.07852,,,,
20260904T230211Z-0cd42739,178,black,27,Storm v4,axb5,a6b5,87.232,3.977261,83.754739,17,3857250,18,2369
20260904T230211Z-0cd42739,178,black,28,v3,Nb3,d2b3,75.079,2.5802069999999997,72.998793,,,,
20260904T230211Z-0cd42739,178,black,29,Storm v4,Nf4,h5f4,83.754,2.5995459999999997,81.654454,17,2630203,11,2275
20260904T230211Z-0cd42739,178,black,30,v3,Bxf4,g3f4,72.998,2.1942109999999997,71.30378900000001,,,,
20260904T230211Z-0cd42739,178,black,31,Storm v4,exf4,e5f4,81.655,2.5913090000000003,79.563691,16,2364569,0,2425
20260904T230211Z-0cd42739,178,black,32,v3,Qd2,e2d2,71.304,3.3204789999999997,68.483521,,,,
20260904T230211Z-0cd42739,178,black,33,Storm v4,g5,g6g5,79.563,3.799406,76.263594,15,3609310,-18,5164
20260904T230211Z-0cd42739,178,black,34,v3,h4,h2h4,68.483,3.550462,65.432538,,,,
20260904T230211Z-0cd42739,178,black,35,Storm v4,f6,f7f6,76.264,3.472646,73.29135400000001,15,3266666,-30,4520
20260904T230211Z-0cd42739,178,black,36,v3,hxg5,h4g5,65.433,2.9424360000000003,62.990564,,,,
20260904T230211Z-0cd42739,178,black,37,Storm v4,hxg5,h6g5,73.291,4.132187,69.658813,15,3456706,-40,4600
20260904T230211Z-0cd42739,178,black,38,v3,Qd3,d2d3,62.99,3.180917,60.309083,,,,
20260904T230211Z-0cd42739,178,black,39,Storm v4,Nf8,d7f8,69.659,2.165626,67.993374,14,1903313,-21,2124
20260904T230211Z-0cd42739,178,black,40,v3,Nbd2,b3d2,60.309,4.892772,55.916228000000004,,,,
20260904T230211Z-0cd42739,178,black,41,Storm v4,Qf7,c7f7,67.993,2.552594,65.940406,14,2255988,-25,2083
20260904T230211Z-0cd42739,178,black,42,v3,b4,b2b4,55.917,3.0851770000000003,53.331823,,,,
20260904T230211Z-0cd42739,178,black,43,Storm v4,Qd7,f7d7,65.941,1.868244,64.572756,13,1602890,-34,2065
20260904T230211Z-0cd42739,178,black,44,v3,Nb3,d2b3,53.331,2.377691,51.453309000000004,,,,
20260904T230211Z-0cd42739,178,black,45,Storm v4,Ba8,b7a8,64.572,2.2975749999999997,62.774425,13,1980983,-56,3108
20260904T230211Z-0cd42739,178,black,46,v3,Na5,b3a5,51.454,2.2908380000000004,49.663162,,,,
20260904T230211Z-0cd42739,178,black,47,Storm v4,d5,d6d5,62.775,3.324063,59.950936999999996,14,2718780,-51,2190
20260904T230211Z-0cd42739,178,black,48,v3,e5,e4e5,49.663,2.454864,47.708135999999996,,,,
20260904T230211Z-0cd42739,178,black,49,Storm v4,fxe5,f6e5,59.951,2.896765,57.554235,16,2469303,-57,2387
20260904T230211Z-0cd42739,178,black,50,v3,Nxe5,f3e5,47.708,2.3053380000000003,45.902662,,,,
20260904T230211Z-0cd42739,178,black,51,Storm v4,Bxe5,g7e5,57.554,1.647224,56.406776,16,1398240,-50,1960
20260904T230211Z-0cd42739,178,black,52,v3,dxe5,d4e5,45.903,1.948987,44.454012999999996,,,,
20260904T230211Z-0cd42739,178,black,53,Storm v4,Qg7,d7g7,56.407,4.820118000000001,52.086881999999996,16,4026027,-40,3107
20260904T230211Z-0cd42739,178,black,54,v3,Qe2,d3e2,44.453,2.33182,42.62118,,,,
20260904T230211Z-0cd42739,178,black,55,Storm v4,Rd7,d8d7,52.086,2.740184,49.845816,15,2390933,-70,4129
20260904T230211Z-0cd42739,178,black,56,v3,Bf5,c2f5,42.622,1.979979,41.142021,,,,
20260904T230211Z-0cd42739,178,black,57,Storm v4,Rde7,d7e7,49.846,1.2103499999999998,49.13565,15,1022021,-57,1852
20260904T230211Z-0cd42739,178,black,58,v3,Qh5,e2h5,41.142,2.1085369999999997,39.533463000000005,,,,
20260904T230211Z-0cd42739,178,black,59,Storm v4,Rxe5,e7e5,49.136,2.818578,46.817422,17,2385386,0,3087
20260904T230211Z-0cd42739,178,black,60,v3,Qxe8,h5e8,39.533,1.772916,38.260084,,,,
20260904T230211Z-0cd42739,178,black,61,Storm v4,Rxe8,e5e8,46.817,1.3945340000000002,45.922466,17,1238708,0,1885
20260904T230211Z-0cd42739,178,black,62,v3,Rxe8,e1e8,38.26,1.323674,37.436326,,,,
20260904T230211Z-0cd42739,178,black,63,Storm v4,Qxc3,g7c3,45.923,1.466068,44.956932,16,1279403,0,2221
20260904T230211Z-0cd42739,178,black,64,v3,Rxa8,e8a8,37.436,1.773756,36.162244,,,,
20260904T230211Z-0cd42739,178,black,65,Storm v4,Qxb4+,c3b4,44.956,2.322521,43.133479,15,2034849,0,2256
20260904T230211Z-0cd42739,178,black,66,v3,Kc1,b1c1,36.162,1.872487,34.789513,,,,
20260904T230211Z-0cd42739,178,black,67,Storm v4,f3,f4f3,43.134,1.869271,41.764729,16,1705007,0,2173
20260904T230211Z-0cd42739,178,black,68,v3,g3,g2g3,34.79,2.033315,33.256685,,,,
20260904T230211Z-0cd42739,178,black,69,Storm v4,Qc5+,b4c5,41.765,2.443681,39.821319,16,2070874,0,2110
20260904T230211Z-0cd42739,178,black,70,v3,Kb1,c1b1,33.257,1.974144,31.782856,,,,
20260904T230211Z-0cd42739,178,black,71,Storm v4,Qb4+,c5b4,39.821,1.542004,38.778996,16,1184590,0,2022
20260904T230211Z-0cd42739,178,black,72,v3,Kc2,b1c2,31.782,1.731487,30.550513,,,,
20260904T230211Z-0cd42739,178,black,73,Storm v4,Qa4+,b4a4,38.779,1.986377,37.292623,15,1825796,25,2535
20260904T230211Z-0cd42739,178,black,74,v3,Kc1,c2c1,30.551,1.478941,29.572059,,,,
20260904T230211Z-0cd42739,178,black,75,Storm v4,Qa1+,a4a1,37.292,2.321848,35.470152,16,1973198,25,1907
20260904T230211Z-0cd42739,178,black,76,v3,Bb1,f5b1,29.572,1.751788,28.320211999999998,,,,
20260904T230211Z-0cd42739,178,black,77,Storm v4,Qa3+,a1a3,35.47,3.304486,32.665514,16,2817767,0,3911
20260904T230211Z-0cd42739,178,black,78,v3,Kd2,c1d2,28.32,1.17873,27.64127,,,,
20260904T230211Z-0cd42739,178,black,79,Storm v4,Qb2+,a3b2,32.666,2.005754,31.160246,15,1775469,39,1739
20260904T230211Z-0cd42739,178,black,80,v3,Bc2,b1c2,27.641,1.594281,26.546719,,,,
20260904T230211Z-0cd42739,178,black,81,Storm v4,Qd4+,b2d4,31.16,2.763705,28.896295,16,2297354,29,3320
20260904T230211Z-0cd42739,178,black,82,v3,Kc1,d2c1,26.547,1.143133,25.903866999999998,,,,
20260904T230211Z-0cd42739,178,black,83,Storm v4,Qxf2,d4f2,28.896,1.2722609999999999,28.123739,16,1006144,30,1529
20260904T230211Z-0cd42739,178,black,84,v3,Nxc6,a5c6,25.904,1.68219,24.72181,,,,
20260904T230211Z-0cd42739,178,black,85,Storm v4,Qe3+,f2e3,28.124,1.292375,27.331625,15,1084702,30,1490
20260904T230211Z-0cd42739,178,black,86,v3,Kb2,c1b2,24.721,1.392863,23.828136999999998,,,,
20260904T230211Z-0cd42739,178,black,87,Storm v4,f2,f3f2,27.332,2.037648,25.794352,15,1660604,32,1461
20260904T230211Z-0cd42739,178,black,88,v3,Raa1,a8a1,23.829,1.261186,23.067814,,,,
20260904T230211Z-0cd42739,178,black,89,Storm v4,Qxg3,e3g3,25.794,1.003313,25.290687000000002,13,788940,32,1384
20260904T230211Z-0cd42739,178,black,90,v3,Bb3,c2b3,23.067,1.5907090000000002,21.976291,,,,
20260904T230211Z-0cd42739,178,black,91,Storm v4,Kg7,g8g7,25.291,1.502452,24.288548,11,1150912,32,1361
20260904T230211Z-0cd42739,178,black,92,v3,Ra7+,a1a7,21.977,1.39912,21.07788,,,,
20260904T230211Z-0cd42739,178,black,93,Storm v4,Kf6,g7f6,24.288,2.301222,22.486777999999997,14,1813829,0,1420
20260904T230211Z-0cd42739,178,black,94,v3,Bxd5,b3d5,21.077,1.2293669999999999,20.347633000000002,,,,
20260904T230211Z-0cd42739,178,black,95,Storm v4,Ne6,f8e6,22.487,1.378561,21.608438999999997,14,1114894,0,1233
20260904T230211Z-0cd42739,178,black,96,v3,Rh7,a7h7,20.348,0.8849400000000001,19.963060000000002,,,,
20260904T230211Z-0cd42739,178,black,97,Storm v4,g4,g5g4,21.608,2.525344,19.582656,12,2012204,40,3457
20260904T230211Z-0cd42739,178,black,98,v3,Rh6+,h7h6,19.963,1.342042,19.120957999999998,,,,
20260904T230211Z-0cd42739,178,black,99,Storm v4,Kg5,f6g5,19.583,1.499561,18.583439,14,1298339,66,1219
20260904T230211Z-0cd42739,178,black,100,v3,Rxe6,h6e6,19.121,1.261065,18.359935,,,,
20260904T230211Z-0cd42739,178,black,101,Storm v4,Qg1,g3g1,18.583,0.7484740000000001,18.334526,13,685111,61,1122
20260904T230211Z-0cd42739,178,black,102,v3,Bf3,d5f3,18.36,1.0749549999999999,17.785044999999997,,,,
20260904T230211Z-0cd42739,178,black,103,Storm v4,f1=Q,f2f1q,18.335,1.471819,17.363181,14,1225250,67,1313
20260904T230211Z-0cd42739,178,black,104,v3,Rxf1,d1f1,17.785,1.181091,17.103908999999998,,,,
20260904T230211Z-0cd42739,178,black,105,Storm v4,Qxf1,g1f1,17.363,1.592935,16.270065,13,1403838,65,2015
20260904T230211Z-0cd42739,178,black,106,v3,Be2,f3e2,17.104,1.421744,16.182256,,,,
20260904T230211Z-0cd42739,178,black,107,Storm v4,Qe1,f1e1,16.27,1.859757,14.910243000000001,13,1615110,78,1590
20260904T230211Z-0cd42739,178,black,108,v3,Re5+,e6e5,16.182,0.817118,15.864882,,,,
20260904T230211Z-0cd42739,178,black,109,Storm v4,Kf4,g5f4,14.91,1.612487,13.797512999999999,15,1361326,84,1056
20260904T230211Z-0cd42739,178,black,110,v3,Bd3,e2d3,15.865,0.937988,15.427012000000001,,,,
20260904T230211Z-0cd42739,178,black,111,Storm v4,Qd2+,e1d2,13.798,2.895127,11.402873,14,2403513,93,1776
20260904T230211Z-0cd42739,178,black,112,v3,Bc2,d3c2,15.427,0.770809,15.156191000000002,,,,
20260904T230211Z-0cd42739,178,black,113,Storm v4,g3,g4g3,11.402,1.670618,10.231382,15,1441310,94,793
20260904T230211Z-0cd42739,178,black,114,v3,Re4+,e5e4,15.156,1.168253,14.487746999999999,,,,
20260904T230211Z-0cd42739,178,black,115,Storm v4,Kg5,f4g5,10.232,0.590876,10.141124,15,499516,94,789
20260904T230211Z-0cd42739,178,black,116,v3,Nd4,c6d4,14.488,0.644183,14.343817,,,,
20260904T230211Z-0cd42739,178,black,117,Storm v4,Kf6,g5f6,10.141,2.63198,8.00902,14,2238405,98,1727
20260904T230211Z-0cd42739,178,black,118,v3,Nf3,d4f3,14.343,0.696903,14.146097,,,,
20260904T230211Z-0cd42739,178,black,119,Storm v4,Qf2,d2f2,8.009,0.830237,7.678763,13,682210,99,617
20260904T230211Z-0cd42739,178,black,120,v3,Rf4+,e4f4,14.146,1.049431,13.596568999999999,,,,
20260904T230211Z-0cd42739,178,black,121,Storm v4,Ke7,f6e7,7.679,0.864852,7.314148,13,772344,125,1296
20260904T230211Z-0cd42739,178,black,122,v3,Nh4,f3h4,13.597,0.945803,13.151197,,,,
20260904T230211Z-0cd42739,178,black,123,Storm v4,Qd2,f2d2,7.314,1.625962,6.188038000000001,12,1453900,122,590
20260904T230211Z-0cd42739,178,black,124,v3,Nf5+,h4f5,13.151,1.003182,12.647818,,,,
20260904T230211Z-0cd42739,178,black,125,Storm v4,Kf7,e7f7,6.188,0.599427,6.088573,13,513912,169,595
20260904T230211Z-0cd42739,178,black,126,v3,Ne3+,f5e3,12.648,0.935191,12.212809,,,,
20260904T230211Z-0cd42739,178,black,127,Storm v4,Ke8,f7e8,6.088,0.616544,5.971456,14,550587,175,568
20260904T230211Z-0cd42739,178,black,128,v3,Rg4,f4g4,12.213,0.9673160000000001,11.745683999999999,,,,
20260904T230211Z-0cd42739,178,black,129,Storm v4,Qf2,d2f2,5.972,1.45077,5.021229999999999,13,1307556,206,1032
20260904T230211Z-0cd42739,178,black,130,v3,Re4+,g4e4,11.745,1.0080879999999999,11.236912,,,,
20260904T230211Z-0cd42739,178,black,131,Storm v4,Kf8,e8f8,5.021,2.468554,3.0524459999999998,13,2380800,253,497
20260904T230211Z-0cd42739,178,black,132,v3,Ng4,e3g4,11.237,0.949031,10.787969,,,,
20260904T230211Z-0cd42739,178,black,133,Storm v4,Qf1,f2f1,3.052,0.348457,3.2035430000000003,12,309450,262,449
20260904T230211Z-0cd42739,178,black,134,v3,Ne3,g4e3,10.788,0.82528,10.46272,,,,
20260904T230211Z-0cd42739,178,black,135,Storm v4,g2,g3g2,3.204,0.264915,3.439085,12,278497,262,366
20260904T230211Z-0cd42739,178,black,136,v3,Nxf1,e3f1,10.463,0.770536,10.192464,,,,
20260904T230211Z-0cd42739,178,black,137,Storm v4,gxf1=Q,g2f1q,3.439,0.27665300000000004,3.6623469999999996,12,292740,260,401
20260904T230211Z-0cd42739,178,black,138,v3,Kc3,b2c3,10.192,0.8972720000000001,9.794728,,,,
20260904T230211Z-0cd42739,178,black,139,Storm v4,Kg7,f8g7,3.662,1.074386,3.087614,11,1138956,261,937
20260904T230211Z-0cd42739,178,black,140,v3,Bd3,c2d3,9.795,0.5585739999999999,9.736426,,,,
20260904T230211Z-0cd42739,178,black,141,Storm v4,Qc1+,f1c1,3.088,0.529591,3.058409,10,543622,263,366
20260904T230211Z-0cd42739,178,black,142,v3,Kb3,c3b3,9.736,0.690232,9.545768,,,,
20260904T230211Z-0cd42739,178,black,143,Storm v4,Qd2,c1d2,3.058,0.24469,3.31331,12,264389,263,364
20260904T230211Z-0cd42739,178,black,144,v3,Bc2,d3c2,9.546,0.8057859999999999,9.240214,,,,
20260904T230211Z-0cd42739,178,black,145,Storm v4,Kf6,g7f6,3.313,0.351041,3.461959,12,395330,263,377
20260904T230211Z-0cd42739,178,black,146,v3,Kb2,b3b2,9.24,0.775788,8.964212,,,,
20260904T230211Z-0cd42739,178,black,147,Storm v4,Kf7,f6f7,3.462,0.441065,3.520935,11,482008,264,385
20260904T230211Z-0cd42739,178,black,148,v3,Kb3,b2b3,8.964,0.488473,8.975527,,,,
20260904T230211Z-0cd42739,178,black,149,Storm v4,Qf2,d2f2,3.521,0.518166,3.502834,11,604435,262,592
20260904T230211Z-0cd42739,178,black,150,v3,Bd3,c2d3,8.976,0.77081,8.70519,,,,
20260904T230211Z-0cd42739,178,black,151,Storm v4,Qg3,f2g3,3.503,0.623178,3.3798220000000003,11,718836,256,590
20260904T230211Z-0cd42739,178,black,152,v3,Kc2,b3c2,8.705,0.7455309999999999,8.459469,,,,
20260904T230211Z-0cd42739,178,black,153,Storm v4,Qc7+,g3c7,3.38,0.250739,3.629261,10,259245,256,380
20260904T230211Z-0cd42739,178,black,154,v3,Kb3,c2b3,8.459,0.7777000000000001,8.1813,,,,
20260904T230211Z-0cd42739,178,black,155,Storm v4,Qd7,c7d7,3.629,0.35442599999999996,3.774574,11,422754,243,426
20260904T230211Z-0cd42739,178,black,156,v3,Kc3,b3c3,8.182,0.770652,7.911348,,,,
20260904T230211Z-0cd42739,178,black,157,Storm v4,Qc6+,d7c6,3.774,0.594957,3.679043,11,646301,245,429
20260904T230211Z-0cd42739,178,black,158,v3,Kd2,c3d2,7.911,0.63349,7.77751,,,,
20260904T230211Z-0cd42739,178,black,159,Storm v4,Qc5,c6c5,3.679,0.6913339999999999,3.4876660000000004,11,674758,256,416
20260904T230211Z-0cd42739,178,black,160,v3,Rf4+,e4f4,7.777,0.446548,7.830452,,,,
20260904T230211Z-0cd42739,178,black,161,Storm v4,Ke7,f7e7,3.488,0.663559,3.3244409999999998,12,664161,267,1010
20260904T230211Z-0cd42739,178,black,162,v3,Rf5,f4f5,7.831,0.513205,7.817795,,,,
20260904T230211Z-0cd42739,178,black,163,Storm v4,Qb4+,c5b4,3.324,0.500441,3.3235590000000004,11,617600,258,399
20260904T230211Z-0cd42739,178,black,164,v3,Ke3,d2e3,7.818,0.723236,7.5947640000000005,,,,
20260904T230211Z-0cd42739,178,black,165,Storm v4,Qe1+,b4e1,3.324,0.469777,3.354223,10,494210,278,386
20260904T230211Z-0cd42739,178,black,166,v3,Kd4,e3d4,7.594,0.651145,7.442855,,,,
20260904T230211Z-0cd42739,178,black,167,Storm v4,Qg1+,e1g1,3.354,0.306534,3.547466,10,310744,277,381
20260904T230211Z-0cd42739,178,black,168,v3,Kc3,d4c3,7.443,0.41618900000000003,7.5268109999999995,,,,
20260904T230211Z-0cd42739,178,black,169,Storm v4,Qc1+,g1c1,3.548,0.5033500000000001,3.5446500000000003,12,509007,314,667
20260904T230211Z-0cd42739,178,black,170,v3,Kb3,c3b3,7.527,0.584818,7.442182,,,,
20260904T230211Z-0cd42739,178,black,171,Storm v4,Qe3,c1e3,3.544,0.45143,3.5925700000000003,14,460390,379,406
20260904T230211Z-0cd42739,178,black,172,v3,Kc3,b3c3,7.442,0.734391,7.207609000000001,,,,
20260904T230211Z-0cd42739,178,black,173,Storm v4,b4+,b5b4,3.593,0.33554,3.75746,13,307725,397,409
20260904T230211Z-0cd42739,178,black,174,v3,Kc4,c3c4,7.208,0.6788379999999999,7.029162,,,,
20260904T230211Z-0cd42739,178,black,175,Storm v4,Qd2,e3d2,3.757,0.616567,3.640433,13,585213,399,403
20260904T230211Z-0cd42739,178,black,176,v3,Re5+,f5e5,7.029,0.552588,6.976412,,,,
20260904T230211Z-0cd42739,178,black,177,Storm v4,Kf6,e7f6,3.641,0.294273,3.846727,13,275623,399,426
20260904T230211Z-0cd42739,178,black,178,v3,Rf5+,e5f5,6.976,0.717422,6.758577999999999,,,,
20260904T230211Z-0cd42739,178,black,179,Storm v4,Ke6,f6e6,3.846,0.323668,4.022332,13,297183,408,448
20260904T230211Z-0cd42739,178,black,180,v3,Kd4,c4d4,6.759,0.723303,6.535697,,,,
20260904T230211Z-0cd42739,178,black,181,Storm v4,Qc3+,d2c3,4.023,0.314611,4.208389,12,285973,408,415
20260904T230211Z-0cd42739,178,black,182,v3,Ke4,d4e4,6.535,0.369321,6.665679,,,,
20260904T230211Z-0cd42739,178,black,183,Storm v4,b3,b4b3,4.208,0.656775,4.051225,13,591552,408,425
20260904T230211Z-0cd42739,178,black,184,v3,Rb5,f5b5,6.666,0.572534,6.593466,,,,
20260904T230211Z-0cd42739,178,black,185,Storm v4,b2,b3b2,4.051,0.854463,3.696537,12,775273,407,419
20260904T230211Z-0cd42739,178,black,186,v3,Rb6+,b5b6,6.593,0.642442,6.450558,,,,
20260904T230211Z-0cd42739,178,black,187,Storm v4,Ke7,e6e7,3.697,0.738656,3.458344,12,675904,443,537
20260904T230211Z-0cd42739,178,black,188,v3,Rb7+,b6b7,6.451,0.630351,6.320649,,,,
20260904T230211Z-0cd42739,178,black,189,Storm v4,Kd6,e7d6,3.458,0.548847,3.4091530000000003,12,491627,454,427
20260904T230211Z-0cd42739,178,black,190,v3,Rb6+,b7b6,6.32,0.6750750000000001,6.144925,,,,
20260904T230211Z-0cd42739,178,black,191,Storm v4,Kc7,d6c7,3.409,0.516573,3.392427,13,497567,464,416
20260904T230211Z-0cd42739,178,black,192,v3,Rb5,b6b5,6.145,0.618798,6.0262020000000005,,,,
20260904T230211Z-0cd42739,178,black,193,Storm v4,Qc6+,c3c6,3.392,0.373591,3.518409,12,368828,464,381
20260904T230211Z-0cd42739,178,black,194,v3,Rd5,b5d5,6.027,0.8604310000000001,5.666568999999999,,,,
20260904T230211Z-0cd42739,178,black,195,Storm v4,Qg6+,c6g6,3.519,1.787721,2.231279,12,1889888,467,391
20260904T230211Z-0cd42739,178,black,196,v3,Rf5,d5f5,5.666,0.408775,5.757225,,,,
20260904T230211Z-0cd42739,178,black,197,Storm v4,Qe6+,g6e6,2.231,0.470439,2.2605609999999996,12,463015,473,323
20260904T230211Z-0cd42739,178,black,198,v3,Kd4,e4d4,5.757,0.664413,5.592587,,,,
20260904T230211Z-0cd42739,178,black,199,Storm v4,Qd6+,e6d6,2.261,0.658963,2.102037,12,582981,473,320
20260904T230211Z-0cd42739,178,black,200,v3,Rd5,f5d5,5.593,0.60258,5.49042,,,,
20260904T230211Z-0cd42739,178,black,201,Storm v4,Qf4+,d6f4,2.102,0.27691699999999997,2.3250830000000002,12,254627,473,311
20260904T230211Z-0cd42739,178,black,202,v3,Kc3,d4c3,5.49,0.599317,5.390683,,,,
20260904T230211Z-0cd42739,178,black,203,Storm v4,Qc1+,f4c1,2.325,0.226131,2.598869,12,237090,474,323
20260904T230211Z-0cd42739,178,black,204,v3,Kd4,c3d4,5.391,0.6160890000000001,5.274911,,,,
20260904T230211Z-0cd42739,178,black,205,Storm v4,b1=Q,b2b1q,2.598,0.473242,2.624758,12,459023,474,338
20260904T230211Z-0cd42739,178,black,206,v3,Bxb1,d3b1,5.275,0.575699,5.199301,,,,
20260904T230211Z-0cd42739,178,black,207,Storm v4,Qb2+,c1b2,2.625,0.358695,2.766305,11,387017,473,341
20260904T230211Z-0cd42739,178,black,208,v3,Ke4,d4e4,5.199,0.36671499999999996,5.332285,,,,
20260904T230211Z-0cd42739,178,black,209,Storm v4,Qxb1+,b2b1,2.766,0.372691,2.8933090000000004,11,425475,476,350
20260904T230211Z-0cd42739,178,black,210,v3,Ke5,e4e5,5.332,0.581758,5.250242,,,,
20260904T230211Z-0cd42739,178,black,211,Storm v4,Qg6,b1g6,2.894,0.417418,2.976582,11,488291,480,436
20260904T230211Z-0cd42739,178,black,212,v3,Kf4,e5f4,5.25,0.6084210000000001,5.141579,,,,
20260904T230211Z-0cd42739,178,black,213,Storm v4,Qh6+,g6h6,2.976,0.567781,2.908219,10,705149,481,556
20260904T230211Z-0cd42739,178,black,214,v3,Ke4,f4e4,5.142,0.6068640000000001,5.0351360000000005,,,,
20260904T230211Z-0cd42739,178,black,215,Storm v4,Qe6+,h6e6,2.908,0.283692,3.124308,11,337661,483,367
20260904T230211Z-0cd42739,178,black,216,v3,Re5,d5e5,5.035,0.6537949999999999,4.881205,,,,
20260904T230211Z-0cd42739,178,black,217,Storm v4,Qc4+,e6c4,3.125,0.270601,3.354399,10,303117,488,371
20260904T230211Z-0cd42739,178,black,218,v3,Kf3,e4f3,4.881,0.6435489999999999,4.737451,,,,
20260904T230211Z-0cd42739,178,black,219,Storm v4,Kd6,c7d6,3.354,0.57737,3.27663,11,666390,491,385
20260904T230211Z-0cd42739,178,black,220,v3,Re4,e5e4,4.738,0.5587409999999999,4.679259,,,,
20260904T230211Z-0cd42739,178,black,221,Storm v4,Qf7+,c4f7,3.277,0.430898,3.3461019999999997,11,424712,495,381
20260904T230211Z-0cd42739,178,black,222,v3,Kg4,f3g4,4.679,0.601666,4.577334,,,,
20260904T230211Z-0cd42739,178,black,223,Storm v4,Kd5,d6d5,3.346,0.33803,3.5079700000000003,11,389854,497,384
20260904T230211Z-0cd42739,178,black,224,v3,Re2,e4e2,4.577,0.385558,4.691442,,,,
20260904T230211Z-0cd42739,178,black,225,Storm v4,Qg6+,f7g6,3.508,0.456669,3.5513310000000002,10,517547,503,398
20260904T230211Z-0cd42739,178,black,226,v3,Kf4,g4f4,4.691,0.622518,4.568482,,,,
20260904T230211Z-0cd42739,178,black,227,Storm v4,Qf6+,g6f6,3.551,0.28603500000000004,3.764965,10,325427,501,400
20260904T230211Z-0cd42739,178,black,228,v3,Kg4,f4g4,4.569,0.614195,4.454805,,,,
20260904T230211Z-0cd42739,178,black,229,Storm v4,Qd4+,f6d4,3.765,0.426274,3.8387260000000003,10,502464,502,408
20260904T230211Z-0cd42739,178,black,230,v3,Kg5,g4g5,4.455,0.5332939999999999,4.421706,,,,
20260904T230211Z-0cd42739,178,black,231,Storm v4,Kd6,d5d6,3.839,0.6441749999999999,3.694825,15,950121,1025,421
20260904T230211Z-0cd42739,178,black,232,v3,Kf5,g5f5,4.421,0.386146,4.534853999999999,,,,
20260904T230211Z-0cd42739,178,black,233,Storm v4,Qd3+,d4d3,3.694,2.003585,2.190415,11,1714176,1025,404
20260904T230211Z-0cd42739,178,black,234,v3,Re4,e2e4,4.535,0.762488,4.272512,,,,
20260904T230211Z-0cd42739,178,black,235,Storm v4,Kd5,d6d5,2.191,0.0017929999999999999,2.6892069999999997,1,77,31983,485
20260904T230211Z-0cd42739,178,black,236,v3,Kf4,f5f4,4.273,0.510813,4.262187,,,,
20260904T230211Z-0cd42739,178,black,237,Storm v4,Qxe4+,d3e4,2.689,0.014804,3.174196,6,14105,31979,792
20260904T230211Z-0cd42739,178,black,238,v3,Kg3,f4g3,4.262,0.408003,4.353997,,,,
20260904T230211Z-0cd42739,178,black,239,Storm v4,Qe3+,e4e3,3.174,0.002032,3.6719679999999997,1,96,31981,586
20260904T230211Z-0cd42739,178,black,240,v3,Kh4,g3h4,4.354,0.368555,4.4854449999999995,,,,
20260904T230211Z-0cd42739,178,black,241,Storm v4,Qf3,e3f3,3.672,0.002178,4.169822,1,58,31983,635
20260904T230211Z-0cd42739,178,black,242,v3,Kg5,h4g5,4.485,0.366019,4.618981,,,,
20260904T230211Z-0cd42739,178,black,243,Storm v4,Qe4,f3e4,4.17,0.001877,4.668123,1,54,31985,683
20260904T230211Z-0cd42739,178,black,244,v3,Kf6,g5f6,4.619,0.385152,4.733848,,,,
20260904T230211Z-0cd42739,178,black,245,Storm v4,Qg4,e4g4,4.668,0.078994,5.089006,8,123494,31991,1572
20260904T230211Z-0cd42739,178,black,246,v3,Kf7,f6f7,4.734,0.376685,4.857315,,,,
20260904T230211Z-0cd42739,178,black,247,Storm v4,Qf3+,g4f3,5.089,0.0020870000000000003,5.586912999999999,1,62,31987,772
20260904T230211Z-0cd42739,178,black,248,v3,Kg7,f7g7,4.857,0.3947,4.9623,,,,
20260904T230211Z-0cd42739,178,black,249,Storm v4,Ke6,d5e6,5.587,0.0019850000000000002,6.085015,1,55,31989,820
20260904T230211Z-0cd42739,178,black,250,v3,Kg8,g7g8,4.962,0.07469799999999999,5.387302,,,,
20260904T230211Z-0cd42739,178,black,251,Storm v4,Qf5,f3f5,6.085,0.002249,6.582751,2,322,31987,1563
20260904T230211Z-0cd42739,178,black,252,v3,Kh8,g8h8,5.388,0.050339,5.837661,,,,
20260904T230211Z-0cd42739,178,black,253,Storm v4,Qg5,f5g5,6.582,0.001966,7.0800339999999995,1,50,31995,916
20260904T230211Z-0cd42739,178,black,254,v3,Kh7,h8h7,5.837,0.004288999999999999,6.332711000000001,,,,
20260904T230211Z-0cd42739,178,black,255,Storm v4,Kf7,e6f7,7.08,0.002139,7.5778609999999995,1,54,31997,964
20260904T230211Z-0cd42739,178,black,256,v3,Kh8,h7h8,6.333,0.001046,6.831954,,,,
20260904T230211Z-0cd42739,178,black,257,Storm v4,Qg7#,g5g7,7.578,0.0016719999999999999,8.076328,1,47,31999,1013
20260904T230211Z-0cd42739,179,white,0,v3,gxf4,g5f4,120.0,6.023827,114.47617299999999,,,,
20260904T230211Z-0cd42739,179,white,1,Storm v4,Nh3,g1h3,120.0,2.5680189999999996,117.931981,14,2711258,5,2714
20260904T230211Z-0cd42739,179,white,2,v3,Bh6,f8h6,114.476,4.99266,109.98334,,,,
20260904T230211Z-0cd42739,179,white,3,Storm v4,Qf3,d3f3,117.931,2.336784,116.094216,14,2268025,17,2707
20260904T230211Z-0cd42739,179,white,4,v3,Nf6,g8f6,109.983,5.535688,104.94731200000001,,,,
20260904T230211Z-0cd42739,179,white,5,Storm v4,Nxf4,h3f4,116.095,1.838541,114.756459,14,1689265,23,2718
20260904T230211Z-0cd42739,179,white,6,v3,O-O,e8g8,104.947,4.490635,100.956365,,,,
20260904T230211Z-0cd42739,179,white,7,Storm v4,e3,e2e3,114.756,2.6821819999999996,112.573818,13,2312567,22,2692
20260904T230211Z-0cd42739,179,white,8,v3,c5,c7c5,100.956,4.830094,96.625906,,,,
20260904T230211Z-0cd42739,179,white,9,Storm v4,dxc5,d4c5,112.574,2.360153,110.713847,13,1934261,31,2714
20260904T230211Z-0cd42739,179,white,10,v3,dxc5,d6c5,96.626,4.4326229999999995,92.69337700000001,,,,
20260904T230211Z-0cd42739,179,white,11,Storm v4,Nd2,b1d2,110.714,2.269587,108.944413,13,1842849,44,2640
20260904T230211Z-0cd42739,179,white,12,v3,Qe7,d7e7,92.694,2.739652,90.454348,,,,
20260904T230211Z-0cd42739,179,white,13,Storm v4,Bc4,f1c4,108.944,2.931476,106.512524,13,2258370,49,2647
20260904T230211Z-0cd42739,179,white,14,v3,Nc6,b8c6,90.454,4.470605,86.483395,,,,
20260904T230211Z-0cd42739,179,white,15,Storm v4,Qh3,f3h3,106.512,5.226113000000001,101.785887,13,3805149,50,6155
20260904T230211Z-0cd42739,179,white,16,v3,Bxf4,h6f4,86.483,3.270714,83.71228599999999,,,,
20260904T230211Z-0cd42739,179,white,17,Storm v4,exf4,e3f4,101.786,2.055098,100.230902,14,1521619,63,2567
20260904T230211Z-0cd42739,179,white,18,v3,Qf7,e7f7,83.713,3.558873,80.65412699999999,,,,
20260904T230211Z-0cd42739,179,white,19,Storm v4,Qg3+,h3g3,100.231,3.21581,97.51519,13,2647594,89,2683
20260904T230211Z-0cd42739,179,white,20,v3,Qg6,f7g6,80.654,4.130311,77.023689,,,,
20260904T230211Z-0cd42739,179,white,21,Storm v4,O-O-O,e1c1,97.515,1.801433,96.213567,15,1638504,79,2569
20260904T230211Z-0cd42739,179,white,22,v3,Nd5,f6d5,77.023,3.9750810000000003,73.547919,,,,
20260904T230211Z-0cd42739,179,white,23,Storm v4,Rhe1,h1e1,96.214,2.457401,94.25659900000001,16,2394684,97,2585
20260904T230211Z-0cd42739,179,white,24,v3,Rd8,f8d8,73.548,2.7517139999999998,71.296286,,,,
20260904T230211Z-0cd42739,179,white,25,Storm v4,Nf3,d2f3,94.256,2.695962,92.060038,15,2524493,106,2603
20260904T230211Z-0cd42739,179,white,26,v3,Nxc3,d5c3,71.296,2.7696,69.0264,,,,
20260904T230211Z-0cd42739,179,white,27,Storm v4,bxc3,b2c3,92.06,4.142142,88.41785800000001,16,4053454,115,3997
20260904T230211Z-0cd42739,179,white,28,v3,Rxd1+,d8d1,69.027,2.3656770000000003,67.16132300000001,,,,
20260904T230211Z-0cd42739,179,white,29,Storm v4,Kxd1,c1d1,88.418,3.963882,84.95411800000001,16,3497874,120,2920
20260904T230211Z-0cd42739,179,white,30,v3,Bd7,c8d7,67.161,3.255711,64.405289,,,,
20260904T230211Z-0cd42739,179,white,31,Storm v4,Bxe6+,c4e6,84.954,2.7137849999999997,82.74021499999999,17,2891809,159,2764
20260904T230211Z-0cd42739,179,white,32,v3,Bxe6,d7e6,64.405,2.000496,62.904504,,,,
20260904T230211Z-0cd42739,179,white,33,Storm v4,Rxe6,e1e6,82.74,6.037537,77.20246300000001,19,6461188,136,3522
20260904T230211Z-0cd42739,179,white,34,v3,Qxg3,g6g3,62.905,2.067822,61.337178,,,,
20260904T230211Z-0cd42739,179,white,35,Storm v4,hxg3,h2g3,77.203,10.206558999999999,67.496441,19,11477353,163,6049
20260904T230211Z-0cd42739,179,white,36,v3,Rd8+,a8d8,61.337,3.3677089999999996,58.469291,,,,
20260904T230211Z-0cd42739,179,white,37,Storm v4,Kc1,d1c1,67.496,3.5444989999999996,64.45150100000001,19,3849894,167,3350
20260904T230211Z-0cd42739,179,white,38,v3,Rd7,d8d7,58.469,1.716156,57.252843999999996,,,,
20260904T230211Z-0cd42739,179,white,39,Storm v4,Nh4,f3h4,64.452,4.85747,60.09453,19,5329261,167,3009
20260904T230211Z-0cd42739,179,white,40,v3,Re7,d7e7,57.253,3.025652,54.727348,,,,
20260904T230211Z-0cd42739,179,white,41,Storm v4,Rd6,e6d6,60.094,5.417938,55.176061999999995,19,5693480,177,2941
20260904T230211Z-0cd42739,179,white,42,v3,Re3,e7e3,54.727,2.7952559999999997,52.431744,,,,
20260904T230211Z-0cd42739,179,white,43,Storm v4,Nxf5,h4f5,55.176,1.964229,53.711771,18,2070472,184,2707
20260904T230211Z-0cd42739,179,white,44,v3,Rxc3,e3c3,52.432,2.510123,50.421877,,,,
20260904T230211Z-0cd42739,179,white,45,Storm v4,Kb2,c1b2,53.712,3.8512310000000003,50.360769,18,4011352,184,2696
20260904T230211Z-0cd42739,179,white,46,v3,Rc4,c3c4,50.422,2.6968829999999997,48.225117,,,,
20260904T230211Z-0cd42739,179,white,47,Storm v4,Rd7,d6d7,50.36,3.286543,47.573457000000005,16,3297927,202,3308
20260904T230211Z-0cd42739,179,white,48,v3,Rb4+,c4b4,48.225,2.551688,46.173311999999996,,,,
20260904T230211Z-0cd42739,179,white,49,Storm v4,Kc3,b2c3,47.574,1.839696,46.234304,16,1802661,198,2786
20260904T230211Z-0cd42739,179,white,50,v3,Rb6,b4b6,46.173,2.482726,44.190273999999995,,,,
20260904T230211Z-0cd42739,179,white,51,Storm v4,a4,a2a4,46.234,2.485334,44.248666,14,2589718,207,3057
20260904T230211Z-0cd42739,179,white,52,v3,Nb4,c6b4,44.19,2.316762,42.373238,,,,
20260904T230211Z-0cd42739,179,white,53,Storm v4,a5,a4a5,44.249,1.717561,43.031439,13,1795191,203,2525
20260904T230211Z-0cd42739,179,white,54,v3,Rf6,b6f6,42.373,1.644399,41.228601000000005,,,,
20260904T230211Z-0cd42739,179,white,55,Storm v4,g4,g3g4,43.031,2.764433,40.766567,14,2899009,191,2550
20260904T230211Z-0cd42739,179,white,56,v3,h5,h7h5,41.229,2.277504,39.451496,,,,
20260904T230211Z-0cd42739,179,white,57,Storm v4,Ne7+,f5e7,40.767,3.160125,38.106875,14,3402544,216,2407
20260904T230211Z-0cd42739,179,white,58,v3,Kg7,g8g7,39.451,2.2051149999999997,37.745885,,,,
20260904T230211Z-0cd42739,179,white,59,Storm v4,gxh5,g4h5,38.107,1.6063830000000001,37.000617,14,1719098,216,2308
20260904T230211Z-0cd42739,179,white,60,v3,Rxf4,f6f4,37.746,2.175297,36.070703,,,,
20260904T230211Z-0cd42739,179,white,61,Storm v4,Rxb7,d7b7,37.0,2.705079,34.794921,14,2702471,231,2390
20260904T230211Z-0cd42739,179,white,62,v3,Kh6,g7h6,36.071,2.027003,34.543997000000005,,,,
20260904T230211Z-0cd42739,179,white,63,Storm v4,Rc7,b7c7,34.795,1.6978630000000001,33.597137000000004,15,1839927,244,2218
20260904T230211Z-0cd42739,179,white,64,v3,Kxh5,h6h5,34.544,1.47797,33.56603,,,,
20260904T230211Z-0cd42739,179,white,65,Storm v4,Rxc5+,c7c5,33.597,1.708801,32.388199,16,1964238,237,2241
20260904T230211Z-0cd42739,179,white,66,v3,Kg4,h5g4,33.566,1.875056,32.190944,,,,
20260904T230211Z-0cd42739,179,white,67,Storm v4,Ng6,e7g6,32.388,1.5436189999999999,31.344381000000002,16,1804880,237,2040
20260904T230211Z-0cd42739,179,white,68,v3,Re4,f4e4,32.191,1.276311,31.414689,,,,
20260904T230211Z-0cd42739,179,white,69,Storm v4,Re5,c5e5,31.345,2.591582,29.253418,17,3003805,345,3390
20260904T230211Z-0cd42739,179,white,70,v3,Rxe5,e4e5,31.414,1.951386,29.962614000000002,,,,
20260904T230211Z-0cd42739,179,white,71,Storm v4,Nxe5+,g6e5,29.253,10.11113,19.641870000000004,23,13565952,1021,3421
20260904T230211Z-0cd42739,179,white,72,v3,Kf5,g4f5,29.963,1.352238,29.110761999999998,,,,
20260904T230211Z-0cd42739,179,white,73,Storm v4,Kxb4,c3b4,19.642,4.829879,15.312121,24,6651678,1198,3155
20260904T230211Z-0cd42739,179,white,74,v3,Kxe5,f5e5,29.111,1.5506300000000002,28.06037,,,,
20260904T230211Z-0cd42739,179,white,75,Storm v4,c4,c2c4,15.312,2.876654,12.935346,23,3816734,1222,2818
20260904T230211Z-0cd42739,179,white,76,v3,Kd6,e5d6,28.06,1.1583620000000001,27.401638,,,,
20260904T230211Z-0cd42739,179,white,77,Storm v4,g4,g2g4,12.935,6.027591999999999,7.407408,21,7618560,1223,1858
20260904T230211Z-0cd42739,179,white,78,v3,Ke5,d6e5,27.402,1.842947,26.059053,,,,
20260904T230211Z-0cd42739,179,white,79,Storm v4,g5,g4g5,7.408,3.7824169999999997,4.125583000000001,19,4838400,1223,763
20260904T230211Z-0cd42739,179,white,80,v3,Ke6,e5e6,26.059,1.11832,25.44068,,,,
20260904T230211Z-0cd42739,179,white,81,Storm v4,a6,a5a6,4.125,0.598956,4.026044,18,814280,1542,602
20260904T230211Z-0cd42739,179,white,82,v3,Kd7,e6d7,25.44,0.921406,25.018594,,,,
20260904T230211Z-0cd42739,179,white,83,Storm v4,g6,g5g6,4.026,2.408369,2.117631,16,2434048,1542,485
20260904T230211Z-0cd42739,179,white,84,v3,Ke7,d7e7,25.019,1.549626,23.969374,,,,
20260904T230211Z-0cd42739,179,white,85,Storm v4,c5,c4c5,2.118,0.328081,2.289919,16,363762,1880,753
20260904T230211Z-0cd42739,179,white,86,v3,Kf8,e7f8,23.969,1.211029,23.257971,,,,
20260904T230211Z-0cd42739,179,white,87,Storm v4,c6,c5c6,2.29,0.5261330000000001,2.2638670000000003,14,709548,1884,932
20260904T230211Z-0cd42739,179,white,88,v3,Kg8,f8g8,23.258,1.81647,21.94153,,,,
20260904T230211Z-0cd42739,179,white,89,Storm v4,c7,c6c7,2.263,1.692601,1.0703989999999999,14,1721344,1884,341
20260904T230211Z-0cd42739,179,white,90,v3,Kg7,g8g7,21.941,1.149068,21.291932,,,,
20260904T230211Z-0cd42739,179,white,91,Storm v4,c8=Q,c7c8q,1.071,0.671628,0.899372,12,785408,1884,467
20260904T230211Z-0cd42739,179,white,92,v3,Kxg6,g7g6,21.292,1.131222,20.660777999999997,,,,
20260904T230211Z-0cd42739,179,white,93,Storm v4,Qg4+,c8g4,0.899,0.241143,1.157857,9,306268,1884,498
20260904T230211Z-0cd42739,179,white,94,v3,Kf6,g6f6,20.661,1.782332,19.378668,,,,
20260904T230211Z-0cd42739,179,white,95,Storm v4,Qh4+,g4h4,1.158,0.553978,1.1040219999999998,10,561949,1879,595
20260904T230211Z-0cd42739,179,white,96,v3,Ke5,f6e5,19.379,1.242202,18.636798,,,,
20260904T230211Z-0cd42739,179,white,97,Storm v4,Qh5+,h4h5,1.104,0.207991,1.396009,10,261237,1879,531
20260904T230211Z-0cd42739,179,white,98,v3,Kf4,e5f4,18.636,1.313348,17.822652,,,,
20260904T230211Z-0cd42739,179,white,99,Storm v4,Qf7+,h5f7,1.396,0.178597,1.717403,10,238961,1869,557
20260904T230211Z-0cd42739,179,white,100,v3,Kg5,f4g5,17.823,1.173962,17.149038,,,,
20260904T230211Z-0cd42739,179,white,101,Storm v4,Qxa7,f7a7,1.717,0.499274,1.717726,11,547696,31987,994
20260904T230211Z-0cd42739,179,white,102,v3,Kg6,g5g6,17.149,1.011955,16.637044999999997,,,,
20260904T230211Z-0cd42739,179,white,103,Storm v4,Qb6+,a7b6,1.718,0.171243,2.046757,9,200219,31989,1039
20260904T230211Z-0cd42739,179,white,104,v3,Kg5,g6g5,16.637,0.719171,16.417828999999998,,,,
20260904T230211Z-0cd42739,179,white,105,Storm v4,a7,a6a7,2.047,0.013555999999999999,2.533444,6,11711,31989,764
20260904T230211Z-0cd42739,179,white,106,v3,Kf5,g5f5,16.418,0.6822999999999999,16.2357,,,,
20260904T230211Z-0cd42739,179,white,107,Storm v4,a8=Q,a7a8q,2.533,0.002958,3.030042,3,1109,31991,655
20260904T230211Z-0cd42739,179,white,108,v3,Kf4,f5f4,16.235,0.258348,16.476652,,,,
20260904T230211Z-0cd42739,179,white,109,Storm v4,Qf6+,b6f6,3.03,0.0023090000000000003,3.527691,1,87,31995,545
20260904T230211Z-0cd42739,179,white,110,v3,Kg3,f4g3,16.477,0.013453,16.963547,,,,
20260904T230211Z-0cd42739,179,white,111,Storm v4,Qg8+,a8g8,3.528,0.002569,4.025431,1,108,31997,584
20260904T230211Z-0cd42739,179,white,112,v3,Kh3,g3h3,16.964,0.001885,17.462115,,,,
20260904T230211Z-0cd42739,179,white,113,Storm v4,Qfh8#,f6h8,4.025,0.002418,4.522582000000001,1,97,31999,624
20260904T230211Z-0cd42739,179,black,0,Storm v4,gxf4,g5f4,120.0,2.679423,117.820577,15,2925447,-9,2775
20260904T230211Z-0cd42739,179,black,1,v3,Nh3,g1h3,120.0,4.740739,115.759261,,,,
20260904T230211Z-0cd42739,179,black,2,Storm v4,Nf6,g8f6,117.82,2.146362,116.17363800000001,14,2153358,-11,2722
20260904T230211Z-0cd42739,179,black,3,v3,Nxf4,h3f4,115.759,4.508239,111.750761,,,,
20260904T230211Z-0cd42739,179,black,4,Storm v4,Nc6,b8c6,116.174,2.798492,113.875508,14,2542982,-11,4084
20260904T230211Z-0cd42739,179,black,5,v3,Nxe6,f4e6,111.75,3.475159,108.774841,,,,
20260904T230211Z-0cd42739,179,black,6,Storm v4,Qxe6,d7e6,113.875,13.164223,101.21077700000001,18,10151936,190,4485
20260904T230211Z-0cd42739,179,black,7,v3,d5,d4d5,108.775,3.323884,105.951116,,,,
20260904T230211Z-0cd42739,179,black,8,Storm v4,Nxd5,f6d5,101.211,2.965556,98.745444,18,2578714,204,2453
20260904T230211Z-0cd42739,179,black,9,v3,Bxh8,c3h8,105.951,5.3274099999999995,101.12359,,,,
20260904T230211Z-0cd42739,179,black,10,Storm v4,Ncb4,c6b4,98.745,3.2502359999999997,95.99476399999999,18,2732775,195,2793
20260904T230211Z-0cd42739,179,black,11,v3,Qb5+,d3b5,101.124,2.913337,98.710663,,,,
20260904T230211Z-0cd42739,179,black,12,Storm v4,c6,c7c6,95.995,6.343387,90.151613,15,4450254,206,5776
20260904T230211Z-0cd42739,179,black,13,v3,Qc4,b5c4,98.71,4.530343,94.679657,,,,
20260904T230211Z-0cd42739,179,black,14,Storm v4,Ne3,d5e3,90.151,2.352373,88.298627,16,2082839,210,2361
20260904T230211Z-0cd42739,179,black,15,v3,Qxe6+,c4e6,94.68,3.36288,91.81711999999999,,,,
20260904T230211Z-0cd42739,179,black,16,Storm v4,Bxe6,c8e6,88.299,1.9434010000000002,86.855599,18,2042867,219,2753
20260904T230211Z-0cd42739,179,black,17,v3,Na3,b1a3,91.817,2.971331,89.345669,,,,
20260904T230211Z-0cd42739,179,black,18,Storm v4,Nexc2+,e3c2,86.856,2.621172,84.734828,16,2312757,219,2758
20260904T230211Z-0cd42739,179,black,19,v3,Nxc2,a3c2,89.346,4.508491,85.33750900000001,,,,
20260904T230211Z-0cd42739,179,black,20,Storm v4,Nxc2+,b4c2,84.734,2.5341729999999996,82.699827,19,2978186,230,2840
20260904T230211Z-0cd42739,179,black,21,v3,Kd1,e1d1,85.337,2.503755,83.33324499999999,,,,
20260904T230211Z-0cd42739,179,black,22,Storm v4,Nxa1,c2a1,82.7,2.612309,80.587691,20,2935717,232,2845
20260904T230211Z-0cd42739,179,black,23,v3,b4,b2b4,83.333,3.375921,80.457079,,,,
20260904T230211Z-0cd42739,179,black,24,Storm v4,a5,a7a5,80.588,2.024917,79.06308299999999,18,2258719,232,2973
20260904T230211Z-0cd42739,179,black,25,v3,bxa5,b4a5,80.457,2.298066,78.65893399999999,,,,
20260904T230211Z-0cd42739,179,black,26,Storm v4,Bh6,f8h6,79.063,8.472344,71.090656,17,8661986,245,8292
20260904T230211Z-0cd42739,179,black,27,v3,Bxa1,h8a1,78.659,2.592447,76.566553,,,,
20260904T230211Z-0cd42739,179,black,28,Storm v4,Rxa5,a8a5,71.09,13.948264,57.641736,16,14112768,304,7562
20260904T230211Z-0cd42739,179,black,29,v3,Bc3,a1c3,76.567,4.068702,72.99829799999999,,,,
20260904T230211Z-0cd42739,179,black,30,Storm v4,Rxa2,a5a2,57.642,5.856789,52.285211000000004,18,5807028,481,5296
20260904T230211Z-0cd42739,179,black,31,v3,e3,e2e3,72.998,3.6771439999999997,69.820856,,,,
20260904T230211Z-0cd42739,179,black,32,Storm v4,Bxe3,h6e3,52.285,10.906556,41.878444,17,11204608,481,2200
20260904T230211Z-0cd42739,179,black,33,v3,Bd3,f1d3,69.821,2.9585100000000004,67.36249000000001,,,,
20260904T230211Z-0cd42739,179,black,34,Storm v4,f4,f5f4,41.879,1.901643,40.477357000000005,18,1993955,584,1871
20260904T230211Z-0cd42739,179,black,35,v3,h3,h2h3,67.362,3.511888,64.350112,,,,
20260904T230211Z-0cd42739,179,black,36,Storm v4,Bb3+,e6b3,40.477,2.204574,38.772426,17,2258044,619,1821
20260904T230211Z-0cd42739,179,black,37,v3,Ke1,d1e1,64.35,2.6214,62.2286,,,,
20260904T230211Z-0cd42739,179,black,38,Storm v4,Bd5,b3d5,38.772,6.550486,32.721514,18,6748189,723,4141
20260904T230211Z-0cd42739,179,black,39,v3,Rf1,h1f1,62.229,2.1749050000000003,60.554095000000004,,,,
20260904T230211Z-0cd42739,179,black,40,Storm v4,Ra3,a2a3,32.722,1.327346,31.894654,18,1423702,735,1632
20260904T230211Z-0cd42739,179,black,41,v3,Ke2,e1e2,60.554,2.401625,58.652375,,,,
20260904T230211Z-0cd42739,179,black,42,Storm v4,Bxg2,d5g2,31.894,1.734634,30.659366000000002,17,1642447,752,1582
20260904T230211Z-0cd42739,179,black,43,v3,Ra1,f1a1,58.652,3.427586,55.724413999999996,,,,
20260904T230211Z-0cd42739,179,black,44,Storm v4,Rxc3,a3c3,30.66,3.2852449999999997,27.874755,16,3180987,818,3024
20260904T230211Z-0cd42739,179,black,45,v3,h4,h3h4,55.725,2.804491,53.420508999999996,,,,
20260904T230211Z-0cd42739,179,black,46,Storm v4,Bd4,e3d4,27.874,1.118295,27.255705000000003,15,1050412,823,1497
20260904T230211Z-0cd42739,179,black,47,v3,Ra8+,a1a8,53.42,2.5448180000000002,51.375182,,,,
20260904T230211Z-0cd42739,179,black,48,Storm v4,Kd7,e8d7,27.256,1.51593,26.24007,17,1425806,836,1672
20260904T230211Z-0cd42739,179,black,49,v3,Kd2,e2d2,51.375,2.8309119999999997,49.044088,,,,
20260904T230211Z-0cd42739,179,black,50,Storm v4,f3,f4f3,26.24,0.9803310000000001,25.759669000000002,16,955612,840,1473
20260904T230211Z-0cd42739,179,black,51,v3,h5,h4h5,49.044,2.560514,46.983486,,,,
20260904T230211Z-0cd42739,179,black,52,Storm v4,f2,f3f2,25.76,2.6106260000000003,23.649373999999998,16,2652559,883,1527
20260904T230211Z-0cd42739,179,black,53,v3,Rf8,a8f8,46.984,2.519428,44.964572,,,,
20260904T230211Z-0cd42739,179,black,54,Storm v4,Ke7,d7e7,23.649,1.206519,22.942481,15,1116143,883,1389
20260904T230211Z-0cd42739,179,black,55,v3,Rxf2,f8f2,44.964,1.342578,44.121421999999995,,,,
20260904T230211Z-0cd42739,179,black,56,Storm v4,Rxd3+,c3d3,22.943,2.5161100000000003,20.92689,20,3193396,1117,2970
20260904T230211Z-0cd42739,179,black,57,v3,Kxd3,d2d3,44.122,2.333535,42.288464999999995,,,,
20260904T230211Z-0cd42739,179,black,58,Storm v4,Bxf2,d4f2,20.926,2.834092,18.591908,20,3743884,1256,3369
20260904T230211Z-0cd42739,179,black,59,v3,Kc3,d3c3,42.288,1.7766469999999999,41.011353,,,,
20260904T230211Z-0cd42739,179,black,60,Storm v4,b5,b7b5,18.592,4.053869,15.038131,18,5373931,1570,4922
20260904T230211Z-0cd42739,179,black,61,v3,Kd3,c3d3,41.011,2.197886,39.313114,,,,
20260904T230211Z-0cd42739,179,black,62,Storm v4,b4,b5b4,15.038,6.18233,9.35567,17,5832704,1597,2495
20260904T230211Z-0cd42739,179,black,63,v3,Kc4,d3c4,39.313,1.615096,38.197904,,,,
20260904T230211Z-0cd42739,179,black,64,Storm v4,Bc5,f2c5,9.356,0.014349,9.841651,6,16191,31957,2050
20260904T230211Z-0cd42739,179,black,65,v3,h6,h5h6,38.198,1.380468,37.317532,,,,
20260904T230211Z-0cd42739,179,black,66,Storm v4,Be4,g2e4,9.842,0.15996000000000002,10.18204,12,151224,31963,3110
20260904T230211Z-0cd42739,179,black,67,v3,Kb3,c4b3,37.318,1.533934,36.284065999999996,,,,
20260904T230211Z-0cd42739,179,black,68,Storm v4,Bd5+,e4d5,10.182,0.001552,10.680448,1,45,31965,1372
20260904T230211Z-0cd42739,179,black,69,v3,Kc2,b3c2,36.284,0.7274769999999999,36.056523,,,,
20260904T230211Z-0cd42739,179,black,70,Storm v4,b3+,b4b3,10.68,0.27460399999999996,10.905396000000001,12,257017,31983,3323
20260904T230211Z-0cd42739,179,black,71,v3,Kc3,c2c3,36.056,1.576067,34.979932999999996,,,,
20260904T230211Z-0cd42739,179,black,72,Storm v4,Ba3,c5a3,10.905,0.001643,11.403357,1,68,31985,1450
20260904T230211Z-0cd42739,179,black,73,v3,Kd4,c3d4,34.98,1.3143889999999998,34.165611,,,,
20260904T230211Z-0cd42739,179,black,74,Storm v4,b2,b3b2,11.404,0.021117999999999998,11.882882,8,22119,31989,2408
20260904T230211Z-0cd42739,179,black,75,v3,Ke3,d4e3,34.166,1.1031220000000002,33.562878,,,,
20260904T230211Z-0cd42739,179,black,76,Storm v4,Bc5+,a3c5,11.882,0.001631,12.380369,1,50,31991,1557
20260904T230211Z-0cd42739,179,black,77,v3,Kf4,e3f4,33.563,1.077518,32.985482000000005,,,,
20260904T230211Z-0cd42739,179,black,78,Storm v4,b1=Q,b2b1q,12.381,0.001751,12.879249,1,59,31993,1611
20260904T230211Z-0cd42739,179,black,79,v3,Kg5,f4g5,32.985,0.198513,33.286487,,,,
20260904T230211Z-0cd42739,179,black,80,Storm v4,Qg1+,b1g1,12.879,0.005128,13.373871999999999,3,3747,31995,2800
20260904T230211Z-0cd42739,179,black,81,v3,Kh5,g5h5,33.286,0.00495,33.78105,,,,
20260904T230211Z-0cd42739,179,black,82,Storm v4,Bf3+,d5f3,13.374,0.002334,13.871666,2,267,31997,2623
20260904T230211Z-0cd42739,179,black,83,v3,Kh4,h5h4,33.781,0.001125,34.279875,,,,
20260904T230211Z-0cd42739,179,black,84,Storm v4,Qg4#,g1g4,13.871,0.002048,14.368952,1,80,31999,1500
